category,relative_path,bytes,sha256,source_path
release_metadata,.gitignore,161,90c3d7860b6b9361a314f73b69d81440411280d823d0411ac6807e68f1633885,generated
release_metadata,CITATION.cff,1019,a01f8e146205299610f5e7bda4bc89472bd79a3fd86664f63e74fec14ca5fe49,generated
release_metadata,CODE_AVAILABILITY.md,503,21b0b23331309ae7a436a908cfcf61f063dd23035a79e7b87ce3446b61da4fa1,generated
release_metadata,CURRENT_SUBMISSION_TARGET.md,774,20eee3a24e7cba6b112f1cd4edc98b50f4d5e5e187e9a73c72cc7e0fe1e01ed5,generated
release_metadata,DATA_AVAILABILITY.md,672,efa3f88614583a245419dca8e8e88b2472a9cff64a2977a9d9bfb4e76854afcd,generated
release_metadata,LICENSE,1104,2359a8bfe7a15585fccee66e62fd26f3dba953d1b8c1fe78ebce900af4130479,generated
release_metadata,MANUSCRIPT_AVAILABILITY_UPDATE_SNIPPET.md,891,b50a71da7c2384c136074808c749b1efcfe30967b3dcd94a2e6fbb8f3ebefde5,generated
release_metadata,README.md,3263,a937a98f98d8f9eb737aa4302899d8344aac18ac93823a41ffabdbed3b3111f8,generated
release_metadata,ZENODO_METADATA.md,1642,75d9cb4d4fff2895eba6900cce7c810b5710347d2ba40b0405ce227252587d7b,generated
figure_generation,figure_generation/fig4_harmonization_risk_matrix/intermediate_tables/fig4_harmonization_matrix_input.tsv,6294,333439a35fd26bf9384c28fad275e1f6c98bb1d6b9daf6b2d5f445d6969a82af,/mnt/e/Reserch/Older women/figure_redraw/fig4_harmonization_risk_matrix/intermediate_tables/fig4_harmonization_matrix_input.tsv
figure_generation,figure_generation/fig4_harmonization_risk_matrix/outputs/fig4/17A62584.png,8444,f655f025063cd247c4aaea0955b7504cb6a8da4dc57012ff4466407387f53431,/mnt/e/Reserch/Older women/figure_redraw/fig4_harmonization_risk_matrix/outputs/fig4/17A62584.png
figure_generation,figure_generation/fig4_harmonization_risk_matrix/outputs/fig4/17A62587.png,8508,35d3ffa245630a25e83c27013fa305c845f4074162443cafee242ec37761fefc,/mnt/e/Reserch/Older women/figure_redraw/fig4_harmonization_risk_matrix/outputs/fig4/17A62587.png
figure_generation,figure_generation/fig4_harmonization_risk_matrix/outputs/fig4/fig4_harmonization_risk_matrix.pdf,50920,06555920049754c671fa156188d90e805f46917aa72e5605133f58a5318fb43f,/mnt/e/Reserch/Older women/figure_redraw/fig4_harmonization_risk_matrix/outputs/fig4/fig4_harmonization_risk_matrix.pdf
figure_generation,figure_generation/fig4_harmonization_risk_matrix/outputs/fig4/fig4_harmonization_risk_matrix.png,282317,777d6ddf80eff904c33361fcfa7049502575297f0508fed46d3027668621053d,/mnt/e/Reserch/Older women/figure_redraw/fig4_harmonization_risk_matrix/outputs/fig4/fig4_harmonization_risk_matrix.png
figure_generation,figure_generation/fig4_harmonization_risk_matrix/outputs/fig4/fig4_harmonization_risk_matrix.svg,3363151,0b957be3996d91f09c53c603b08d17f0c085d493d287510937191d6974f605e1,/mnt/e/Reserch/Older women/figure_redraw/fig4_harmonization_risk_matrix/outputs/fig4/fig4_harmonization_risk_matrix.svg
figure_generation,figure_generation/fig4_harmonization_risk_matrix/panel_final_selection.md,218,de76cf31aa70a4acc36f8977908eca8b2ee1ef64a466f224fdd3205c08d0cdb1,/mnt/e/Reserch/Older women/figure_redraw/fig4_harmonization_risk_matrix/panel_final_selection.md
figure_generation,figure_generation/fig4_harmonization_risk_matrix/panel_inventory.tsv,1018,97fff8989f500ea8b63eb2d5bcc5b49c7dba84305f9cbc0d6bf70ae7c37357de,/mnt/e/Reserch/Older women/figure_redraw/fig4_harmonization_risk_matrix/panel_inventory.tsv
figure_generation,figure_generation/fig4_harmonization_risk_matrix/panel_render_variants.tsv,379,2727de72923b062bf0b049c5bf79f97936b5405ac60ca7f137f69bb28deb1453,/mnt/e/Reserch/Older women/figure_redraw/fig4_harmonization_risk_matrix/panel_render_variants.tsv
figure_generation,figure_generation/fig4_harmonization_risk_matrix/panel_template_candidates.tsv,937,c5d29de76acdfdc2c6faff4818aff2955ee182695d590495ad1f758117483c07,/mnt/e/Reserch/Older women/figure_redraw/fig4_harmonization_risk_matrix/panel_template_candidates.tsv
figure_generation,figure_generation/fig4_harmonization_risk_matrix/panel_variant_gallery.md,274,317ed7335557de3895dcf8d7e7261818ce54d9c9ec334bba912603770004e936,/mnt/e/Reserch/Older women/figure_redraw/fig4_harmonization_risk_matrix/panel_variant_gallery.md
figure_generation,figure_generation/fig4_harmonization_risk_matrix/panel_visual_mapping.md,1099,62d4fb63da8bdef029da2ce811c6b0f016fdf67f68685d086c888f6a9085ca4a,/mnt/e/Reserch/Older women/figure_redraw/fig4_harmonization_risk_matrix/panel_visual_mapping.md
figure_generation,figure_generation/fig4_harmonization_risk_matrix/persist_source_code_first_validation.md,290,9e8719dde16e72d23d4565405339842eb44006ede7214e05364a5f81748c87a7,/mnt/e/Reserch/Older women/figure_redraw/fig4_harmonization_risk_matrix/persist_source_code_first_validation.md
figure_generation,figure_generation/fig4_harmonization_risk_matrix/project_palette_recommendation.md,395,4dda9f48be8e4cdda993dbe9ce99ca121163a971a5a7f1f044eaad11921821d7,/mnt/e/Reserch/Older women/figure_redraw/fig4_harmonization_risk_matrix/project_palette_recommendation.md
figure_generation,figure_generation/fig4_harmonization_risk_matrix/redraw_log.md,172,c8e3d85a37d0d6d67c3ae13505c47292d28cbda9a06ff62d6191a776551fbd6e,/mnt/e/Reserch/Older women/figure_redraw/fig4_harmonization_risk_matrix/redraw_log.md
figure_generation,figure_generation/fig4_harmonization_risk_matrix/scripts/build_phase34_apply_table_fig4_upgrade.py,50451,cc51cf47580549cc5b63ab6b0a36a17c52d6b620401d5d6aafabfca462ba55fe,/mnt/e/Reserch/Older women/figure_redraw/fig4_harmonization_risk_matrix/scripts/build_phase34_apply_table_fig4_upgrade.py
figure_generation,figure_generation/fig4_harmonization_risk_matrix/visual_match_notes.md,400,0bffd9810ef4c0ab49cc6bfc30073554de2f60e29fea63e9ea5b6503ac21cae9,/mnt/e/Reserch/Older women/figure_redraw/fig4_harmonization_risk_matrix/visual_match_notes.md
figure_generation,figure_generation/final/1-re.pdf,286232,cb67607050b7e5261b904a9abf6e5ef49236d7f0cc5c7b3ad815bd0a530a7238,/mnt/e/Reserch/Older women/figure_redraw/final/1-re.pdf
figure_generation,figure_generation/final/1.pdf,211213,6edaecd3041f49a4f7959a9dbd310bc11cbdda65d4fbdab053e7c5dcddb972a6,/mnt/e/Reserch/Older women/figure_redraw/final/1.pdf
figure_generation,figure_generation/final/2-re.pdf,1057583,5ec4b5c615225e615e2f60bb06a8228e1e6836345b688748b32dd66c8e780c92,/mnt/e/Reserch/Older women/figure_redraw/final/2-re.pdf
figure_generation,figure_generation/final/2.pdf,792504,b99bce4af0dd4d99871c42ce4891edb986c3a925bdeec10136a35404b68596b2,/mnt/e/Reserch/Older women/figure_redraw/final/2.pdf
figure_generation,figure_generation/final/3-re.pdf,208689,faed63c44fb8fca867090cfc9333acaf6dd9e689e5009d475d4c6d90b222eccd,/mnt/e/Reserch/Older women/figure_redraw/final/3-re.pdf
figure_generation,figure_generation/final/3.pdf,465191,0110a25a533ba1c58fb7ad64d8cfcfab934a0eb566edb25ee60d2bd3c0e822bb,/mnt/e/Reserch/Older women/figure_redraw/final/3.pdf
figure_generation,figure_generation/final/4.pdf,264633,13b9e30832d010984a320628fca5b8a12110968f8e8656026abfc0e94e755437,/mnt/e/Reserch/Older women/figure_redraw/final/4.pdf
figure_generation,figure_generation/final/4_whitefix.png,282317,777d6ddf80eff904c33361fcfa7049502575297f0508fed46d3027668621053d,/mnt/e/Reserch/Older women/figure_redraw/final/4_whitefix.png
figure_generation,figure_generation/final/4_whitefix.svg,3362492,13b37684233059186ead42fbd96449ed7bf7d0bfd8071550c9542683dd0e4a5a,/mnt/e/Reserch/Older women/figure_redraw/final/4_whitefix.svg
figure_generation,figure_generation/final/BC48162C.png,8444,f655f025063cd247c4aaea0955b7504cb6a8da4dc57012ff4466407387f53431,/mnt/e/Reserch/Older women/figure_redraw/final/BC48162C.png
figure_generation,figure_generation/final/S1_whitefix.svg,28207,943a9229fb1d7916717f6f55f8a8c48d0b0fd14cdf7b56648256b85363c41a7c,/mnt/e/Reserch/Older women/figure_redraw/final/S1_whitefix.svg
figure_generation,figure_generation/final/S2.pdf,211104,4e7a4bc5f5a0535cbcb19bf028415fb8785c529108ac9b94e65a765b26dd5e20,/mnt/e/Reserch/Older women/figure_redraw/final/S2.pdf
figure_generation,figure_generation/final/S2.png,152465,9babcaed2e6430a81949bb705b8ecd8400507ded102de8e06e08ed65e9c563ec,/mnt/e/Reserch/Older women/figure_redraw/final/S2.png
figure_generation,figure_generation/final/S2_whitefix.svg,60903,1bd93726ebb761b1d5528d2df843e25de48d427efcc0351d8cea7a5ba62da674,/mnt/e/Reserch/Older women/figure_redraw/final/S2_whitefix.svg
figure_generation,figure_generation/final/S3.pdf,36157,beeeb4e7e9eb7caeac4fef6db634b811b3992667c72bd387c59bec15371a4d76,/mnt/e/Reserch/Older women/figure_redraw/final/S3.pdf
figure_generation,figure_generation/final/S3.png,197755,c8631b091d5573aca9972a690bc74f7eb216db4fd3d36cb79430777ca5a53136,/mnt/e/Reserch/Older women/figure_redraw/final/S3.png
figure_generation,figure_generation/final/S3_whitefix.svg,88039,09c19cd84152e3d5fbf4461ce5b4d7e266592682aeb5b19f045b598c147562b1,/mnt/e/Reserch/Older women/figure_redraw/final/S3_whitefix.svg
figure_generation,figure_generation/final/S4.pdf,1956590,315ac808f7c517dcdc806d38ce77d3482dfec08763e33c5c0d446010f8e151ea,/mnt/e/Reserch/Older women/figure_redraw/final/S4.pdf
figure_generation,figure_generation/final/S4.png,341896,72a77db68dc68dfc6daec7f44da5167b53bda84564327409ebfce934fb9290da,/mnt/e/Reserch/Older women/figure_redraw/final/S4.png
figure_generation,figure_generation/final/S5.pdf,167704,ddd25c93fcd4bd5bd5e851bae101a40c431a30a8432abe4862e7a62fa2d89ce8,/mnt/e/Reserch/Older women/figure_redraw/final/S5.pdf
figure_generation,figure_generation/final/S5.png,130408,c69f2bd96f62c7c85f6d2b44e50b91c8e0de8aee54cabd408000eda3426516b2,/mnt/e/Reserch/Older women/figure_redraw/final/S5.png
figure_generation,figure_generation/final_svg_for_manual_edit_20260607/2AF079B9.png,1804,513bc272df9cfd7b2d727e3a4b7d7423e71342f4231dbd608633a752efef8c7c,/mnt/e/Reserch/Older women/figure_redraw/final_svg_for_manual_edit_20260607/2AF079B9.png
figure_generation,figure_generation/final_svg_for_manual_edit_20260607/2AF079BB.png,1804,513bc272df9cfd7b2d727e3a4b7d7423e71342f4231dbd608633a752efef8c7c,/mnt/e/Reserch/Older women/figure_redraw/final_svg_for_manual_edit_20260607/2AF079BB.png
figure_generation,figure_generation/final_svg_for_manual_edit_20260607/2AF079BF.png,4713,17f688d4803d3d6f01bc30dcae53a895bda6c6b2109c230540c488232fb70c61,/mnt/e/Reserch/Older women/figure_redraw/final_svg_for_manual_edit_20260607/2AF079BF.png
figure_generation,figure_generation/final_svg_for_manual_edit_20260607/70E22572.png,1830,d75cb1d991dc0facc2d812c1057ba09ec9a5f89bc93471a53beec993ec66b937,/mnt/e/Reserch/Older women/figure_redraw/final_svg_for_manual_edit_20260607/70E22572.png
figure_generation,figure_generation/final_svg_for_manual_edit_20260607/S2.svg,3377401,5ad38786ad84cdc4dfb36d5a8058c407297508ed540813b965037a52ae749769,/mnt/e/Reserch/Older women/figure_redraw/final_svg_for_manual_edit_20260607/S2.svg
figure_generation,figure_generation/final_svg_for_manual_edit_20260607/S3.svg,1755858,32c32b9cf4462511820efd920f03c45370e64feaafebeb3ddad525193748c3c9,/mnt/e/Reserch/Older women/figure_redraw/final_svg_for_manual_edit_20260607/S3.svg
figure_generation,figure_generation/final_svg_for_manual_edit_20260607/S4.png,181435,8e0548e4071cf026c025ac6cf233f2e3dd257f5896ddbb7519ac79146b1f3e6d,/mnt/e/Reserch/Older women/figure_redraw/final_svg_for_manual_edit_20260607/S4.png
figure_generation,figure_generation/final_svg_for_manual_edit_20260607/S4.svg,3787672,21513a230ea65011a4f2a2891efe3dc21cb9fae16e1ab5a1ba7a5ae2ddc6de37,/mnt/e/Reserch/Older women/figure_redraw/final_svg_for_manual_edit_20260607/S4.svg
figure_generation,figure_generation/final_svg_for_manual_edit_20260607/S5.png,207866,5b779b0047bef462608066e94b6cc48802dcc5ec208fe1419103391911cd0dab,/mnt/e/Reserch/Older women/figure_redraw/final_svg_for_manual_edit_20260607/S5.png
figure_generation,figure_generation/final_svg_for_manual_edit_20260607/S5.svg,3400853,277e1e7ae4cdba2c342e2d3218f7e578fe4f28f761f02f3d767788db410f434c,/mnt/e/Reserch/Older women/figure_redraw/final_svg_for_manual_edit_20260607/S5.svg
figure_generation,figure_generation/phase48_fig1_3_sankey_lollipop_forest/figure_layout_spec.tsv,825,a0337cd55148abd0742a64f51f378ca793846a5e03dd96d334a9786a71260d3e,/mnt/e/Reserch/Older women/figure_redraw/phase48_fig1_3_sankey_lollipop_forest/figure_layout_spec.tsv
figure_generation,figure_generation/phase48_fig1_3_sankey_lollipop_forest/figure_output_spec.md,343,ce807a789f989c5d9732524af972029860777b8f9bac91c4c2b08c5896077c32,/mnt/e/Reserch/Older women/figure_redraw/phase48_fig1_3_sankey_lollipop_forest/figure_output_spec.md
figure_generation,figure_generation/phase48_fig1_3_sankey_lollipop_forest/figure_quality_review.md,896,a43704ec3ab723c4d8638c1c77d7e616c1827dd3b8585171cd30006abd0ade80,/mnt/e/Reserch/Older women/figure_redraw/phase48_fig1_3_sankey_lollipop_forest/figure_quality_review.md
figure_generation,figure_generation/phase48_fig1_3_sankey_lollipop_forest/intermediate_tables/fig1_sankey_alluvial_input_mapped.tsv,468,462b3305fc1c67a7bc9a6046018b67ede1b38bec24918c0b26bace02a779f2c0,/mnt/e/Reserch/Older women/figure_redraw/phase48_fig1_3_sankey_lollipop_forest/intermediate_tables/fig1_sankey_alluvial_input_mapped.tsv
figure_generation,figure_generation/phase48_fig1_3_sankey_lollipop_forest/intermediate_tables/fig2_algorithm_robustness_input_mapped.tsv,6894,3f06a7f33f11863b1c929241c943a86cd79512968c17074c0b24fa0ebe8e9a3b,/mnt/e/Reserch/Older women/figure_redraw/phase48_fig1_3_sankey_lollipop_forest/intermediate_tables/fig2_algorithm_robustness_input_mapped.tsv
figure_generation,figure_generation/phase48_fig1_3_sankey_lollipop_forest/intermediate_tables/fig2_bootstrap_replicates_input_mapped.tsv,21483,8aefc9c51e51753d933d6e87e8c6dd7ac0500f8ed919c84d3c3fbde3d97184e1,/mnt/e/Reserch/Older women/figure_redraw/phase48_fig1_3_sankey_lollipop_forest/intermediate_tables/fig2_bootstrap_replicates_input_mapped.tsv
figure_generation,figure_generation/phase48_fig1_3_sankey_lollipop_forest/intermediate_tables/fig2_stability_summary_input_mapped.tsv,1551,0a8f12b14535b13ac9b98f26740ab5b971dc4aba58956b546e65a6436ef24270,/mnt/e/Reserch/Older women/figure_redraw/phase48_fig1_3_sankey_lollipop_forest/intermediate_tables/fig2_stability_summary_input_mapped.tsv
figure_generation,figure_generation/phase48_fig1_3_sankey_lollipop_forest/intermediate_tables/fig3_lfo_forest_scatter_input_mapped.tsv,2545,4fe8de9bcc9bd3706c69da11529acab7e3961ce73b629053687cbf4f3ab31768,/mnt/e/Reserch/Older women/figure_redraw/phase48_fig1_3_sankey_lollipop_forest/intermediate_tables/fig3_lfo_forest_scatter_input_mapped.tsv
figure_generation,figure_generation/phase48_fig1_3_sankey_lollipop_forest/outputs/figure1_sankey_alluvial_phase48.pdf,49730,fb3ae2aa19393e602497d2e29e3da17d7fae44b5e416b833485b161aedcc08d8,/mnt/e/Reserch/Older women/figure_redraw/phase48_fig1_3_sankey_lollipop_forest/outputs/figure1_sankey_alluvial_phase48.pdf
figure_generation,figure_generation/phase48_fig1_3_sankey_lollipop_forest/outputs/figure1_sankey_alluvial_phase48.png,98968,50ee063f0e9412ab5aed6420087d0e8833ba362ec96949533a6817515b2f5ef8,/mnt/e/Reserch/Older women/figure_redraw/phase48_fig1_3_sankey_lollipop_forest/outputs/figure1_sankey_alluvial_phase48.png
figure_generation,figure_generation/phase48_fig1_3_sankey_lollipop_forest/outputs/figure1_sankey_alluvial_phase48.svg,16916,1c8028b80a35a41118c0f26f7214223e708bdac949c30f7505995bcfc462f320,/mnt/e/Reserch/Older women/figure_redraw/phase48_fig1_3_sankey_lollipop_forest/outputs/figure1_sankey_alluvial_phase48.svg
figure_generation,figure_generation/phase48_fig1_3_sankey_lollipop_forest/outputs/figure2_lollipop_matrix_phase48.pdf,70975,51389179abc092734646b602ff05fb5d3962361a3a459e5fc04dee1ca85b87de,/mnt/e/Reserch/Older women/figure_redraw/phase48_fig1_3_sankey_lollipop_forest/outputs/figure2_lollipop_matrix_phase48.pdf
figure_generation,figure_generation/phase48_fig1_3_sankey_lollipop_forest/outputs/figure2_lollipop_matrix_phase48.png,190642,ae107e939c22260d733defe3d2b9117c414df7093e23c5f911a36a4f5a868e24,/mnt/e/Reserch/Older women/figure_redraw/phase48_fig1_3_sankey_lollipop_forest/outputs/figure2_lollipop_matrix_phase48.png
figure_generation,figure_generation/phase48_fig1_3_sankey_lollipop_forest/outputs/figure2_lollipop_matrix_phase48.svg,167496,6d2e29535763f8062cb9fd25625039c6ea0580f74458bde53bcb1cd7ef71de37,/mnt/e/Reserch/Older women/figure_redraw/phase48_fig1_3_sankey_lollipop_forest/outputs/figure2_lollipop_matrix_phase48.svg
figure_generation,figure_generation/phase48_fig1_3_sankey_lollipop_forest/outputs/figure3_forest_scatter_ellipse_phase48.pdf,46740,eb70eed332200e4a991c271378e170250a1e085ef61ff5149c28bad66748769f,/mnt/e/Reserch/Older women/figure_redraw/phase48_fig1_3_sankey_lollipop_forest/outputs/figure3_forest_scatter_ellipse_phase48.pdf
figure_generation,figure_generation/phase48_fig1_3_sankey_lollipop_forest/outputs/figure3_forest_scatter_ellipse_phase48.png,134510,644f11e0b155fae8d6ab7d51d858fffd59875fcbbe46058731fe097bb14b8bbf,/mnt/e/Reserch/Older women/figure_redraw/phase48_fig1_3_sankey_lollipop_forest/outputs/figure3_forest_scatter_ellipse_phase48.png
figure_generation,figure_generation/phase48_fig1_3_sankey_lollipop_forest/outputs/figure3_forest_scatter_ellipse_phase48.svg,29853,f71f79ae46d81525b19e3e20d088b21577312c0c6a8fcae916aaa17b242bf745,/mnt/e/Reserch/Older women/figure_redraw/phase48_fig1_3_sankey_lollipop_forest/outputs/figure3_forest_scatter_ellipse_phase48.svg
figure_generation,figure_generation/phase48_fig1_3_sankey_lollipop_forest/panel_final_selection.md,1335,13dd4337a6adf96e1206ab4f9db3038a7f53c5902bcc14b0497682a6f0193e75,/mnt/e/Reserch/Older women/figure_redraw/phase48_fig1_3_sankey_lollipop_forest/panel_final_selection.md
figure_generation,figure_generation/phase48_fig1_3_sankey_lollipop_forest/panel_inventory.tsv,2951,2f32e068ca0a3c2e043510fe63aeb56c3df398449dc73e1d02fd7e04f01f223b,/mnt/e/Reserch/Older women/figure_redraw/phase48_fig1_3_sankey_lollipop_forest/panel_inventory.tsv
figure_generation,figure_generation/phase48_fig1_3_sankey_lollipop_forest/panel_render_variants.tsv,2239,862c99366a02dcc7016552a2acea2d6998fd929c2167716df430f516fbf3101a,/mnt/e/Reserch/Older women/figure_redraw/phase48_fig1_3_sankey_lollipop_forest/panel_render_variants.tsv
figure_generation,figure_generation/phase48_fig1_3_sankey_lollipop_forest/panel_template_candidates.tsv,7398,bf6452c35573082c3d15dd98351d32affaa34241802f60302f50d8693e4114b2,/mnt/e/Reserch/Older women/figure_redraw/phase48_fig1_3_sankey_lollipop_forest/panel_template_candidates.tsv
figure_generation,figure_generation/phase48_fig1_3_sankey_lollipop_forest/panel_template_selection.md,929,016263bb080baf1f5d729864bde9ef2b75c7918942efaf9d1db2e8b8f51c84cd,/mnt/e/Reserch/Older women/figure_redraw/phase48_fig1_3_sankey_lollipop_forest/panel_template_selection.md
figure_generation,figure_generation/phase48_fig1_3_sankey_lollipop_forest/panel_variant_gallery.md,520,50481888c6481690e8a26bc49274a275cd974ebe06827e7a249d92125063a1a4,/mnt/e/Reserch/Older women/figure_redraw/phase48_fig1_3_sankey_lollipop_forest/panel_variant_gallery.md
figure_generation,figure_generation/phase48_fig1_3_sankey_lollipop_forest/panel_visual_mapping.md,4183,a9efaac72f15b62ce94a52e69451f4446c293c102a5df827c088064f053a009d,/mnt/e/Reserch/Older women/figure_redraw/phase48_fig1_3_sankey_lollipop_forest/panel_visual_mapping.md
figure_generation,figure_generation/phase48_fig1_3_sankey_lollipop_forest/persist_source_code_first_validation.md,168,2f78e18427ab26bca92729d61b9c85d88fcd40337806e6c4be7a5fd5a30b8960,/mnt/e/Reserch/Older women/figure_redraw/phase48_fig1_3_sankey_lollipop_forest/persist_source_code_first_validation.md
figure_generation,figure_generation/phase48_fig1_3_sankey_lollipop_forest/project_palette_recommendation.md,348,a0d529a4c412259046fdca59146bd71608ceb1bf9d82e8d0db6e4eeb8c78ad5f,/mnt/e/Reserch/Older women/figure_redraw/phase48_fig1_3_sankey_lollipop_forest/project_palette_recommendation.md
figure_generation,figure_generation/phase48_fig1_3_sankey_lollipop_forest/redraw_log.md,689,4e2df5d17a6c3ae58038653cfc6cbbc11830bb89f5a114dca645de1f4255c3f5,/mnt/e/Reserch/Older women/figure_redraw/phase48_fig1_3_sankey_lollipop_forest/redraw_log.md
figure_generation,figure_generation/phase48_fig1_3_sankey_lollipop_forest/scripts/render_phase48_fig1_3.py,49983,20808b3fcf432549c65075e0381b95cae5d1482f41031f30896a8218a3cc8ce7,/mnt/e/Reserch/Older women/figure_redraw/phase48_fig1_3_sankey_lollipop_forest/scripts/render_phase48_fig1_3.py
figure_generation,figure_generation/phase48_fig1_3_sankey_lollipop_forest/visual_match_notes.md,1043,b407b2326b3581e0e1b41d0cfd72b747118b59ea98c6c2acecf7835197956c34,/mnt/e/Reserch/Older women/figure_redraw/phase48_fig1_3_sankey_lollipop_forest/visual_match_notes.md
figure_generation,figure_generation/phase49_fig1_3_enhanced_visual_power/figure_layout_spec.tsv,1304,4dd6d9e651f307658ebeb7832c2a02e2179458c44777ce424a4cc565b752cc3e,/mnt/e/Reserch/Older women/figure_redraw/phase49_fig1_3_enhanced_visual_power/figure_layout_spec.tsv
figure_generation,figure_generation/phase49_fig1_3_enhanced_visual_power/figure_output_spec.md,293,e0d600616fd1ee3e07376ecbffab6208e39afa1e1bceabfb1839f90c0fcbb1a1,/mnt/e/Reserch/Older women/figure_redraw/phase49_fig1_3_enhanced_visual_power/figure_output_spec.md
figure_generation,figure_generation/phase49_fig1_3_enhanced_visual_power/figure_quality_review.md,1164,0d36d39933cf6c14eb010cd930a56d7c9fdcac86b4481d2670fa2a2db0b6d7ba,/mnt/e/Reserch/Older women/figure_redraw/phase49_fig1_3_enhanced_visual_power/figure_quality_review.md
figure_generation,figure_generation/phase49_fig1_3_enhanced_visual_power/intermediate_tables/fig1B_claim_boundary_lock_input_mapped.tsv,537,b8977aff294c6dd9af5c92906dc355f37be3e1966ecd121d252ab0f5f149387f,/mnt/e/Reserch/Older women/figure_redraw/phase49_fig1_3_enhanced_visual_power/intermediate_tables/fig1B_claim_boundary_lock_input_mapped.tsv
figure_generation,figure_generation/phase49_fig1_3_enhanced_visual_power/intermediate_tables/fig1B_tier_membership_matrix_input_mapped.tsv,145,11bc2470f0cc1cd7e42958980a77222302594397e7651456c036ab07ae052970,/mnt/e/Reserch/Older women/figure_redraw/phase49_fig1_3_enhanced_visual_power/intermediate_tables/fig1B_tier_membership_matrix_input_mapped.tsv
figure_generation,figure_generation/phase49_fig1_3_enhanced_visual_power/intermediate_tables/fig1_enhanced_alluvial_attrition_input_mapped.tsv,4071,e06081fd4e12e3f3eedf0bc92815b332889208e01413d6c6a308c774f1acda8b,/mnt/e/Reserch/Older women/figure_redraw/phase49_fig1_3_enhanced_visual_power/intermediate_tables/fig1_enhanced_alluvial_attrition_input_mapped.tsv
figure_generation,figure_generation/phase49_fig1_3_enhanced_visual_power/intermediate_tables/fig2A_raincloud_bootstrap_input_mapped.tsv,320764,83d255cd23c7337522c6924291c2464e2fe86f48cba2d7b10638fbda03359e63,/mnt/e/Reserch/Older women/figure_redraw/phase49_fig1_3_enhanced_visual_power/intermediate_tables/fig2A_raincloud_bootstrap_input_mapped.tsv
figure_generation,figure_generation/phase49_fig1_3_enhanced_visual_power/intermediate_tables/fig2B_complexheatmap_method_ari_input_mapped.tsv,691,589a621187311d273ac1e18556043512b28e7ad2b4245f610bfae5f71a28dde4,/mnt/e/Reserch/Older women/figure_redraw/phase49_fig1_3_enhanced_visual_power/intermediate_tables/fig2B_complexheatmap_method_ari_input_mapped.tsv
figure_generation,figure_generation/phase49_fig1_3_enhanced_visual_power/intermediate_tables/fig2C_radial_lollipop_condition_input_mapped.tsv,681,902ef5701b1ec0f2fd9252e01536b1f73a2e77dfcb154d5c1fa15ac889199b5f,/mnt/e/Reserch/Older women/figure_redraw/phase49_fig1_3_enhanced_visual_power/intermediate_tables/fig2C_radial_lollipop_condition_input_mapped.tsv
figure_generation,figure_generation/phase49_fig1_3_enhanced_visual_power/intermediate_tables/fig2D_HF147_ternary_evidence_balance_input_mapped.tsv,1327,292637b7ab1a9f8e16d6f3ec140c1019be6dc74cb57116949f0be76d289369df,/mnt/e/Reserch/Older women/figure_redraw/phase49_fig1_3_enhanced_visual_power/intermediate_tables/fig2D_HF147_ternary_evidence_balance_input_mapped.tsv
figure_generation,figure_generation/phase49_fig1_3_enhanced_visual_power/intermediate_tables/fig2D_stability_decision_quadrant_input_mapped.tsv,851,d0a5b0221aaa082fd40f7f99ef76d2e9e09f9bdaf9120971c9295ffecba45360,/mnt/e/Reserch/Older women/figure_redraw/phase49_fig1_3_enhanced_visual_power/intermediate_tables/fig2D_stability_decision_quadrant_input_mapped.tsv
figure_generation,figure_generation/phase49_fig1_3_enhanced_visual_power/intermediate_tables/fig3_enhanced_clinical_impact_input_mapped.tsv,2892,f3f0ca3038b61c77ee8edf910311a7adfa083722a3f63141dd368943ce569294,/mnt/e/Reserch/Older women/figure_redraw/phase49_fig1_3_enhanced_visual_power/intermediate_tables/fig3_enhanced_clinical_impact_input_mapped.tsv
figure_generation,figure_generation/phase49_fig1_3_enhanced_visual_power/outputs/3-re.pdf,208689,faed63c44fb8fca867090cfc9333acaf6dd9e689e5009d475d4c6d90b222eccd,/mnt/e/Reserch/Older women/figure_redraw/phase49_fig1_3_enhanced_visual_power/outputs/3-re.pdf
figure_generation,figure_generation/phase49_fig1_3_enhanced_visual_power/outputs/fig1.pdf,224497,59b556b2e9d44aa09e6051acf212bbcfe6301d04d98dc05223db200f541f1ce4,/mnt/e/Reserch/Older women/figure_redraw/phase49_fig1_3_enhanced_visual_power/outputs/fig1.pdf
figure_generation,figure_generation/phase49_fig1_3_enhanced_visual_power/outputs/fig1_submission_current.svg,74578,5f1ad349b7cbbc24072e45bc43c297bc8213afbf0e68d72594fe70e55fa29f1b,/mnt/e/Reserch/Older women/figure_redraw/phase49_fig1_3_enhanced_visual_power/outputs/fig1_submission_current.svg
figure_generation,figure_generation/phase49_fig1_3_enhanced_visual_power/outputs/fig2.pdf,360213,e442addfe29e9e1782abac71128f8bebf2cce0a7c8f74bc8e6df375c3a0db1af,/mnt/e/Reserch/Older women/figure_redraw/phase49_fig1_3_enhanced_visual_power/outputs/fig2.pdf
figure_generation,figure_generation/phase49_fig1_3_enhanced_visual_power/outputs/fig3.pdf,206280,446ad0d0eebaef0e136ac59a8492b9cc904d76760810a0db756bb26901578e8b,/mnt/e/Reserch/Older women/figure_redraw/phase49_fig1_3_enhanced_visual_power/outputs/fig3.pdf
figure_generation,figure_generation/phase49_fig1_3_enhanced_visual_power/outputs/figure1_enhanced_alluvial_attrition_phase49.pdf,64860,7903030318246fccd10decf818ad0df90fb170c494d6c310d2643f527ca9ec64,/mnt/e/Reserch/Older women/figure_redraw/phase49_fig1_3_enhanced_visual_power/outputs/figure1_enhanced_alluvial_attrition_phase49.pdf
figure_generation,figure_generation/phase49_fig1_3_enhanced_visual_power/outputs/figure1_enhanced_alluvial_attrition_phase49.png,269489,1dc9d105976e22cd289acdbc77f7507e0ac41dce4e406405687d9222741a92a3,/mnt/e/Reserch/Older women/figure_redraw/phase49_fig1_3_enhanced_visual_power/outputs/figure1_enhanced_alluvial_attrition_phase49.png
figure_generation,figure_generation/phase49_fig1_3_enhanced_visual_power/outputs/figure1_enhanced_alluvial_attrition_phase49.svg,74578,842ad409d10796e51e6f12b1f52f97bddd3d106c668159284121017fdfdf267a,/mnt/e/Reserch/Older women/figure_redraw/phase49_fig1_3_enhanced_visual_power/outputs/figure1_enhanced_alluvial_attrition_phase49.svg
figure_generation,figure_generation/phase49_fig1_3_enhanced_visual_power/outputs/figure1_enhanced_alluvial_tierheatmap_phase50.pdf,64860,7903030318246fccd10decf818ad0df90fb170c494d6c310d2643f527ca9ec64,/mnt/e/Reserch/Older women/figure_redraw/phase49_fig1_3_enhanced_visual_power/outputs/figure1_enhanced_alluvial_tierheatmap_phase50.pdf
figure_generation,figure_generation/phase49_fig1_3_enhanced_visual_power/outputs/figure1_enhanced_alluvial_tierheatmap_phase50.png,269489,1dc9d105976e22cd289acdbc77f7507e0ac41dce4e406405687d9222741a92a3,/mnt/e/Reserch/Older women/figure_redraw/phase49_fig1_3_enhanced_visual_power/outputs/figure1_enhanced_alluvial_tierheatmap_phase50.png
figure_generation,figure_generation/phase49_fig1_3_enhanced_visual_power/outputs/figure1_enhanced_alluvial_tierheatmap_phase50.svg,3436560,ba6cfd9863fe8c2e0fdfdeb36869590d42709a998193430ca0de4bca20d336bb,/mnt/e/Reserch/Older women/figure_redraw/phase49_fig1_3_enhanced_visual_power/outputs/figure1_enhanced_alluvial_tierheatmap_phase50.svg
figure_generation,figure_generation/phase49_fig1_3_enhanced_visual_power/outputs/figure1_enhanced_alluvial_upset_phase50.pdf,66965,2f06b4c0c68698ee869d0204ff8c93186b062ea0df0822815f832eca2cf5fea9,/mnt/e/Reserch/Older women/figure_redraw/phase49_fig1_3_enhanced_visual_power/outputs/figure1_enhanced_alluvial_upset_phase50.pdf
figure_generation,figure_generation/phase49_fig1_3_enhanced_visual_power/outputs/figure1_enhanced_alluvial_upset_phase50.png,274329,3fd83e3ef97e5fb2de0517e01297706108aa3436a9d36ee35ecf2ac650009304,/mnt/e/Reserch/Older women/figure_redraw/phase49_fig1_3_enhanced_visual_power/outputs/figure1_enhanced_alluvial_upset_phase50.png
figure_generation,figure_generation/phase49_fig1_3_enhanced_visual_power/outputs/figure1_enhanced_alluvial_upset_phase50.svg,69882,e47d0c25bdc7a445d33e3fd16c95bce19e6be7fac94a36e4628bc8d58e0b71f6,/mnt/e/Reserch/Older women/figure_redraw/phase49_fig1_3_enhanced_visual_power/outputs/figure1_enhanced_alluvial_upset_phase50.svg
figure_generation,figure_generation/phase49_fig1_3_enhanced_visual_power/outputs/figure2_enhanced_complexheatmap_radial_decision_phase49.pdf,87596,e13d2918e2cb19dc899db038a8ff62d2bb794f20a130ea9a2eb1c8d241af8b6b,/mnt/e/Reserch/Older women/figure_redraw/phase49_fig1_3_enhanced_visual_power/outputs/figure2_enhanced_complexheatmap_radial_decision_phase49.pdf
figure_generation,figure_generation/phase49_fig1_3_enhanced_visual_power/outputs/figure2_enhanced_complexheatmap_radial_decision_phase49.png,281043,7c501ff85b918e4ce8003df8c6cc58209a0143135268e25b24c90a14dda13c22,/mnt/e/Reserch/Older women/figure_redraw/phase49_fig1_3_enhanced_visual_power/outputs/figure2_enhanced_complexheatmap_radial_decision_phase49.png
figure_generation,figure_generation/phase49_fig1_3_enhanced_visual_power/outputs/figure2_enhanced_complexheatmap_radial_decision_phase49.svg,584710,bb2425f0fcf81de6e5b54389d0156d4b6dd17509984d590aa2bea4e257f1426a,/mnt/e/Reserch/Older women/figure_redraw/phase49_fig1_3_enhanced_visual_power/outputs/figure2_enhanced_complexheatmap_radial_decision_phase49.svg
figure_generation,figure_generation/phase49_fig1_3_enhanced_visual_power/outputs/figure2_enhanced_complexheatmap_radial_hf147_phase49.pdf,87596,e13d2918e2cb19dc899db038a8ff62d2bb794f20a130ea9a2eb1c8d241af8b6b,/mnt/e/Reserch/Older women/figure_redraw/phase49_fig1_3_enhanced_visual_power/outputs/figure2_enhanced_complexheatmap_radial_hf147_phase49.pdf
figure_generation,figure_generation/phase49_fig1_3_enhanced_visual_power/outputs/figure2_enhanced_complexheatmap_radial_hf147_phase49.png,281043,7c501ff85b918e4ce8003df8c6cc58209a0143135268e25b24c90a14dda13c22,/mnt/e/Reserch/Older women/figure_redraw/phase49_fig1_3_enhanced_visual_power/outputs/figure2_enhanced_complexheatmap_radial_hf147_phase49.png
figure_generation,figure_generation/phase49_fig1_3_enhanced_visual_power/outputs/figure2_enhanced_complexheatmap_radial_hf147_phase49.svg,618883,52505aed6bc295fd4b612b4e061efe63acab7935675ffb84d2e5aa6d6abce38d,/mnt/e/Reserch/Older women/figure_redraw/phase49_fig1_3_enhanced_visual_power/outputs/figure2_enhanced_complexheatmap_radial_hf147_phase49.svg
figure_generation,figure_generation/phase49_fig1_3_enhanced_visual_power/outputs/figure3_enhanced_clinical_forest_quadrant_phase49.pdf,47603,7349fa0984dc5452f85eb24eec8792a2f6d431947b3397e3d4dc55376d825533,/mnt/e/Reserch/Older women/figure_redraw/phase49_fig1_3_enhanced_visual_power/outputs/figure3_enhanced_clinical_forest_quadrant_phase49.pdf
figure_generation,figure_generation/phase49_fig1_3_enhanced_visual_power/outputs/figure3_enhanced_clinical_forest_quadrant_phase49.png,140689,ebcd0f40e1f70444c6a533a06ea3c7f1e15317ea43cbd3587470cc2f7228e9a3,/mnt/e/Reserch/Older women/figure_redraw/phase49_fig1_3_enhanced_visual_power/outputs/figure3_enhanced_clinical_forest_quadrant_phase49.png
figure_generation,figure_generation/phase49_fig1_3_enhanced_visual_power/outputs/figure3_enhanced_clinical_forest_quadrant_phase49.svg,30259,525d749a56f416441f3ca16ca62da4de08d594ffc883e4bc0ba6f144a3327bbf,/mnt/e/Reserch/Older women/figure_redraw/phase49_fig1_3_enhanced_visual_power/outputs/figure3_enhanced_clinical_forest_quadrant_phase49.svg
figure_generation,figure_generation/phase49_fig1_3_enhanced_visual_power/panel_final_selection.md,1570,0d35f3d3e45243624103b69792429567edc4579033ad5269f1bbb1e208151b30,/mnt/e/Reserch/Older women/figure_redraw/phase49_fig1_3_enhanced_visual_power/panel_final_selection.md
figure_generation,figure_generation/phase49_fig1_3_enhanced_visual_power/panel_render_variants.tsv,3480,4cb9cf3f20f0608cf454e05592baa5a3e80297908f5741a265b7e30f264708fa,/mnt/e/Reserch/Older women/figure_redraw/phase49_fig1_3_enhanced_visual_power/panel_render_variants.tsv
figure_generation,figure_generation/phase49_fig1_3_enhanced_visual_power/panel_template_candidates.tsv,4543,9691ea9e72ac2cf4c13581a8a6287bc49f7ef1fcd422e3491f75a72091ee9713,/mnt/e/Reserch/Older women/figure_redraw/phase49_fig1_3_enhanced_visual_power/panel_template_candidates.tsv
figure_generation,figure_generation/phase49_fig1_3_enhanced_visual_power/panel_template_selection.md,1107,1963f2daad18d65731302bc35c0b2ad3117de58ed25406b86abfc184533492a5,/mnt/e/Reserch/Older women/figure_redraw/phase49_fig1_3_enhanced_visual_power/panel_template_selection.md
figure_generation,figure_generation/phase49_fig1_3_enhanced_visual_power/panel_variant_gallery.md,471,1bb64ea52872c4c91795ae293c23bd0c88d7656d2b0c12fff45c52086fc20624,/mnt/e/Reserch/Older women/figure_redraw/phase49_fig1_3_enhanced_visual_power/panel_variant_gallery.md
figure_generation,figure_generation/phase49_fig1_3_enhanced_visual_power/panel_visual_mapping.md,6324,3474d9bd42284ca05679ef075976688197efc1e1f167bfb2c1c24c29665b6d60,/mnt/e/Reserch/Older women/figure_redraw/phase49_fig1_3_enhanced_visual_power/panel_visual_mapping.md
figure_generation,figure_generation/phase49_fig1_3_enhanced_visual_power/persist_source_code_first_validation.md,155,adff81694e3613d44946f63452d0525b56f16a90eb0184163bbd88694c686c11,/mnt/e/Reserch/Older women/figure_redraw/phase49_fig1_3_enhanced_visual_power/persist_source_code_first_validation.md
figure_generation,figure_generation/phase49_fig1_3_enhanced_visual_power/phase49_visual_reviewer_audit_after_optimization.md,2753,c33f13c5e8a8f6b740075b108bd417702598d40e8c05a4d7343f4b6dd46ecd1b,/mnt/e/Reserch/Older women/figure_redraw/phase49_fig1_3_enhanced_visual_power/phase49_visual_reviewer_audit_after_optimization.md
figure_generation,figure_generation/phase49_fig1_3_enhanced_visual_power/project_palette_recommendation.md,301,e2560ced20b6c46a44fde97d1ced996946e7b7834099eb82f78d9363b6fa10c7,/mnt/e/Reserch/Older women/figure_redraw/phase49_fig1_3_enhanced_visual_power/project_palette_recommendation.md
figure_generation,figure_generation/phase49_fig1_3_enhanced_visual_power/redraw_log.md,547,d07ce2ffc4fb944113587073e0f4dbbf2e27330a11d9622f9d693c2a88f67966,/mnt/e/Reserch/Older women/figure_redraw/phase49_fig1_3_enhanced_visual_power/redraw_log.md
figure_generation,figure_generation/phase49_fig1_3_enhanced_visual_power/scripts/render_phase49_fig1_fig3_enhanced.py,29592,259d3d95ec7ce799ec738a899f9cb434281d0334e1199dfc5b9f97abe496260b,/mnt/e/Reserch/Older women/figure_redraw/phase49_fig1_3_enhanced_visual_power/scripts/render_phase49_fig1_fig3_enhanced.py
figure_generation,figure_generation/phase49_fig1_3_enhanced_visual_power/scripts/render_phase49_fig2_complexheatmap_hf147.R,19367,b18e5553011834906749f940af4aae8b40c8c5b15b383e1719dbcb03a3698965,/mnt/e/Reserch/Older women/figure_redraw/phase49_fig1_3_enhanced_visual_power/scripts/render_phase49_fig2_complexheatmap_hf147.R
figure_generation,figure_generation/phase49_fig1_3_enhanced_visual_power/scripts/write_phase49_protocol_files.py,22451,d90c04486033cf63a0137a290f1c3b9699d74bbb4d6d06ba1ed231c13989a20e,/mnt/e/Reserch/Older women/figure_redraw/phase49_fig1_3_enhanced_visual_power/scripts/write_phase49_protocol_files.py
figure_generation,figure_generation/phase49_fig1_3_enhanced_visual_power/visual_match_notes.md,1344,e9bcb59308c1a301d5a360fe0faccdbc9c605651138cb37fea58a80b19957349,/mnt/e/Reserch/Older women/figure_redraw/phase49_fig1_3_enhanced_visual_power/visual_match_notes.md
additional_workbook,manuscript_submission_snapshot/additional_files/additional_file_1_harmonization_and_cohort_construction.xlsx,24070,39f7ae753c98a198f1a9713584e795cd6850ef3c06e90b18c44cc66f9e2aa0e5,/mnt/e/Reserch/Older women/manuscript/bmc_womens_health_submission_ready_20260608/additional_file_1_harmonization_and_cohort_construction.xlsx
additional_workbook,manuscript_submission_snapshot/additional_files/additional_file_2_profile_stability_and_descriptive_profiles.xlsx,142823,7ef11902a6b42c3eb5713fece48fb2f972dbda0532587bdfd1587eab4396caa5,/mnt/e/Reserch/Older women/manuscript/bmc_womens_health_submission_ready_20260608/additional_file_2_profile_stability_and_descriptive_profiles.xlsx
additional_workbook,manuscript_submission_snapshot/additional_files/additional_file_3_lfo_functional_change_associations.xlsx,22044,5ad1105dcacbcb67fe602f4c3798f30c5e615b722051e25f015771eb50ec16ab,/mnt/e/Reserch/Older women/manuscript/bmc_womens_health_submission_ready_20260608/additional_file_3_lfo_functional_change_associations.xlsx
additional_workbook,manuscript_submission_snapshot/additional_files/additional_file_4_secondary_endpoints_and_prediction_guardrails.xlsx,21315,749a02157b678257cec20b25c83e45170e6f0b700825808921192ca51f3e1994,/mnt/e/Reserch/Older women/manuscript/bmc_womens_health_submission_ready_20260608/additional_file_4_secondary_endpoints_and_prediction_guardrails.xlsx
additional_workbook,manuscript_submission_snapshot/additional_files/additional_file_5_survey_design_and_sex_comparator_audits.xlsx,86798,567a0443d1277540e6c2b4cfdb62ac08089fe226f7158542c8e00daaf05b3f09,/mnt/e/Reserch/Older women/manuscript/bmc_womens_health_submission_ready_20260608/additional_file_5_survey_design_and_sex_comparator_audits.xlsx
manuscript_snapshot,manuscript_submission_snapshot/bmc_womens_health_main.pdf,4158570,c1322883c002e823ec0945c14a65bda6f42790adf889a3885f16a179f0ab4352,/mnt/e/Reserch/Older women/manuscript/bmc_womens_health_submission_ready_20260608/bmc_womens_health_main.pdf
manuscript_snapshot,manuscript_submission_snapshot/bmc_womens_health_main.tex,42673,c9fd21a099d8548fd6f5f62ac6522394168006b594eb54c095a64bf1f8d0e184,/mnt/e/Reserch/Older women/manuscript/bmc_womens_health_submission_ready_20260608/bmc_womens_health_main.tex
manuscript_snapshot,manuscript_submission_snapshot/bmc_womens_health_refs.bib,12799,c54059bb3afb6493db192554194a7cc3e40446d5f367f177a722bf19e8a1e737,/mnt/e/Reserch/Older women/manuscript/bmc_womens_health_submission_ready_20260608/bmc_womens_health_refs.bib
manuscript_figure,manuscript_submission_snapshot/figures/figure1_cohort_flow_main.pdf,286232,cb67607050b7e5261b904a9abf6e5ef49236d7f0cc5c7b3ad815bd0a530a7238,/mnt/e/Reserch/Older women/manuscript/bmc_womens_health_submission_ready_20260608/figure1_cohort_flow_main.pdf
manuscript_figure,manuscript_submission_snapshot/figures/figure2_profile_stability_guardrails_main.pdf,1057583,5ec4b5c615225e615e2f60bb06a8228e1e6836345b688748b32dd66c8e780c92,/mnt/e/Reserch/Older women/manuscript/bmc_womens_health_submission_ready_20260608/figure2_profile_stability_guardrails_main.pdf
manuscript_figure,manuscript_submission_snapshot/figures/figure3_lfo_functional_change_main.pdf,208689,faed63c44fb8fca867090cfc9333acaf6dd9e689e5009d475d4c6d90b222eccd,/mnt/e/Reserch/Older women/manuscript/bmc_womens_health_submission_ready_20260608/figure3_lfo_functional_change_main.pdf
manuscript_figure,manuscript_submission_snapshot/figures/figure4_harmonization_risk_matrix_main.pdf,264633,13b9e30832d010984a320628fca5b8a12110968f8e8656026abfc0e94e755437,/mnt/e/Reserch/Older women/manuscript/bmc_womens_health_submission_ready_20260608/figure4_harmonization_risk_matrix_main.pdf
supplementary_figure,manuscript_submission_snapshot/figures/supplementary_figure_s1_workflow_schematic.pdf,1393611,a03d16acd6fa4f2459ee06859466b353028dc44929de6ac3de0b7ac082dbc387,/mnt/e/Reserch/Older women/manuscript/bmc_womens_health_submission_ready_20260608/supplementary_figure_s1_workflow_schematic.pdf
supplementary_figure,manuscript_submission_snapshot/figures/supplementary_figure_s2_cohort_denominator_validation_dashboard.pdf,207175,d5799eb7089269c856cc645f07e819dcb6f4f1fead7d45d780efe2078907e4f2,/mnt/e/Reserch/Older women/manuscript/bmc_womens_health_submission_ready_20260608/supplementary_figure_s2_cohort_denominator_validation_dashboard.pdf
supplementary_figure,manuscript_submission_snapshot/figures/supplementary_figure_s3_strict_core_profile_heatmap.pdf,242305,40e3211e9fc2b49f33303c1cf0e72666220a3e4c1af99b32e68e9d99ab6c37ab,/mnt/e/Reserch/Older women/manuscript/bmc_womens_health_submission_ready_20260608/supplementary_figure_s3_strict_core_profile_heatmap.pdf
supplementary_figure,manuscript_submission_snapshot/figures/supplementary_figure_s4_full_descriptive_profile_heatmap.pdf,399220,25c77cb8b50fab3a119a39ceded244356386cab26b500ded4cb7d22d2971211c,/mnt/e/Reserch/Older women/manuscript/bmc_womens_health_submission_ready_20260608/supplementary_figure_s4_full_descriptive_profile_heatmap.pdf
supplementary_figure,manuscript_submission_snapshot/figures/supplementary_figure_s5_validation_stability_guardrail_dashboard.pdf,167828,ae0cd51d223347c5554d0a2f6c89104405c83fb66259978fa4d1f9412ef7a3e8,/mnt/e/Reserch/Older women/manuscript/bmc_womens_health_submission_ready_20260608/supplementary_figure_s5_validation_stability_guardrail_dashboard.pdf
manuscript_snapshot,manuscript_submission_snapshot/sn-jnl.cls,55857,afdd709e43a76c1452c8696429d428b1c35a9339de050c7ca8a9b6f32c180556,/mnt/e/Reserch/Older women/manuscript/bmc_womens_health_submission_ready_20260608/sn-jnl.cls
manuscript_snapshot,manuscript_submission_snapshot/sn-vancouver-num.bst,40758,7fa6df12ec8e8945c86958a50fb703d181522745adcf72bf95a86f3633540e8a,/mnt/e/Reserch/Older women/manuscript/bmc_womens_health_submission_ready_20260608/sn-vancouver-num.bst
release_manifest,metadata/excluded_files_manifest.csv,4739,c8142e192d6b88e85c7adc894c442dff7834f15ce2a0cfe6ef6d231b58676be4,generated
release_manifest,metadata/file_manifest.csv,114269,3b9a82d929521b1b54c09e187d006d68ce0f114f419a216bb212267836edf197,generated
aggregate_output,outputs_aggregate/cohort_summary.csv,1029,fadd526a0cfbe34e7065272aa20c428fa0c466424c60bbd606d9166eb29bc438,/mnt/e/Reserch/Older women/outputs/cohort_summary.csv
aggregate_output,outputs_aggregate/domain_variable_inventory.csv,57338,549b361ace6e73baeb380abd48037beeceb57f28846eb5bf0f5a45634c3e3cf0,/mnt/e/Reserch/Older women/outputs/domain_variable_inventory.csv
aggregate_output,outputs_aggregate/four_domain_harmonization_candidates.csv,35259,84aca9ce3cfacccd951635b59f7ce414ec482fb683bd1d41ee1040698282a4f3,/mnt/e/Reserch/Older women/outputs/four_domain_harmonization_candidates.csv
aggregate_output,outputs_aggregate/four_domain_readiness_summary.csv,4969,2d170823e8b8fa0c9de0da999d592c886d4932d325bcb4f11273d421f0fc0614,/mnt/e/Reserch/Older women/outputs/four_domain_readiness_summary.csv
aggregate_output,outputs_aggregate/four_domain_wave_readiness.csv,6411,fdd8034f5e0c84175ccfa88b52524899bc89f3d550ef32f1d4aa9819da79c2d5,/mnt/e/Reserch/Older women/outputs/four_domain_wave_readiness.csv
aggregate_output,outputs_aggregate/key_variable_matrix.csv,19773,8ba418443c60c3dae442d9e2034632db8fcad0504fee59b00dd51db647262f10,/mnt/e/Reserch/Older women/outputs/key_variable_matrix.csv
aggregate_output,outputs_aggregate/phase10_class_label_candidates.csv,9573,f851ca8ba9553e5da1de5698cbb0e9d825ce57d31224b8c768bb03ee45a85d5a,/mnt/e/Reserch/Older women/outputs/phase10_class_label_candidates.csv
aggregate_output,outputs_aggregate/phase10_class_label_candidates_report.md,5144,589ef5f9ea364f70c8c5452dfe69b69174ceb3613f02b4d632ce679cf9b226ed,/mnt/e/Reserch/Older women/outputs/phase10_class_label_candidates_report.md
aggregate_output,outputs_aggregate/phase11_manuscript_tables_report.md,11198,eed6ccb04db3fe9072ef61947f0233b6d109642424a822eb35e1a4ff136d7644,/mnt/e/Reserch/Older women/outputs/phase11_manuscript_tables_report.md
aggregate_output,outputs_aggregate/phase11_table1_cohort_readiness.csv,2422,453355b52e7f1dcacf579dfe835a36ebe8e0de7011ea01b7377319241e099c64,/mnt/e/Reserch/Older women/outputs/phase11_table1_cohort_readiness.csv
aggregate_output,outputs_aggregate/phase11_table2_class_profiles_labels.csv,9535,26f81f8ed79ced7effcbd38b226d7fc813cb520f5f1b17666cab8c88e8d65c38,/mnt/e/Reserch/Older women/outputs/phase11_table2_class_profiles_labels.csv
aggregate_output,outputs_aggregate/phase11_table3_outcome_validation_summary.csv,5186,725ddccd673b8f0ba8b897dc345667f1f1d0676018a5b65bbed6103e171fab40,/mnt/e/Reserch/Older women/outputs/phase11_table3_outcome_validation_summary.csv
aggregate_output,outputs_aggregate/phase12_internal_zh_summary.md,714,f612678c3d176a9f20e4b175f087909c622d3062490340741d5ba06d10da6f21,/mnt/e/Reserch/Older women/outputs/phase12_internal_zh_summary.md
aggregate_output,outputs_aggregate/phase12_label_dictionary_draft.csv,9000,b8ee467c992f7b053797121d5b1ff04701b2939c5fc2f9df03cbae2fbc7d6365,/mnt/e/Reserch/Older women/outputs/phase12_label_dictionary_draft.csv
aggregate_output,outputs_aggregate/phase12_results_claims.csv,1478,50c0950f5e3ae9fe6074c3c557634430e99e4b2881dff3447cd1107cbb68baf8,/mnt/e/Reserch/Older women/outputs/phase12_results_claims.csv
aggregate_output,outputs_aggregate/phase12_results_skeleton.md,3928,0858e68633a2f3f24f52ef2167d24cda88e9d926b1b2dea45b69b8f41982200f,/mnt/e/Reserch/Older women/outputs/phase12_results_skeleton.md
aggregate_output,outputs_aggregate/phase12_results_skeleton_report.md,2445,eb1a64a3cf3adf24de90f4dacb7ec609e6dd4818ef3eb4991e624f03d44caf71,/mnt/e/Reserch/Older women/outputs/phase12_results_skeleton_report.md
aggregate_output,outputs_aggregate/phase13_covariate_candidate_inventory.csv,30381,6bb7c254a0aa278deb9b3f8519216a0a15397d866a23f5fccf8db59e7f139663,/mnt/e/Reserch/Older women/outputs/phase13_covariate_candidate_inventory.csv
aggregate_output,outputs_aggregate/phase13_covariate_inventory_report.md,2517,737e7c84509e752c08783a33c42fc2929c82c658625dd3a81f3ffc9098065fc2,/mnt/e/Reserch/Older women/outputs/phase13_covariate_inventory_report.md
aggregate_output,outputs_aggregate/phase13_covariate_readiness_summary.csv,1968,876bda7fa789165027acf3cb82a764e53b89cefca5f7c683448a604ad916c933,/mnt/e/Reserch/Older women/outputs/phase13_covariate_readiness_summary.csv
aggregate_output,outputs_aggregate/phase13_label_display_policy.csv,5621,e1397f9c857aa0a9fdfba1ad3dbfee217516fcb99bd63de206ade0201147e596,/mnt/e/Reserch/Older women/outputs/phase13_label_display_policy.csv
aggregate_output,outputs_aggregate/phase14_covariate_model_skipped.csv,4220,fb5bd43f4d7aa82866b55a77d64e0e80f87f0b284a078daf9237c38e9fba275c,/mnt/e/Reserch/Older women/outputs/phase14_covariate_model_skipped.csv
aggregate_output,outputs_aggregate/phase14_covariate_sensitivity_report.md,7611,7c3fedb43c362c6f9b3ba429125efb6b8e156fdbcb53674282584bd94591ef89,/mnt/e/Reserch/Older women/outputs/phase14_covariate_sensitivity_report.md
aggregate_output,outputs_aggregate/phase14_endotype_effect_stability.csv,12247,0016d1ab13e9ea7d4a86d9e9684decf9b4263bc92a8a3033c2dd2af747a742b6,/mnt/e/Reserch/Older women/outputs/phase14_endotype_effect_stability.csv
aggregate_output,outputs_aggregate/phase14_functional_covariate_model_comparison.csv,3394,362f5a12e96f09a12f9f26f4934985c9f777d114e6b4f363df7d99be4c73890b,/mnt/e/Reserch/Older women/outputs/phase14_functional_covariate_model_comparison.csv
aggregate_output,outputs_aggregate/phase14_functional_covariate_model_metrics.csv,8064,b69663659d58589d74ab3d9242ff28ae292f13fb26951063999b78723dadce78,/mnt/e/Reserch/Older women/outputs/phase14_functional_covariate_model_metrics.csv
aggregate_output,outputs_aggregate/phase14_functional_covariate_model_terms.csv,74884,52bc4d9e172fca24a5a7ebf5be0c602f1921694197351194071176cb3890f019,/mnt/e/Reserch/Older women/outputs/phase14_functional_covariate_model_terms.csv
aggregate_output,outputs_aggregate/phase14_mortality_covariate_model_comparison.csv,2860,9bc525b608097a73a4238f9c9db06527d4b219679e7450b5cb64e87fd7394544,/mnt/e/Reserch/Older women/outputs/phase14_mortality_covariate_model_comparison.csv
aggregate_output,outputs_aggregate/phase14_mortality_covariate_model_metrics.csv,7283,b5dccb0f31deb5d9e4df696b03278a48876b99b44342668a69034e0e5680e9bc,/mnt/e/Reserch/Older women/outputs/phase14_mortality_covariate_model_metrics.csv
aggregate_output,outputs_aggregate/phase14_mortality_covariate_model_terms.csv,58252,d1fe751c0e539147e871c5502daddde8de1ad5f841c6ce2c7ccd8922f6016dda,/mnt/e/Reserch/Older women/outputs/phase14_mortality_covariate_model_terms.csv
aggregate_output,outputs_aggregate/phase15_display_policy_recommendation.csv,1678,43404d9918b6ea6ae75c91dc8832ba67b9ebe969952ef1e97e1e1d8eec6ca49c,/mnt/e/Reserch/Older women/outputs/phase15_display_policy_recommendation.csv
aggregate_output,outputs_aggregate/phase15_label_lock_queue.csv,9624,2064b081c6245a37b1409dbfa749819545fc54cb3ca427f04beb1bb59ec5ab50,/mnt/e/Reserch/Older women/outputs/phase15_label_lock_queue.csv
aggregate_output,outputs_aggregate/phase15_manuscript_integration_report.md,2063,c4396e27408926d59bad2a081820f8bc49d97014197abd2e23389939d8cd0fc7,/mnt/e/Reserch/Older women/outputs/phase15_manuscript_integration_report.md
aggregate_output,outputs_aggregate/phase15_novelty_refresh_report.md,3115,418a47de8ed1dded9072dbbad01b5129e7bf2c0e5b1728ae1b1148f1a5d190dc,/mnt/e/Reserch/Older women/outputs/phase15_novelty_refresh_report.md
aggregate_output,outputs_aggregate/phase15_novelty_refresh_sources.csv,2262,860554633f14d104e5ee42d26de644ee716aa168bac312067166289c4d580d2a,/mnt/e/Reserch/Older women/outputs/phase15_novelty_refresh_sources.csv
aggregate_output,outputs_aggregate/phase15_results_skeleton_integrated.md,6759,29d5f911d904602c63686161a0e08ea8c9fad1bc8fe9f34eb2475e5f853f8e26,/mnt/e/Reserch/Older women/outputs/phase15_results_skeleton_integrated.md
aggregate_output,outputs_aggregate/phase15_supplement_table_shell.csv,12405,9a79b8476427dbb095a1c9796ccd02deb6a089caf030024872ece14e8f1655e2,/mnt/e/Reserch/Older women/outputs/phase15_supplement_table_shell.csv
aggregate_output,outputs_aggregate/phase16_figure1_label_map.csv,4978,60a6730eed607ef265c48618cd975d6aa65dabf97dfd12da2e9580de02c32219,/mnt/e/Reserch/Older women/outputs/phase16_figure1_label_map.csv
aggregate_output,outputs_aggregate/phase16_label_lock_and_manuscript_report.md,3125,a5c261b04db6750796576eff15fc44860df0ceae7104b13d6edaa264272e4eb5,/mnt/e/Reserch/Older women/outputs/phase16_label_lock_and_manuscript_report.md
aggregate_output,outputs_aggregate/phase16_locked_label_dictionary.csv,10879,7b92ba347f99be6cc5eaf3eb92cc168e1a85d8b71ea514c889effe7f904734d0,/mnt/e/Reserch/Older women/outputs/phase16_locked_label_dictionary.csv
aggregate_output,outputs_aggregate/phase16_results_draft.md,3450,56d95878b7fdd9dec47f06ebfa86ab8b60d333605864c2da9aad2fdeb1380bac,/mnt/e/Reserch/Older women/outputs/phase16_results_draft.md
aggregate_output,outputs_aggregate/phase16_table2_locked_labels.csv,19569,941dcd5825f0aa4179b584060e6d806f02c1fdb0e8b34677d772e47a986746c4,/mnt/e/Reserch/Older women/outputs/phase16_table2_locked_labels.csv
aggregate_output,outputs_aggregate/phase17_claim_to_evidence_map.csv,1304,f8f5411c4a42d757b345f4cb41f794fca3da01b98bbb0fb0c9b63eb451fe5ee6,/mnt/e/Reserch/Older women/outputs/phase17_claim_to_evidence_map.csv
aggregate_output,outputs_aggregate/phase17_intro_discussion_draft.md,5810,7d4062f60ad464917613fef7ce6e219b7d9e264b5b76700fd60a3a660d837bfd,/mnt/e/Reserch/Older women/outputs/phase17_intro_discussion_draft.md
aggregate_output,outputs_aggregate/phase17_label_review_packet.csv,6148,2a5e0f9a98576ed5d8a9d3da248536762d7987e16f0663f4ec867637ba69e4f9,/mnt/e/Reserch/Older women/outputs/phase17_label_review_packet.csv
aggregate_output,outputs_aggregate/phase17_manuscript_assembly_draft.md,29389,1a373694fef52c5d5d784ff4eadf391cf5d6510189d0db1e9aec2b817a1c6b32,/mnt/e/Reserch/Older women/outputs/phase17_manuscript_assembly_draft.md
aggregate_output,outputs_aggregate/phase17_manuscript_assembly_report.md,2498,42a09d6fa970b7128203a324e22c5b9c517e19743303cfb1b30c2ae99631d0e6,/mnt/e/Reserch/Older women/outputs/phase17_manuscript_assembly_report.md
aggregate_output,outputs_aggregate/phase17_supplement_s1_s3.md,8476,428152782eddec3f46a820ef54287e5791d1981e63b50663a791bdd228e8e806,/mnt/e/Reserch/Older women/outputs/phase17_supplement_s1_s3.md
aggregate_output,outputs_aggregate/phase17_tables_1_3_manuscript.md,9951,cbc102e94eec9268f4a4e2fffa02b8ad161697cea02516611493674adbbbc3fe,/mnt/e/Reserch/Older women/outputs/phase17_tables_1_3_manuscript.md
aggregate_output,outputs_aggregate/phase18_figure1_label_map_v0.csv,4003,8ecd8d4d1b37f446ab9f48f0ffaf8a57a71a9a3bd7dc91154c957cadeee82569,/mnt/e/Reserch/Older women/outputs/phase18_figure1_label_map_v0.csv
aggregate_output,outputs_aggregate/phase18_final_label_dictionary_v0.csv,17754,ecd781ed41c0c46f489b09a570248684d76693df76c4b440b0a9e6c5a5a239ec,/mnt/e/Reserch/Older women/outputs/phase18_final_label_dictionary_v0.csv
aggregate_output,outputs_aggregate/phase18_journal_style_manuscript_v0.md,7074,e2afea142f7fbdd17fc4f045fb3160e7b90f39f9067ffa3c0d9d0a466ea9cba8,/mnt/e/Reserch/Older women/outputs/phase18_journal_style_manuscript_v0.md
aggregate_output,outputs_aggregate/phase18_label_decisions_auto_v0.csv,7939,cb162af5cbb9185c27d5a0456e409b3769993e00114337883fe94680e0d119de,/mnt/e/Reserch/Older women/outputs/phase18_label_decisions_auto_v0.csv
aggregate_output,outputs_aggregate/phase18_submission_draft_v0_report.md,1034,e9913eac13bd060398cc03b79d75a7998fc89e1f1ea6733e519f2d4bf1f04f32,/mnt/e/Reserch/Older women/outputs/phase18_submission_draft_v0_report.md
aggregate_output,outputs_aggregate/phase18_submission_readiness_checklist.md,4413,f277f54710fe32939c199e4b2e469bc7c64234ce073923e0630e3e98b2c988d7,/mnt/e/Reserch/Older women/outputs/phase18_submission_readiness_checklist.md
aggregate_output,outputs_aggregate/phase18_table2_final_labels_v0.csv,25519,809d6f28722b2c580d774df2e9c9cc7dc227606ed64b6962274f8c99c1424325,/mnt/e/Reserch/Older women/outputs/phase18_table2_final_labels_v0.csv
aggregate_output,outputs_aggregate/phase18_tables_1_3_v0.md,9287,fcf91d9463342e73456fcb17d4d0f61bd4a1fc2eb0f3b66c7eca7d14026e1c80,/mnt/e/Reserch/Older women/outputs/phase18_tables_1_3_v0.md
aggregate_output,outputs_aggregate/phase19_clean_manuscript_target_neutral.md,9693,e363a4efc56f7d10db03339008ddf54cf926c854c92277b47c0a86134fa2e3cf,/mnt/e/Reserch/Older women/outputs/phase19_clean_manuscript_target_neutral.md
aggregate_output,outputs_aggregate/phase19_clean_submission_package_report.md,1160,78d611ed6bdfbd5083704807f5a4ce6caf180dd030099675325094152439b42f,/mnt/e/Reserch/Older women/outputs/phase19_clean_submission_package_report.md
aggregate_output,outputs_aggregate/phase19_label_signoff_sheet.csv,8471,d921f6f90e6623069d4c97d2cbad82f3204cd04dbe8fdb733bf2048ac17f254f,/mnt/e/Reserch/Older women/outputs/phase19_label_signoff_sheet.csv
aggregate_output,outputs_aggregate/phase19_reference_corrections.md,3473,9f5a592b0a956505ec59c130f977841ca22f13d404b023607556a7b2371c4191,/mnt/e/Reserch/Older women/outputs/phase19_reference_corrections.md
aggregate_output,outputs_aggregate/phase19_submission_package_index.md,1476,a94e5fa630ebe14cc1d145bfdc8e7fa3d716ac9e58f0d33069ef8d869d485e7f,/mnt/e/Reserch/Older women/outputs/phase19_submission_package_index.md
aggregate_output,outputs_aggregate/phase19_target_journal_decision_matrix.csv,2037,b0bef15dace698264931c90736bb0a4d0cadbb8198a95746a892214c7d7e91a4,/mnt/e/Reserch/Older women/outputs/phase19_target_journal_decision_matrix.csv
aggregate_output,outputs_aggregate/phase19_verified_reference_queue.csv,5343,df8631c06030a02c4b706755ac283b70ad7e77fa8ad3905bb75f4ff669ea23e7,/mnt/e/Reserch/Older women/outputs/phase19_verified_reference_queue.csv
aggregate_output,outputs_aggregate/phase1_baseline_feasibility.csv,774,bc138a48a18bf594ef8aeb743d83b947a5ff8d4ec4c78709205498ac5b877887,/mnt/e/Reserch/Older women/outputs/phase1_baseline_feasibility.csv
aggregate_output,outputs_aggregate/phase1_feasibility_report.md,1742,8be59fbdfdd9df0ba4ed9d4e49d9089e0f7a83fa691c9e9705c8de6a2e46a519,/mnt/e/Reserch/Older women/outputs/phase1_feasibility_report.md
aggregate_output,outputs_aggregate/phase20_guideline_sources.md,1832,6141ac99e1c49d99845fbf6b8a5c7ca711c29a875fb6799582841d52dd22aa58,/mnt/e/Reserch/Older women/outputs/phase20_guideline_sources.md
aggregate_output,outputs_aggregate/phase20_label_signoff_decision_template.csv,6187,092deb424b7c44fce1dda6c1e9043912b14f3b3ee89fe64f8c76d6a3bf2c343e,/mnt/e/Reserch/Older women/outputs/phase20_label_signoff_decision_template.csv
aggregate_output,outputs_aggregate/phase20_label_signoff_review_packet.md,5382,751762e8f195ef49a0e81675e0f7c4f76cf07a60a87caa395413b1bfc57cea79,/mnt/e/Reserch/Older women/outputs/phase20_label_signoff_review_packet.md
aggregate_output,outputs_aggregate/phase20_manuscript_format_gap_check.csv,1228,940eb9c23dad99e46d0409c750a39dadc0ffed444959550c02000e4a7adac2f8,/mnt/e/Reserch/Older women/outputs/phase20_manuscript_format_gap_check.csv
aggregate_output,outputs_aggregate/phase20_target_and_signoff_report.md,1339,caf113de7815918b2db6d39ba0166539e232c7bf24d9702e15fbd85eee339aa1,/mnt/e/Reserch/Older women/outputs/phase20_target_and_signoff_report.md
aggregate_output,outputs_aggregate/phase20_target_guideline_snapshot.csv,3860,13535c40fab4c9c486dd4c49d608e6d1f52d41a633398ecc23484db51a45f916,/mnt/e/Reserch/Older women/outputs/phase20_target_guideline_snapshot.csv
aggregate_output,outputs_aggregate/phase20_target_selection_memo.md,3458,3901c7972c90e1508bfaf60ae4ca819768f35f251e5b70791cd2b2424cce955e,/mnt/e/Reserch/Older women/outputs/phase20_target_selection_memo.md
aggregate_output,outputs_aggregate/phase21_bmc_geriatrics_package_manifest.csv,624,64e53c44b5f89c11340da10df2613bdc297e4243b513eb01ea2276c45093d9df,/mnt/e/Reserch/Older women/outputs/phase21_bmc_geriatrics_package_manifest.csv
aggregate_output,outputs_aggregate/phase21_bmc_geriatrics_package_summary.csv,153,7509e40152789388612ede6f39a5b158659bcf9ccc984b0d311fb4240537805b,/mnt/e/Reserch/Older women/outputs/phase21_bmc_geriatrics_package_summary.csv
aggregate_output,outputs_aggregate/phase21_bmc_geriatrics_package_zip.csv,75,2216be16da04c4686d091b7120724888d41a8061aeec1cf38711d7dd260dcd16,/mnt/e/Reserch/Older women/outputs/phase21_bmc_geriatrics_package_zip.csv
aggregate_output,outputs_aggregate/phase21_bmc_geriatrics_template_package_report.md,851,736ac65d66a8fd9cdfe910c869fb4cb9471447a64963aa543c5795fd7bb0795b,/mnt/e/Reserch/Older women/outputs/phase21_bmc_geriatrics_template_package_report.md
aggregate_output,outputs_aggregate/phase21_latex_compile_check.md,1109,d5fff64055439132a85f1f42b5f8b3b3961e261498b4e98db3f1a6611fbb25b4,/mnt/e/Reserch/Older women/outputs/phase21_latex_compile_check.md
aggregate_output,outputs_aggregate/phase22_bmc_class_profiles_review_ready.csv,10119,65ac79687cb0d28b15fd283b05ed83eb1bedd6a03ffb1119531f384d22c2ad37,/mnt/e/Reserch/Older women/outputs/phase22_bmc_class_profiles_review_ready.csv
aggregate_output,outputs_aggregate/phase22_bmc_remaining_author_items.md,1105,a3c1bf257c15cbe8e0edf29e827a4daeb34ceb5ad61a58345beccbd7456ae53d,/mnt/e/Reserch/Older women/outputs/phase22_bmc_remaining_author_items.md
aggregate_output,outputs_aggregate/phase22_bmc_review_ready_manifest.csv,554,ff093bcd3e3a6e2f8851e1e69c007846c420e973171c543466593271c5358136,/mnt/e/Reserch/Older women/outputs/phase22_bmc_review_ready_manifest.csv
aggregate_output,outputs_aggregate/phase22_bmc_review_ready_report.md,670,61026a6f9f304ac4d3a9ccd51efb45738bbce664199f0ee1d6ed3c87cbfbb507,/mnt/e/Reserch/Older women/outputs/phase22_bmc_review_ready_report.md
aggregate_output,outputs_aggregate/phase22_bmc_review_ready_summary.csv,176,4647907288e1ffb70d3857be4f919037b53eee84a61d18f89295635356e8e9fb,/mnt/e/Reserch/Older women/outputs/phase22_bmc_review_ready_summary.csv
aggregate_output,outputs_aggregate/phase22_bmc_review_ready_zip.csv,77,adb18ad64a0d515364b7d71f267ed081b15bde68141b8a863fe6f39c077dd84c,/mnt/e/Reserch/Older women/outputs/phase22_bmc_review_ready_zip.csv
aggregate_output,outputs_aggregate/phase22_conservative_label_signoff_proposal.csv,7776,a4f90ca68056bd60c9b4f12e2884f18fb73b1a6304e66b137087a0209e8c71d6,/mnt/e/Reserch/Older women/outputs/phase22_conservative_label_signoff_proposal.csv
aggregate_output,outputs_aggregate/phase22_latex_source_sanity_check.md,954,e29f8e8a705ac920893ca953d1b6b86567cd22ee7a69572c6adab0ce32d7e694,/mnt/e/Reserch/Older women/outputs/phase22_latex_source_sanity_check.md
aggregate_output,outputs_aggregate/phase23_ai_disclosure_decision_note.md,903,fc004340c587cac757c31b8367623aaf50a91af77f354f1ce007e499446e94eb,/mnt/e/Reserch/Older women/outputs/phase23_ai_disclosure_decision_note.md
aggregate_output,outputs_aggregate/phase23_author_metadata_template.csv,520,ccf67c9fef52787473bbf14181cfb09425c7e791bae7474f6ed6745bc3e52064,/mnt/e/Reserch/Older women/outputs/phase23_author_metadata_template.csv
aggregate_output,outputs_aggregate/phase23_bmc_completion_precheck.csv,1703,238d53ebe37d82dde85381b20d8eb0d5d63bd48a9d3ce1448e7deffa5fa515bf,/mnt/e/Reserch/Older women/outputs/phase23_bmc_completion_precheck.csv
aggregate_output,outputs_aggregate/phase23_bmc_declarations_ready_manifest.csv,371,35bdeb941e0b9c7dd0e42660d584859f971cee41c9851367e3c58a412895025c,/mnt/e/Reserch/Older women/outputs/phase23_bmc_declarations_ready_manifest.csv
aggregate_output,outputs_aggregate/phase23_bmc_declarations_ready_report.md,625,1bb18bbf66837b7927ef5586adabc61f8a6ef356c2e56fdd052be40d145e9be3,/mnt/e/Reserch/Older women/outputs/phase23_bmc_declarations_ready_report.md
aggregate_output,outputs_aggregate/phase23_bmc_declarations_ready_zip.csv,83,be5b7e04c2b14824590c4aee11c342296f5d204621a93d236670bc76e1986294,/mnt/e/Reserch/Older women/outputs/phase23_bmc_declarations_ready_zip.csv
aggregate_output,outputs_aggregate/phase23_cohort_data_availability_template.csv,2857,367b9779d649323d7016d9ab76c15b973de40f5ec7890d95e08890b0dd33804a,/mnt/e/Reserch/Older women/outputs/phase23_cohort_data_availability_template.csv
aggregate_output,outputs_aggregate/phase24_bmc_pdf_ready_manifest.csv,400,34764d9d84bdf693e62d7db20264aa4a94b9e5b7d2fe2024219764774d31408c,/mnt/e/Reserch/Older women/outputs/phase24_bmc_pdf_ready_manifest.csv
aggregate_output,outputs_aggregate/phase24_bmc_pdf_ready_zip_sizes.txt,118,b8b1848e3564ce23728b169e7d928713cd8c9217affecf0eec500af13ca4140d,/mnt/e/Reserch/Older women/outputs/phase24_bmc_pdf_ready_zip_sizes.txt
aggregate_output,outputs_aggregate/phase24_pdf_compile_runtime_diagnosis.md,3133,adb358c4c9668f47c3e503e9bc7ea125fcf045c87a651e6b08afbe7567697f30,/mnt/e/Reserch/Older women/outputs/phase24_pdf_compile_runtime_diagnosis.md
aggregate_output,outputs_aggregate/phase25_denominator_coding_correction_report.md,2779,27b5fab356231409a292e199cd45010caa68c8e939010b8814d8165f925bd5ae,/mnt/e/Reserch/Older women/outputs/phase25_denominator_coding_correction_report.md
aggregate_output,outputs_aggregate/phase25_denominator_safe_pdf_ready_manifest.csv,400,3fbfa08cf5fa6d7054ed708a665cdbff2a6fbca0dd36b751cee9dbaca9d3fbb6,/mnt/e/Reserch/Older women/outputs/phase25_denominator_safe_pdf_ready_manifest.csv
aggregate_output,outputs_aggregate/phase25_denominator_safe_zip_sizes.txt,118,d1595ac0f5b090b5a9b840c85af2e759a3a9d5b319eb3d0c994c391c8f65569c,/mnt/e/Reserch/Older women/outputs/phase25_denominator_safe_zip_sizes.txt
aggregate_output,outputs_aggregate/phase25_denominator_safe_zip_summary.csv,179,aaa64a86b4ce17bcbc82e4165a5b3a7ca7be694935037b9809e056a7e123d2c7,/mnt/e/Reserch/Older women/outputs/phase25_denominator_safe_zip_summary.csv
aggregate_output,outputs_aggregate/phase26_no_line_numbers_package_sizes.txt,228,841d7ed8dc269c7c1d8d98ea6dfffb46c90e548a3c7d12dccc3d2108cb63b627,/mnt/e/Reserch/Older women/outputs/phase26_no_line_numbers_package_sizes.txt
aggregate_output,outputs_aggregate/phase26_share_primary_scope_and_pdf_line_number_decision.md,2279,38b2b35024dbfb8ffa063caf93240bf25f19e4cf9aa758bc336d58d8940fc90d,/mnt/e/Reserch/Older women/outputs/phase26_share_primary_scope_and_pdf_line_number_decision.md
aggregate_output,outputs_aggregate/phase27_share_strict_functional_audit.csv,1823962,ddba1de4c5ce5997c6c04287c0f3e33b6a116c86dda6ee93422ba93ec354ff2f,/mnt/e/Reserch/Older women/outputs/phase27_share_strict_functional_audit.csv
aggregate_output,outputs_aggregate/phase27_share_strict_functional_audit.md,9612,52c7235cab0cb213a8fcca89b14e6371601c8bdcb26e0f491bc1d30ec0961ea0,/mnt/e/Reserch/Older women/outputs/phase27_share_strict_functional_audit.md
aggregate_output,outputs_aggregate/phase27_share_strict_functional_decision.csv,280,eae55a567ec29b885730936382b0e26fe947b467de650bdc67287c233067fbe6,/mnt/e/Reserch/Older women/outputs/phase27_share_strict_functional_decision.csv
aggregate_output,outputs_aggregate/phase28_domain_harmonization_dictionary.csv,4002,ad43d163a54abb20c59df5c75062ff13a7066de300b02b4d7dd0a509547ead7b,/mnt/e/Reserch/Older women/outputs/phase28_domain_harmonization_dictionary.csv
aggregate_output,outputs_aggregate/phase28_gmm_selection_table.csv,5231,3357d2c1b33abc9e372c59e5cb81025903bc75079d29692adc1f1fb0e5c00e97,/mnt/e/Reserch/Older women/outputs/phase28_gmm_selection_table.csv
aggregate_output,outputs_aggregate/phase28_mortality_sensitivity_guardrails.csv,1064,57af9cd15c92ba61077f946ffa8c6f0cc104a6621ea0284dc8377e470345fc7e,/mnt/e/Reserch/Older women/outputs/phase28_mortality_sensitivity_guardrails.csv
aggregate_output,outputs_aggregate/phase28_outcome_model_specification.csv,1074,859b7d88b4a743c51bfd66ad9accf5347ba1e759e16da00fee87d6150597022a,/mnt/e/Reserch/Older women/outputs/phase28_outcome_model_specification.csv
aggregate_output,outputs_aggregate/phase28_reviewer_ready_assets_report.md,864,58d047c7eb0faeb6d3f015314febe33875904385b3c2cd818c3e7f3ae5978a08,/mnt/e/Reserch/Older women/outputs/phase28_reviewer_ready_assets_report.md
aggregate_output,outputs_aggregate/phase28_validation_metrics_main.csv,4540,bdb84951b526b736f30876395ef3c3cbc5f6c47704c32006d3731ac6737e8729,/mnt/e/Reserch/Older women/outputs/phase28_validation_metrics_main.csv
aggregate_output,outputs_aggregate/phase29_bmc_reviewer_ready_manifest.csv,600,99262e0343bf8cf78f848430b2323c171398b010adc09ea2144b79c58f1198e3,/mnt/e/Reserch/Older women/outputs/phase29_bmc_reviewer_ready_manifest.csv
aggregate_output,outputs_aggregate/phase29_bmc_reviewer_ready_package_report.md,366,ca040689b785c52973260d437edef196fba5b6f80211c95a22e3d0e79cd6c023,/mnt/e/Reserch/Older women/outputs/phase29_bmc_reviewer_ready_package_report.md
aggregate_output,outputs_aggregate/phase29_bmc_reviewer_ready_zip_summary.csv,174,c6f25e7504a01b6f20db938fb5355f780a83d9897660ed36394902f042330dfd,/mnt/e/Reserch/Older women/outputs/phase29_bmc_reviewer_ready_zip_summary.csv
aggregate_output,outputs_aggregate/phase29_reviewer_ready_checklist.csv,567,2ac6541ba0730be0576ce157ecc813604b1b2f9779140928c27451b99f9adec5,/mnt/e/Reserch/Older women/outputs/phase29_reviewer_ready_checklist.csv
aggregate_output,outputs_aggregate/phase29_reviewer_ready_checklist.md,703,4dc1c46bf86566533921ef0ea721be015f0f618c733e810f947efec4051e1eec,/mnt/e/Reserch/Older women/outputs/phase29_reviewer_ready_checklist.md
aggregate_output,outputs_aggregate/phase2_harmonization_report.md,4592,169a3c9f43c96d14c303766964c7e2b8c69fb0b41444da48df90298ae4d9a599,/mnt/e/Reserch/Older women/outputs/phase2_harmonization_report.md
aggregate_output,outputs_aggregate/phase30_clinical_endotype_dictionary.csv,8570,4d4d27ad24d0f2a05c5f1776978bed929357ac4916b63c03fb930dc703458daf,/mnt/e/Reserch/Older women/outputs/phase30_clinical_endotype_dictionary.csv
aggregate_output,outputs_aggregate/phase30_clinical_profile_family_summary.csv,1302,1ae0867620c2f27a247830c54907340ec64e7bb498b7133b307e5d8992883ed3,/mnt/e/Reserch/Older women/outputs/phase30_clinical_profile_family_summary.csv
aggregate_output,outputs_aggregate/phase30_clinical_reference_frame.md,1657,ef9d0596962a1f7bb593b714f4bbff95b735c59b9127a6b0b8ca1da9bd7a6fee,/mnt/e/Reserch/Older women/outputs/phase30_clinical_reference_frame.md
aggregate_output,outputs_aggregate/phase30_clinical_upgrade_checklist.csv,657,6ce5aeff13f0242349fbce5146bc2be34ec258c72eb4b2a7d6794e9cf93c7644,/mnt/e/Reserch/Older women/outputs/phase30_clinical_upgrade_checklist.csv
aggregate_output,outputs_aggregate/phase30_clinical_upgrade_checklist.md,811,a727b6a5e2fc09c7efdaf9dd2b554afe0a7dac00fc61d614a97a04642525151a,/mnt/e/Reserch/Older women/outputs/phase30_clinical_upgrade_checklist.md
aggregate_output,outputs_aggregate/phase30_clinical_upgrade_manifest.csv,888,4852d5cbb78a5a78baf33f8a7e8bf3e12b97cad0cf5ef0907c3adb0d3e2c9bf1,/mnt/e/Reserch/Older women/outputs/phase30_clinical_upgrade_manifest.csv
aggregate_output,outputs_aggregate/phase30_clinical_upgrade_report.md,1286,504787927a91d3f0171af0dfbe95ce29cb05590061555f060bf30457bebb840b,/mnt/e/Reserch/Older women/outputs/phase30_clinical_upgrade_report.md
aggregate_output,outputs_aggregate/phase30_clinical_upgrade_zip_summary.csv,178,732bc6dd0246ced1c4f21c2dfd287e18d4ed833d95d32b8b8ad039e269bec32e,/mnt/e/Reserch/Older women/outputs/phase30_clinical_upgrade_zip_summary.csv
aggregate_output,outputs_aggregate/phase30_functional_endotype_or_minimal_core.csv,2197,51a959c31f15907b1ed7b8d1ae118eb7dd1847079b3da56ef1a40e219e9ea95b,/mnt/e/Reserch/Older women/outputs/phase30_functional_endotype_or_minimal_core.csv
aggregate_output,outputs_aggregate/phase30_skill_candidate_decision.csv,1833,f90d23645851c5e619b3b823cf83919b0dbf3e98d288dde5b6d6e03e629a7cd8,/mnt/e/Reserch/Older women/outputs/phase30_skill_candidate_decision.csv
aggregate_output,outputs_aggregate/phase30_table_figure_blueprint.csv,3198,694a6b37b1de97088e03b0d870a641873108af55b3053e9c8e32339adf0b73f7,/mnt/e/Reserch/Older women/outputs/phase30_table_figure_blueprint.csv
aggregate_output,outputs_aggregate/phase32_bmc_rescue_package_manifest.csv,598,ac19adf64c70400619b094d5ed218da1e1e77186cd01603a806797e16ffb794e,/mnt/e/Reserch/Older women/outputs/phase32_bmc_rescue_package_manifest.csv
aggregate_output,outputs_aggregate/phase32_bmc_rescue_package_report.md,926,f3a0e1e7daa2337509c5374180a5a3c19c661e01bbf51db4f4bf54f3617fbc23,/mnt/e/Reserch/Older women/outputs/phase32_bmc_rescue_package_report.md
aggregate_output,outputs_aggregate/phase32_bmc_rescue_zip_summary.csv,243,3f15bcd9dd36936d35a2da574fe33e0964daf7fc33dee65741e07ebd62ad56dd,/mnt/e/Reserch/Older women/outputs/phase32_bmc_rescue_zip_summary.csv
aggregate_output,outputs_aggregate/phase32_cohort_tier_lock.csv,2993,c432fa494d8419ae5b681c6f814c86b3eee9142436049c96662b6e5a39b5ed88,/mnt/e/Reserch/Older women/outputs/phase32_cohort_tier_lock.csv
aggregate_output,outputs_aggregate/phase32_decoupled_lfo_best_model_summary.csv,2384,177959a7cd3452726bce62ae7dfe21b3f281c45b2de5c964ae66cff8150a4169,/mnt/e/Reserch/Older women/outputs/phase32_decoupled_lfo_best_model_summary.csv
aggregate_output,outputs_aggregate/phase32_decoupled_lfo_class_profiles.csv,18609,ebe0df48107d6e41f0bec38264f63918e25650a2dc16cac23e4e774d600582d2,/mnt/e/Reserch/Older women/outputs/phase32_decoupled_lfo_class_profiles.csv
aggregate_output,outputs_aggregate/phase32_decoupled_lfo_gmm_metrics.csv,6640,8ece1383bd9f4056caaa00f2086f53b37691a487e25bc70b3e090954f27b68d0,/mnt/e/Reserch/Older women/outputs/phase32_decoupled_lfo_gmm_metrics.csv
aggregate_output,outputs_aggregate/phase32_decoupled_validation_comparison.csv,4001,3d139ba044cf9eb6498d66cc7b32af64ae6950a56bea4ff77712b6d03dc65e2c,/mnt/e/Reserch/Older women/outputs/phase32_decoupled_validation_comparison.csv
aggregate_output,outputs_aggregate/phase32_decoupled_validation_metrics.csv,8511,01c2a1306737624c3075eb5d0a2e8a31a1b7c2f35f885c22ed1425bf79b21754,/mnt/e/Reserch/Older women/outputs/phase32_decoupled_validation_metrics.csv
aggregate_output,outputs_aggregate/phase32_decoupled_validation_report.md,3546,6add0f3c460ee2f34edb1418520d03092ca7c687679ab74b604fed41de9b7ea9,/mnt/e/Reserch/Older women/outputs/phase32_decoupled_validation_report.md
aggregate_output,outputs_aggregate/phase32_decoupled_validation_skipped.csv,807,fd7d0517e310801062c785d24836ff5b073d4ef135b8e7eceac541158ed36397,/mnt/e/Reserch/Older women/outputs/phase32_decoupled_validation_skipped.csv
aggregate_output,outputs_aggregate/phase32_decoupled_validation_terms.csv,31579,be56f10913620b4be6eb661bd132646e250f323c55f05dcb357b9c503ee37eaf,/mnt/e/Reserch/Older women/outputs/phase32_decoupled_validation_terms.csv
aggregate_output,outputs_aggregate/phase32_execution_status.md,5559,f9ddd225d13ee3cd6f65c3007b7c85ceadbf87f8296b9bf2cd1f489444b7e519,/mnt/e/Reserch/Older women/outputs/phase32_execution_status.md
aggregate_output,outputs_aggregate/phase32_functional_endpoint_leakage_audit.csv,2744,ea47e45ccfe12c3ca8902eebcef2f8223ab8aaed201a2d613074340213cda391,/mnt/e/Reserch/Older women/outputs/phase32_functional_endpoint_leakage_audit.csv
aggregate_output,outputs_aggregate/phase32_functional_endpoint_leakage_audit.md,1843,1f3c89c6f45ef4207fc89c75bfa4097eda1b16aa24b8348e7f6466f27ca2239a,/mnt/e/Reserch/Older women/outputs/phase32_functional_endpoint_leakage_audit.md
aggregate_output,outputs_aggregate/phase32_gmm_bootstrap_stability.csv,21766,3289d8d47cfa31e80d574734587fb496cad2461c43d917f26f2017d8f83a13b0,/mnt/e/Reserch/Older women/outputs/phase32_gmm_bootstrap_stability.csv
aggregate_output,outputs_aggregate/phase32_gmm_covariance_diagnostics.csv,5837,1090099ef0ee14b8a1f0a356ac4225c934694bf157ce14f899196989d4c061ff,/mnt/e/Reserch/Older women/outputs/phase32_gmm_covariance_diagnostics.csv
aggregate_output,outputs_aggregate/phase32_gmm_stability_report.md,2682,fe483b581e1dc186107bc97ebaecb074d7a64247dd2780786ddf4164e95c62f9,/mnt/e/Reserch/Older women/outputs/phase32_gmm_stability_report.md
aggregate_output,outputs_aggregate/phase32_gmm_stability_summary.csv,1511,43f6c8ff7b64d6981f1721e5835d562b091b8ed068ec7618edb8147b93e25b82,/mnt/e/Reserch/Older women/outputs/phase32_gmm_stability_summary.csv
aggregate_output,outputs_aggregate/phase32_item_level_harmonization_crosswalk.csv,33538,55f69eb9b1ec1e5e264636a3ceba510ece05c43f5c93a794afc93d71554129fd,/mnt/e/Reserch/Older women/outputs/phase32_item_level_harmonization_crosswalk.csv
aggregate_output,outputs_aggregate/phase32_item_level_harmonization_report.md,2748,25ad4cbe8000ded79d587155eba595a17af88c2b7abd17869049b95d9fc5b3c4,/mnt/e/Reserch/Older women/outputs/phase32_item_level_harmonization_report.md
aggregate_output,outputs_aggregate/phase32_lowest_burden_reference_map.csv,1450,d3f1ab06b95f1c0403885af906244bee0aeeb2629d2890c872e790b697153fc9,/mnt/e/Reserch/Older women/outputs/phase32_lowest_burden_reference_map.csv
aggregate_output,outputs_aggregate/phase32_next_step_decision.md,3235,f7c99ea52097566e327008b64dd014d5acf3a90327527ed1415f71e66c60f0a2,/mnt/e/Reserch/Older women/outputs/phase32_next_step_decision.md
aggregate_output,outputs_aggregate/phase32_uniform_reference_functional_metrics.csv,1157,eff6ebb0a554fba682c450b0597eea4ec62a9a60dc46b0d3e779b57ca5aa713b,/mnt/e/Reserch/Older women/outputs/phase32_uniform_reference_functional_metrics.csv
aggregate_output,outputs_aggregate/phase32_uniform_reference_functional_terms.csv,6392,6207a02269e825090073b9eed235768f5c5cbff45b46a2f9c5816cecd9ce460c,/mnt/e/Reserch/Older women/outputs/phase32_uniform_reference_functional_terms.csv
aggregate_output,outputs_aggregate/phase32_uniform_reference_report.md,1661,d2380bf2d19fdd9d17f640dd6e8399bd102f7b7ee35afa25a3569086c0bca081,/mnt/e/Reserch/Older women/outputs/phase32_uniform_reference_report.md
aggregate_output,outputs_aggregate/phase32_uniform_reference_skipped.csv,70,8471262ee6f5bdcce4c6af940610276122326de8110cbcc46a8c316657422cb2,/mnt/e/Reserch/Older women/outputs/phase32_uniform_reference_skipped.csv
aggregate_output,outputs_aggregate/phase32_uniform_reference_vs_original.csv,1947,b8e8daad305f8333ee5b88be5cbe36231ce2772e7aefe063c9da10b535b2b909,/mnt/e/Reserch/Older women/outputs/phase32_uniform_reference_vs_original.csv
aggregate_output,outputs_aggregate/phase33_figure_upgrade_blueprint.csv,3334,64c40c2122780fd259e67aaeec3c6fa97e8b9a29eb2e7666a23c0149d70a0eb4,/mnt/e/Reserch/Older women/outputs/phase33_figure_upgrade_blueprint.csv
aggregate_output,outputs_aggregate/phase33_logic_table_figure_skill_audit.md,22323,8f559d5595c129876f3f808da28bf68cf2c9abeb25c23cdb35da684bf353ebae,/mnt/e/Reserch/Older women/outputs/phase33_logic_table_figure_skill_audit.md
aggregate_output,outputs_aggregate/phase33_main_table_upgrade_blueprint.csv,2900,0b4a4fcaefd0305720252b0e6d111203201ecfb1a3cea17322b23ccb5356455e,/mnt/e/Reserch/Older women/outputs/phase33_main_table_upgrade_blueprint.csv
aggregate_output,outputs_aggregate/phase33_profile_family_summary.csv,2920,be3d902d8eb0f9cbe5a85d106318e7d72fd5973f2c0c7958f3060ce4205ab03a,/mnt/e/Reserch/Older women/outputs/phase33_profile_family_summary.csv
aggregate_output,outputs_aggregate/phase33_revised_main_table_shells.md,7525,8ddf6b3417dfcb6302599178c5f34c3baeb924beda24cc9b4d290ea4d0c28e7f,/mnt/e/Reserch/Older women/outputs/phase33_revised_main_table_shells.md
aggregate_output,outputs_aggregate/phase33_selected_class_dictionary.csv,5525,e4a82a2e663f5aedad73576f84a61f908cd1fb49acd543ec47396d718402c494,/mnt/e/Reserch/Older women/outputs/phase33_selected_class_dictionary.csv
aggregate_output,outputs_aggregate/phase33_supplement_table_upgrade_blueprint.csv,2550,6213adfcd2e1d5a7d0ded0d0c7f06b3358648c93ab87fbdbdd1ea2dbd273e0fb,/mnt/e/Reserch/Older women/outputs/phase33_supplement_table_upgrade_blueprint.csv
aggregate_output,outputs_aggregate/phase34_harmonization_risk_matrix.csv,6294,6fced268335f3a94ef8228a4a527d2d1655b5b9bee457bf2e3258e3a0afea44d,/mnt/e/Reserch/Older women/outputs/phase34_harmonization_risk_matrix.csv
aggregate_output,outputs_aggregate/phase35_table_figure_restructure_blueprint.csv,2318,0540188bb3fac318a19c1c709080e266422ae38fdd16d1c7e73409c08a043698,/mnt/e/Reserch/Older women/outputs/phase35_table_figure_restructure_blueprint.csv
aggregate_output,outputs_aggregate/phase36_baseline_clinical_characteristics.csv,3346,fb35ae53896bf307a1fb2326c763f4ad65c923737c86d4c7b986fca90f2374bc,/mnt/e/Reserch/Older women/outputs/phase36_baseline_clinical_characteristics.csv
aggregate_output,outputs_aggregate/phase36_functional_association_class_risks.csv,4514,e4bdc28ecbc12fb0e463dd3f640b999e0bd0e0a42b07bb89d630ed933e2933d4,/mnt/e/Reserch/Older women/outputs/phase36_functional_association_class_risks.csv
aggregate_output,outputs_aggregate/phase36_functional_association_main.csv,2022,d68b5bcfe3bcd9a26240cdb646164d7f0773a99606ca882ca219727f341db00f,/mnt/e/Reserch/Older women/outputs/phase36_functional_association_main.csv
aggregate_output,outputs_aggregate/phase36_functional_association_model_metrics.csv,3208,c5755b9b5739e6b96703861309f81c5a1b7a4523b45321a10c0da6c9c678077f,/mnt/e/Reserch/Older women/outputs/phase36_functional_association_model_metrics.csv
aggregate_output,outputs_aggregate/phase36_gmm_algorithm_robustness.csv,8318,d0e57cf6b494abe3ff03213ccf2189cc54ea1f2c7cdc1d0266135adf4f902658,/mnt/e/Reserch/Older women/outputs/phase36_gmm_algorithm_robustness.csv
aggregate_output,outputs_aggregate/phase36_gmm_algorithm_robustness_summary.csv,1598,f5c6af5fa9cc68eddb5d7250df8d99398f12a1980e4af9a9c99ff90d067c62d0,/mnt/e/Reserch/Older women/outputs/phase36_gmm_algorithm_robustness_summary.csv
aggregate_output,outputs_aggregate/phase36_missingness_included_excluded.csv,1477,d441bcc09120f8f387466684a879aebbc04c59583db01baa8ed6e109139a798a,/mnt/e/Reserch/Older women/outputs/phase36_missingness_included_excluded.csv
aggregate_output,outputs_aggregate/phase37_auc_bootstrap_ci.csv,954,31602b94fd7a00fb5a636e11a41117ca5a828195aea5d843f7613f0a3d73a925,/mnt/e/Reserch/Older women/outputs/phase37_auc_bootstrap_ci.csv
aggregate_output,outputs_aggregate/phase37_hard_outcome_and_weight_audit.csv,930,fbd1c5b20691a840481677c0def3023b140204aa1718d302173b9fd9ed4a83d7,/mnt/e/Reserch/Older women/outputs/phase37_hard_outcome_and_weight_audit.csv
aggregate_output,outputs_aggregate/phase37_reference_polish_audit.md,2873,42953b5b8c5bb116471f94a5ab13fcd4cd6d60028384a29174cc99e4002d3dfc,/mnt/e/Reserch/Older women/outputs/phase37_reference_polish_audit.md
aggregate_output,outputs_aggregate/phase37_reviewer_issue_action_matrix.csv,2666,9555a4005da967e59a9f562839ffaad88a8dde23adac2632175ced939ec569f9,/mnt/e/Reserch/Older women/outputs/phase37_reviewer_issue_action_matrix.csv
aggregate_output,outputs_aggregate/phase37_table1_baseline_clinical_characteristics.csv,2082,aa45daa9f3bdc14e9df2ec721cf783709ec5cebbda5008b5e6a4a407252397f0,/mnt/e/Reserch/Older women/outputs/phase37_table1_baseline_clinical_characteristics.csv
aggregate_output,outputs_aggregate/phase37_table2_strict_core_profile_families.csv,1700,e6bd1072c90106b0751769305b6c6a4370c30a88877666df0140e288bbeffb42,/mnt/e/Reserch/Older women/outputs/phase37_table2_strict_core_profile_families.csv
aggregate_output,outputs_aggregate/phase37_table3_adjusted_functional_validation.csv,1648,1d732915680485532af1b9e68f0f4f824f4703581014ea69bd5642802977b326,/mnt/e/Reserch/Older women/outputs/phase37_table3_adjusted_functional_validation.csv
aggregate_output,outputs_aggregate/phase38_hard_outcome_candidate_audit.csv,4704,f1fed93f3aa9f4e7ad8509b777ac04e27c6201e43a2ae96f5b37bf191bec3414,/mnt/e/Reserch/Older women/outputs/phase38_hard_outcome_candidate_audit.csv
aggregate_output,outputs_aggregate/phase38_mortality_secondary_guardrail_table.csv,1453,472e9703f7c9529be6e6dd8e5b6e9e086b7ddf2640a26140e1026bf4e2276efd,/mnt/e/Reserch/Older women/outputs/phase38_mortality_secondary_guardrail_table.csv
aggregate_output,outputs_aggregate/phase38_sex_comparator_domain_contrasts.csv,730,ebb369ee369a65c62c0d618a028e4fc6c21cd33fdf6eef27e6a46150b7680bbc,/mnt/e/Reserch/Older women/outputs/phase38_sex_comparator_domain_contrasts.csv
aggregate_output,outputs_aggregate/phase38_sex_comparator_domain_summary.csv,1694,db7ff8e6a49a354f75bfafb731194f2d0ce4162157d698eb57f1f23f33e55e35,/mnt/e/Reserch/Older women/outputs/phase38_sex_comparator_domain_summary.csv
aggregate_output,outputs_aggregate/phase38_survey_design_variable_audit.csv,4033,02efea05017f08a16b6647e75b802cbf88d5288f0a7437533bafcf80cca15b9c,/mnt/e/Reserch/Older women/outputs/phase38_survey_design_variable_audit.csv
aggregate_output,outputs_aggregate/phase38_unresolved_guardrail_report.md,2116,5fe62fa44171bdfbca7c7f6f26ddac59988572b29d03cfeccf59be347d0f1eff,/mnt/e/Reserch/Older women/outputs/phase38_unresolved_guardrail_report.md
aggregate_output,outputs_aggregate/phase38_unresolved_issue_resolution_matrix.csv,1630,7fe73d9ba5037c48745c7f3d933628f1db2bc36317cd4178b8790d5d2a71e765,/mnt/e/Reserch/Older women/outputs/phase38_unresolved_issue_resolution_matrix.csv
aggregate_output,outputs_aggregate/phase39_mortality_secondary_guardrail_table.csv,1495,91792770990a43d8a8d982df2038afa3e3eb30b411f6c62bb625e83860891a8a,/mnt/e/Reserch/Older women/outputs/phase39_mortality_secondary_guardrail_table.csv
aggregate_output,outputs_aggregate/phase39_profile_family_sensitivity_support.csv,973,2b781314032c12133ce2ea022c9021c052d81200d8519f07176162d66c4de01b,/mnt/e/Reserch/Older women/outputs/phase39_profile_family_sensitivity_support.csv
aggregate_output,outputs_aggregate/phase39_submission_cleanup_issue_matrix.csv,1281,f1b9657cb5794a2b7836681f49a581b9ee072973a8b0b802911adbbc18eeb26a,/mnt/e/Reserch/Older women/outputs/phase39_submission_cleanup_issue_matrix.csv
aggregate_output,outputs_aggregate/phase39_table1_baseline_clinical_covariates.csv,2838,b514722a81d96829d6143c95fc41ffe833612bf0ce77597bb6ab063d3b13f36d,/mnt/e/Reserch/Older women/outputs/phase39_table1_baseline_clinical_covariates.csv
aggregate_output,outputs_aggregate/phase39_table2_strict_core_profile_families_main.csv,1485,1da11807b15f0fdd0c6b97d5f4c2700cf0de13c80dd85bbe733460a292563266,/mnt/e/Reserch/Older women/outputs/phase39_table2_strict_core_profile_families_main.csv
aggregate_output,outputs_aggregate/phase3_domain_correlations.csv,3004,f7aa8e5808f46db59cb77e76020f5bdc1a88c56d71307c94d097e9f11ada37be,/mnt/e/Reserch/Older women/outputs/phase3_domain_correlations.csv
aggregate_output,outputs_aggregate/phase3_domain_missingness.csv,2042,3fe7f7bc3b50ed34d1cec8d6332ba0e886ffa96141b3385f71ca25d2cfe9db43,/mnt/e/Reserch/Older women/outputs/phase3_domain_missingness.csv
aggregate_output,outputs_aggregate/phase3_domain_score_distribution.csv,2895,2f09d31983be88c0b159c3852aab531299dad8d52524c8474f07404a23e759ea,/mnt/e/Reserch/Older women/outputs/phase3_domain_score_distribution.csv
aggregate_output,outputs_aggregate/phase3_domain_score_qc.md,2003,44632491fab098df56e13ee91dd7b493f206afd8fd4fa11269dc4acb70f09300,/mnt/e/Reserch/Older women/outputs/phase3_domain_score_qc.md
aggregate_output,outputs_aggregate/phase40_lfo_sensitivity_rows_removed_from_main.csv,1208,55215a923f3512cd181d42c126769178d7a2940169a53891c111f62e99ac75d7,/mnt/e/Reserch/Older women/outputs/phase40_lfo_sensitivity_rows_removed_from_main.csv
aggregate_output,outputs_aggregate/phase40_table1_baseline_clinical_design.csv,3660,52d81312baff4e025d13ebeff25690ffcc2382b3601c8f485b3f70aa3557945b,/mnt/e/Reserch/Older women/outputs/phase40_table1_baseline_clinical_design.csv
aggregate_output,outputs_aggregate/phase40_table2_profile_stability_guardrails.csv,1554,7cdf607f6f79193b0dec144e241a58f3f369b2b73da2f0f0bbf313d13bfecf06,/mnt/e/Reserch/Older women/outputs/phase40_table2_profile_stability_guardrails.csv
aggregate_output,outputs_aggregate/phase40_table3_lfo_functional_change_association_strict_core.csv,2059,18a09ce8333e75dacaebc1db0ce20c36d798b6d157f36ab6f2d437a8f52cc810,/mnt/e/Reserch/Older women/outputs/phase40_table3_lfo_functional_change_association_strict_core.csv
aggregate_output,outputs_aggregate/phase41_all_sex_lfo_sex_interaction_skipped.csv,75,423178351a6082a6e7f5471327505f95de50846449de6570a7eb6ae77c85a903,/mnt/e/Reserch/Older women/outputs/phase41_all_sex_lfo_sex_interaction_skipped.csv
aggregate_output,outputs_aggregate/phase41_all_sex_lfo_sex_interaction_summary.csv,2074,d5bb47cba4661fe1016c68537742cd04a3b6725a6c636f3a8e09d620d1632b30,/mnt/e/Reserch/Older women/outputs/phase41_all_sex_lfo_sex_interaction_summary.csv
aggregate_output,outputs_aggregate/phase41_all_sex_lfo_sex_interaction_terms.csv,7479,25844f2b2eaf45fab66987ac0727ce24b1cf3bdfa0a885b2314504da43af5227,/mnt/e/Reserch/Older women/outputs/phase41_all_sex_lfo_sex_interaction_terms.csv
aggregate_output,outputs_aggregate/phase41_calibration_deciles.csv,9129,b44ac114cd534ea5f592e8b4258c59a03fdc7daafc06d28f59f348baf4b86255,/mnt/e/Reserch/Older women/outputs/phase41_calibration_deciles.csv
aggregate_output,outputs_aggregate/phase41_calibration_metrics.csv,2252,98fa705ef0b41c8d1b408715e2b6fa4c7bb1f6e030176c758d465c42b3d38e98,/mnt/e/Reserch/Older women/outputs/phase41_calibration_metrics.csv
aggregate_output,outputs_aggregate/phase41_decision_curve_net_benefit.csv,5967,4bc59a6c87ab0aa8f74f45b8962f6e52c99bc86d90195313439eaee52ca0ada0,/mnt/e/Reserch/Older women/outputs/phase41_decision_curve_net_benefit.csv
aggregate_output,outputs_aggregate/phase41_decision_curve_summary.csv,2247,8cd1879769b96e7a82314b9ec05fb3bd80eed0d8dd6f594002bd8c49a539d846,/mnt/e/Reserch/Older women/outputs/phase41_decision_curve_summary.csv
aggregate_output,outputs_aggregate/phase41_enhanced_analysis_report.md,2100,6914b1c9eb64f492d2316bda44faaa5cf4acf8b7810feed337fb3051bfad2a69,/mnt/e/Reserch/Older women/outputs/phase41_enhanced_analysis_report.md
aggregate_output,outputs_aggregate/phase41_hospitalization_candidate_model_comparison.csv,1588,19daa2a004b7d02c7bc3428867ee08bfafe8754d298239750bb3f13446bb8cee,/mnt/e/Reserch/Older women/outputs/phase41_hospitalization_candidate_model_comparison.csv
aggregate_output,outputs_aggregate/phase41_hospitalization_candidate_model_metrics.csv,2374,6e9db05eda7a2f17ef249743d952fb5f1221e397f881b6968ec7be7700651f29,/mnt/e/Reserch/Older women/outputs/phase41_hospitalization_candidate_model_metrics.csv
aggregate_output,outputs_aggregate/phase41_hospitalization_candidate_model_skipped.csv,4,b42f2099187886def637d6aa840022266e05cb6c987a9394e708e23cd505eb46,/mnt/e/Reserch/Older women/outputs/phase41_hospitalization_candidate_model_skipped.csv
aggregate_output,outputs_aggregate/phase41_hospitalization_candidate_model_terms.csv,12297,d0abb75546713a56a29a1dcb813e9c00866c99a195fc57cd9b72f623b1a3541c,/mnt/e/Reserch/Older women/outputs/phase41_hospitalization_candidate_model_terms.csv
aggregate_output,outputs_aggregate/phase41_hospitalization_candidate_status.csv,964,2d4fb61d6bcd0ae2c2ad75e49da646cc0ca1c704eeb2ae3a7962e0431e63aebe,/mnt/e/Reserch/Older women/outputs/phase41_hospitalization_candidate_status.csv
aggregate_output,outputs_aggregate/phase41_mortality_secondary_formal_model_table.csv,1857,431a35d7f1b6b86177568e22367f5435f633a9bc110572b98e2688a20eb37222,/mnt/e/Reserch/Older women/outputs/phase41_mortality_secondary_formal_model_table.csv
aggregate_output,outputs_aggregate/phase41_secondary_endpoint_prediction_guardrail_summary.csv,1575,c3c6ec457fbf9ab29b0a7ba37c69edce46b203c098acc297b047f315e14a4fe4,/mnt/e/Reserch/Older women/outputs/phase41_secondary_endpoint_prediction_guardrail_summary.csv
aggregate_output,outputs_aggregate/phase41_survey_design_raw_codebook_audit.csv,423590,8cdb5b0cba7c15d325667b103f2a7d94b1f3ba3b372416ad2c02bafdb449e362,/mnt/e/Reserch/Older women/outputs/phase41_survey_design_raw_codebook_audit.csv
aggregate_output,outputs_aggregate/phase41_survey_design_triplet_status.csv,906,17925471174a8c0d16830ef95ef79c6417fe41f389252afc26e152e56d965669,/mnt/e/Reserch/Older women/outputs/phase41_survey_design_triplet_status.csv
aggregate_output,outputs_aggregate/phase42_persist_contact_sheet_summary.tsv,960,380619b58d17e44aa7ee55f15105aa4af5e56277c0c65929d30b86f4292c5fdd,/mnt/e/Reserch/Older women/outputs/phase42_persist_contact_sheet_summary.tsv
aggregate_output,outputs_aggregate/phase42_persist_panel_inventory.tsv,9893,1fb033863c26c352740e0a212fff035d2908ce3f94fea63a01418bee2da5cecd,/mnt/e/Reserch/Older women/outputs/phase42_persist_panel_inventory.tsv
aggregate_output,outputs_aggregate/phase42_persist_panel_render_variants.tsv,42170,bdf14685efb377a176c6921415291ac4d00ce18263ea3f45a8920e80fb4ae562,/mnt/e/Reserch/Older women/outputs/phase42_persist_panel_render_variants.tsv
aggregate_output,outputs_aggregate/phase42_persist_panel_template_candidates.tsv,54698,d148c36d4b71cfe4c16284f2d4841ead3bc5f80679a0d3f955e71ed146b4d8c2,/mnt/e/Reserch/Older women/outputs/phase42_persist_panel_template_candidates.tsv
aggregate_output,outputs_aggregate/phase42_persist_panel_template_selection.md,20467,80d0c7b253aec61aa06df6aca903dec4c5f91c57ffe1ffb790ab4c819bcff023,/mnt/e/Reserch/Older women/outputs/phase42_persist_panel_template_selection.md
aggregate_output,outputs_aggregate/phase42_persist_source_code_first_validation.md,168,2f78e18427ab26bca92729d61b9c85d88fcd40337806e6c4be7a5fd5a30b8960,/mnt/e/Reserch/Older women/outputs/phase42_persist_source_code_first_validation.md
aggregate_output,outputs_aggregate/phase43_user_selected_hf_contact_sheet_summary.tsv,674,c1a2a3fa9a474f01bb5d691939494e8445d48ef02a64fe3d230bf7a3c012cda9,/mnt/e/Reserch/Older women/outputs/phase43_user_selected_hf_contact_sheet_summary.tsv
aggregate_output,outputs_aggregate/phase43_user_selected_hf_panel_render_variants.tsv,7829,3a735a8cdaeedca2418a6f70e1edce426c97ec65acdf24619748a4b3310e1982,/mnt/e/Reserch/Older women/outputs/phase43_user_selected_hf_panel_render_variants.tsv
aggregate_output,outputs_aggregate/phase43_user_selected_hf_validation.md,168,2f78e18427ab26bca92729d61b9c85d88fcd40337806e6c4be7a5fd5a30b8960,/mnt/e/Reserch/Older women/outputs/phase43_user_selected_hf_validation.md
aggregate_output,outputs_aggregate/phase44_user_selected_hf_v2_contact_sheet_summary.tsv,1458,8a345c2cde27b84f572374a0c5ed44a4f8767cbd1d8d85d620db0b8cbf269519,/mnt/e/Reserch/Older women/outputs/phase44_user_selected_hf_v2_contact_sheet_summary.tsv
aggregate_output,outputs_aggregate/phase44_user_selected_hf_v2_panel_render_variants.tsv,4661,151692b4f1b56472796fb79b319b8a647ac214788a925acf39b2823255e63fcc,/mnt/e/Reserch/Older women/outputs/phase44_user_selected_hf_v2_panel_render_variants.tsv
aggregate_output,outputs_aggregate/phase44_user_selected_hf_v2_validation.md,168,2f78e18427ab26bca92729d61b9c85d88fcd40337806e6c4be7a5fd5a30b8960,/mnt/e/Reserch/Older women/outputs/phase44_user_selected_hf_v2_validation.md
aggregate_output,outputs_aggregate/phase46_cross_cohort_heterogeneity_summary.csv,963,c1dd57d02dc603a4d76676170813b86a6c8179c30b26fe04dd457adbc795be12,/mnt/e/Reserch/Older women/outputs/phase46_cross_cohort_heterogeneity_summary.csv
aggregate_output,outputs_aggregate/phase46_simulated_peer_review_response_action_matrix.csv,2449,d3dae327e827458fefc15a700df9ee124e59b3688b0995373f6e6dd74184d284,/mnt/e/Reserch/Older women/outputs/phase46_simulated_peer_review_response_action_matrix.csv
aggregate_output,outputs_aggregate/phase47_gmm_bootstrap_robustness_replicates.csv,322165,fb561949cf828d59d6a48c4dd39796b5dcfb11c52435b5ed67382b7a564b0fd2,/mnt/e/Reserch/Older women/outputs/phase47_gmm_bootstrap_robustness_replicates.csv
aggregate_output,outputs_aggregate/phase47_gmm_bootstrap_robustness_summary.csv,2740,abe6133f5d569d1da9240d7244d4261aa7fc1b4b5c0b0adc7ad65c4ee6dc5b6f,/mnt/e/Reserch/Older women/outputs/phase47_gmm_bootstrap_robustness_summary.csv
aggregate_output,outputs_aggregate/phase47_gmm_covariance_diagnostics_extended.csv,5837,1090099ef0ee14b8a1f0a356ac4225c934694bf157ce14f899196989d4c061ff,/mnt/e/Reserch/Older women/outputs/phase47_gmm_covariance_diagnostics_extended.csv
aggregate_output,outputs_aggregate/phase47_hard_endpoint_feasibility_matrix.csv,3737,7c3973410171c48bffdc8554c52a1af172a2a5eec59e79b9f60d062c5700e043,/mnt/e/Reserch/Older women/outputs/phase47_hard_endpoint_feasibility_matrix.csv
aggregate_output,outputs_aggregate/phase47_reviewer_risk_enhancement_summary.csv,1145,794d3d856c9b888649d1637dca60399081bf7fa94a60ec2febec1e4978100e7c,/mnt/e/Reserch/Older women/outputs/phase47_reviewer_risk_enhancement_summary.csv
aggregate_output,outputs_aggregate/phase47_survey_design_review_summary.csv,1494,601fa430dd23fbd0cf3f069c3256bf1e217c24159c9fa80366bc7d1b1b7a9ca7,/mnt/e/Reserch/Older women/outputs/phase47_survey_design_review_summary.csv
aggregate_output,outputs_aggregate/phase47_women_only_sex_interaction_summary_for_review.csv,2058,5479fc2955ee8bba821305dcefacf2547202df3bb73ca1d1f07d60e165047548,/mnt/e/Reserch/Older women/outputs/phase47_women_only_sex_interaction_summary_for_review.csv
aggregate_output,outputs_aggregate/phase48_workbook_tab_qc.csv,6279,f2868828e712b024d9d16c8101048b33a5e0716dfb5a11e3e5f8c5eb11de7a8e,/mnt/e/Reserch/Older women/outputs/phase48_workbook_tab_qc.csv
aggregate_output,outputs_aggregate/phase4_best_model_summary.csv,1759,1a7f9cf48326633b1d0f5403680f7cf5e81c9d478dde0b7b5bb814155ca86f45,/mnt/e/Reserch/Older women/outputs/phase4_best_model_summary.csv
aggregate_output,outputs_aggregate/phase4_endotype_screen_report.md,6510,8ac99b9cabe419ce26f1b8e91ff17ad39f218a3f7d6174ca3ac80d6a50d9d13e,/mnt/e/Reserch/Older women/outputs/phase4_endotype_screen_report.md
aggregate_output,outputs_aggregate/phase4_gmm_class_profiles.csv,18388,fdf3309ffda0f28265b3d83b966ac12941e60028756477b41e26593fc384fbf8,/mnt/e/Reserch/Older women/outputs/phase4_gmm_class_profiles.csv
aggregate_output,outputs_aggregate/phase4_gmm_model_metrics.csv,4154,51e301427bb08ddaf3c8a5bfb772122767379eeef39277e7406349d8ebbe1580,/mnt/e/Reserch/Older women/outputs/phase4_gmm_model_metrics.csv
aggregate_output,outputs_aggregate/phase4_severity_comparator_profiles.csv,2362,e1a98c06def8929a2762b6deafca198aa1d2cf180ff8b4e429fb19e27fb17b07,/mnt/e/Reserch/Older women/outputs/phase4_severity_comparator_profiles.csv
aggregate_output,outputs_aggregate/phase5_domain_comparator_comparison.csv,8927,5ce78f43577975d9f485c687e272b287704203279220128493e39f0e6ce4e75a,/mnt/e/Reserch/Older women/outputs/phase5_domain_comparator_comparison.csv
aggregate_output,outputs_aggregate/phase5_domain_comparator_metrics.csv,27137,ca30cd3af992ca2deb7891190c29aef987f7584d4ee55ada2cc3ebd53ccea71e,/mnt/e/Reserch/Older women/outputs/phase5_domain_comparator_metrics.csv
aggregate_output,outputs_aggregate/phase5_domain_comparator_report.md,6141,5fecf632638f3a0e57b7b8f22069100617f9b02ffd1c53ab2b30251ba737c234,/mnt/e/Reserch/Older women/outputs/phase5_domain_comparator_report.md
aggregate_output,outputs_aggregate/phase5_domain_comparator_skipped.csv,1758,97d90385940db34816d9f93d8a3c0ecc55e9b08708c5cab5ad6a026e7dfa36de,/mnt/e/Reserch/Older women/outputs/phase5_domain_comparator_skipped.csv
aggregate_output,outputs_aggregate/phase5_domain_comparator_terms.csv,91530,042ab129756e7ebf974d72365743a930feddb1931bddc3bcfa36ade686634655,/mnt/e/Reserch/Older women/outputs/phase5_domain_comparator_terms.csv
aggregate_output,outputs_aggregate/phase5_followup_outcome_inventory.csv,9672,339c76d54aaf02a016e5910d5dd77639f969dbebdce5825165a13a74959c5602,/mnt/e/Reserch/Older women/outputs/phase5_followup_outcome_inventory.csv
aggregate_output,outputs_aggregate/phase5_outcome_inventory_report.md,2344,56c8f4ff975ca24e1c06f03809c976596f3dfaada769fa1132462ad5f395f5d0,/mnt/e/Reserch/Older women/outputs/phase5_outcome_inventory_report.md
aggregate_output,outputs_aggregate/phase5_outcome_model_comparison.csv,3339,72000134a6d8e4fe8f1d172dd520bbec33bea1df47e594e73ab2ce3d84d3405d,/mnt/e/Reserch/Older women/outputs/phase5_outcome_model_comparison.csv
aggregate_output,outputs_aggregate/phase5_outcome_model_metrics.csv,9622,2811e80fe07ad92fe1a5097b832c4964a6970badad17c53e844a82d90e52f367,/mnt/e/Reserch/Older women/outputs/phase5_outcome_model_metrics.csv
aggregate_output,outputs_aggregate/phase5_outcome_model_report.md,3718,41c655b30887812d499ab04facb56adf2cb0b990d06d643d86e17735319902a3,/mnt/e/Reserch/Older women/outputs/phase5_outcome_model_report.md
aggregate_output,outputs_aggregate/phase5_outcome_model_skipped.csv,1092,7225b6a7099183c4bbe4b48eb5df7cc5978e0c502bcbc20e2f3ce4b9e465d67c,/mnt/e/Reserch/Older women/outputs/phase5_outcome_model_skipped.csv
aggregate_output,outputs_aggregate/phase5_outcome_model_terms.csv,43689,88a1b8a6c12804b604569f35295baffc2e017cfe723dba5ed86a7e6c8b954ce3,/mnt/e/Reserch/Older women/outputs/phase5_outcome_model_terms.csv
aggregate_output,outputs_aggregate/phase5_outcome_variable_inventory.csv,2042,9e7dbc35d7880bc6081b9b693a56eb2173186975b9a69b1fdf79f790861a7419,/mnt/e/Reserch/Older women/outputs/phase5_outcome_variable_inventory.csv
aggregate_output,outputs_aggregate/phase5_refinement_interpretation_memo.md,3921,5e87efa8ebf212a273ae74d21fb54e700bc8cf31d8cb40ce5c5aa7f6e101f126,/mnt/e/Reserch/Older women/outputs/phase5_refinement_interpretation_memo.md
aggregate_output,outputs_aggregate/phase6_mortality_model_comparison.csv,3150,2705157acd987c5095f403f1ac5470a2d438ed3a947a8ca2aff64e30414eadb4,/mnt/e/Reserch/Older women/outputs/phase6_mortality_model_comparison.csv
aggregate_output,outputs_aggregate/phase6_mortality_model_metrics.csv,5466,ba4080131a0ce6af0a552d1effb59bd4dde5a1cd49268624d91d123c7cf05cdb,/mnt/e/Reserch/Older women/outputs/phase6_mortality_model_metrics.csv
aggregate_output,outputs_aggregate/phase6_mortality_model_report.md,2451,b8dc7835b9b96ef6b9845fd3ef9c94f0f7be85f42ddd6a011d74b31c24a3161a,/mnt/e/Reserch/Older women/outputs/phase6_mortality_model_report.md
aggregate_output,outputs_aggregate/phase6_mortality_model_skipped.csv,486,bb4a2906292e5f3d41e46f47df9db97b7b7a18e0554a26b27da887fd3adcbbec,/mnt/e/Reserch/Older women/outputs/phase6_mortality_model_skipped.csv
aggregate_output,outputs_aggregate/phase6_mortality_model_terms.csv,21344,cc2c14a68339d6eb664a7fc0a0c37803ff9b4708b13f895b0007ea9efa2aa4ae,/mnt/e/Reserch/Older women/outputs/phase6_mortality_model_terms.csv
aggregate_output,outputs_aggregate/phase6_mortality_screen_report.md,2574,dc073511d4995174283e07ff6410cee051c4df1217c126b5e0f9f43f3613f8dc,/mnt/e/Reserch/Older women/outputs/phase6_mortality_screen_report.md
aggregate_output,outputs_aggregate/phase6_mortality_summary.csv,5716,fb597ed8a8a719c0ae7e4ae5d6ce4cbb25ab0587e9452e118a28bb38b3371537,/mnt/e/Reserch/Older women/outputs/phase6_mortality_summary.csv
aggregate_output,outputs_aggregate/phase6_mortality_variable_inventory.csv,2244,ff289300bdef7be8c34f8a36976e7bd085f89d2a7c9da9e85897e36813736cca,/mnt/e/Reserch/Older women/outputs/phase6_mortality_variable_inventory.csv
aggregate_output,outputs_aggregate/phase7_aic_delta_vs_severity_tertile.csv,1119,a7d3fc9f2c0648c60915f6267d125bea77a5fcf30cfdabfb6a336439b94e395a,/mnt/e/Reserch/Older women/outputs/phase7_aic_delta_vs_severity_tertile.csv
aggregate_output,outputs_aggregate/phase7_class_outcome_review.csv,7231,0dba5fc3df70b8e1512be962cc50e7f85a3c1ad28c80f80e5446554263fa4ca9,/mnt/e/Reserch/Older women/outputs/phase7_class_outcome_review.csv
aggregate_output,outputs_aggregate/phase7_manuscript_review_report.md,4244,2109d0fdf40dd0f4843f3f048770aa8ef285bd6c7ec19612ea35e89a5645bcc8,/mnt/e/Reserch/Older women/outputs/phase7_manuscript_review_report.md
aggregate_output,outputs_aggregate/phase8_mortality_ph_diagnostic_report.md,2249,6e461f288338b6babf573c84b4258d69753ca40bcebeda54af9972b6a35e1142,/mnt/e/Reserch/Older women/outputs/phase8_mortality_ph_diagnostic_report.md
aggregate_output,outputs_aggregate/phase8_mortality_ph_diagnostic_skipped.csv,124,8be7926045b9dce4822197d05001b9bdde5e12d341fa02d838b89ece786b04bf,/mnt/e/Reserch/Older women/outputs/phase8_mortality_ph_diagnostic_skipped.csv
aggregate_output,outputs_aggregate/phase8_mortality_ph_diagnostic_summary.csv,616,1d4d88dc0d8c137272288e1d6c0cad71b1e46d64048ee89fc95cd543ebb77fcb,/mnt/e/Reserch/Older women/outputs/phase8_mortality_ph_diagnostic_summary.csv
aggregate_output,outputs_aggregate/phase8_mortality_ph_diagnostics.csv,3600,9281258fec3517a3b6dcc6d6e6c0863c4d040b561097a09c37407b5e4ad3c056,/mnt/e/Reserch/Older women/outputs/phase8_mortality_ph_diagnostics.csv
aggregate_output,outputs_aggregate/phase9_mortality_piecewise_metrics.csv,2200,fdcc21e6fa1607e304871defb82744f35acc4a6653b255252a2715a3817db462,/mnt/e/Reserch/Older women/outputs/phase9_mortality_piecewise_metrics.csv
aggregate_output,outputs_aggregate/phase9_mortality_piecewise_report.md,5045,bced1095a1ca357fa50d15fcb8fb6635caa28c6c2f7e0c61693fc33e84c89ad5,/mnt/e/Reserch/Older women/outputs/phase9_mortality_piecewise_report.md
aggregate_output,outputs_aggregate/phase9_mortality_piecewise_skipped.csv,153,9fa65b2c1b10350b0c529a2829911866e317aedeffed0b84daa2152611226988,/mnt/e/Reserch/Older women/outputs/phase9_mortality_piecewise_skipped.csv
aggregate_output,outputs_aggregate/phase9_mortality_piecewise_stability.csv,3688,8ebb8762f17f65cb563725f4701c71505fa2e46072cd46e0297073112aa2c1a6,/mnt/e/Reserch/Older women/outputs/phase9_mortality_piecewise_stability.csv
aggregate_output,outputs_aggregate/phase9_mortality_piecewise_terms.csv,11322,085fc61d560a8f98f5e09584da89ac106b3f3b050c9a942afed1d7c32231ca62,/mnt/e/Reserch/Older women/outputs/phase9_mortality_piecewise_terms.csv
aggregate_output,outputs_aggregate/sex_coding_confirmation.csv,6515,87bee631d360779645bd3b3a96b4a37df98ef6f51e0088884ae85e086d06c86e,/mnt/e/Reserch/Older women/outputs/sex_coding_confirmation.csv
aggregate_output,outputs_aggregate/variable_availability_report.md,5482,9cfc675bfb4c6275fc07a975218dbe34fb786ac09059357b49764e608b2be5e0,/mnt/e/Reserch/Older women/outputs/variable_availability_report.md
project_note,project_notes/PROJECT_ENV.md,8480,0dd6edb5b3e21af0f48094fb19571d2ffdec217e1dc3cd1dd3ed262f3643f37c,/mnt/e/Reserch/Older women/PROJECT_ENV.md
project_note,project_notes/README.md,10181,b15c3de2aabc4da1f58213533cc0bdf3165de693fcd7261f3754b599d199746c,/mnt/e/Reserch/Older women/README.md
project_note,project_notes/implementation_log.md,70257,3301f13dd2325ddbf7d1c36555298a11b9ec431aae750a45d45c686738842709,/mnt/e/Reserch/Older women/implementation_log.md
project_note,project_notes/next_analysis_tasks.md,38569,d14b3a3a3b64491177801d01e88ea09a57871cc4fb5d370e106cdb150d84f01f,/mnt/e/Reserch/Older women/next_analysis_tasks.md
project_note,project_notes/novelty_matrix.md,6077,db30f77115851f2dcd9dd97a115d6fce18f710eef6c0acc69fa08214fda643d0,/mnt/e/Reserch/Older women/novelty_matrix.md
project_note,project_notes/statistical_analysis_plan.md,15059,0f9fdee4af06dc1f5bd642d2ecacb8331bc6369a45d4ad3d880d603e107718fb,/mnt/e/Reserch/Older women/statistical_analysis_plan.md
script,scripts/build_bmc_submission_workbooks.mjs,6665,d1c11a2e16b189b077ab58e5cb08b860cf47228b9c284b113346557439711143,/mnt/e/Reserch/Older women/scripts/build_bmc_submission_workbooks.mjs
script,scripts/build_bmc_submission_workbooks.py,7235,3e596d8781c4c5747e6c22746fe3e67e0c32293818d3c2dbc849e7f65ddef637,/mnt/e/Reserch/Older women/scripts/build_bmc_submission_workbooks.py
script,scripts/build_phase10_class_label_candidates.py,7840,ff35b63010e1103f292780622afce7f4f0db5b40ab8147e64b8846cdc6b7557e,/mnt/e/Reserch/Older women/scripts/build_phase10_class_label_candidates.py
script,scripts/build_phase11_manuscript_tables.py,22238,1e52a772f8903d8152dac9392a4e5899a0e73b473fc13c48110009d08696e7c1,/mnt/e/Reserch/Older women/scripts/build_phase11_manuscript_tables.py
script,scripts/build_phase12_results_skeleton.py,22359,512e00dee0a589762d016d1856a251246c4ef49eb85e36448f05f324709a42ed,/mnt/e/Reserch/Older women/scripts/build_phase12_results_skeleton.py
script,scripts/build_phase13_covariate_inventory.py,21421,6e2364f6d7ed90841a52ac719eb2afb2cd536959225c325f21376180ef41be71,/mnt/e/Reserch/Older women/scripts/build_phase13_covariate_inventory.py
script,scripts/build_phase14_covariate_sensitivity_models.py,36942,fb2a7f7c877e10efe90018a2eeff9c5bcc8f8e78bd0b8e1b553d85ccae49cb1a,/mnt/e/Reserch/Older women/scripts/build_phase14_covariate_sensitivity_models.py
script,scripts/build_phase15_manuscript_integration.py,30386,d846b4851ce789919c025e268a69c243c692876127021363b1b09489ea634f26,/mnt/e/Reserch/Older women/scripts/build_phase15_manuscript_integration.py
script,scripts/build_phase16_label_lock_and_manuscript_draft.py,27295,ba7702b80fb83426bb0fc8c299e2116a39c2b9c89df2456b2020f45bb1349f42,/mnt/e/Reserch/Older women/scripts/build_phase16_label_lock_and_manuscript_draft.py
script,scripts/build_phase17_manuscript_assembly.py,27605,8135f0108e475a34ffa6505e195a4e6c63704cdcde8072649dbc674c0f553313,/mnt/e/Reserch/Older women/scripts/build_phase17_manuscript_assembly.py
script,scripts/build_phase18_submission_draft_v0.py,34823,1e444b35505997934abb28df5f18e7e6e7ab68e36285a3cccfde00b46b3d0054,/mnt/e/Reserch/Older women/scripts/build_phase18_submission_draft_v0.py
script,scripts/build_phase19_clean_submission_package.py,42451,1a8cffda4589dd87903b5e96411945d46456e344ca82ac0df8610d366e9be050,/mnt/e/Reserch/Older women/scripts/build_phase19_clean_submission_package.py
script,scripts/build_phase1_feasibility.py,9682,e6de6b651bdc24947089b57cbc70760d90e1735596362f84bd11ce7f538b4437,/mnt/e/Reserch/Older women/scripts/build_phase1_feasibility.py
script,scripts/build_phase20_target_and_signoff_assets.py,20647,73422331f5aeb75dbf47e0166f96139a572042fdbbbaa2c59199e24c9cec3d96,/mnt/e/Reserch/Older women/scripts/build_phase20_target_and_signoff_assets.py
script,scripts/build_phase22_bmc_review_ready_package.py,13212,786797f9b00e9c6f0ea4fe7cfb379a736e8ca4857e2300f2d38be0ab8c6eb1c4,/mnt/e/Reserch/Older women/scripts/build_phase22_bmc_review_ready_package.py
script,scripts/build_phase27_share_strict_functional_audit.py,15321,7efd02f4bd4a0d207be8586289882fb6a7f0f317b5e21162f46eb8ba36ffded1,/mnt/e/Reserch/Older women/scripts/build_phase27_share_strict_functional_audit.py
script,scripts/build_phase28_reviewer_ready_assets.py,12639,79b5acf71e5d59d41aaae9216e222fbca58c7db6a23491c6b535e96d8093b962,/mnt/e/Reserch/Older women/scripts/build_phase28_reviewer_ready_assets.py
script,scripts/build_phase2_harmonization.py,28763,d10f3faf9feff4e0fedcdbe1944fe01999e2dc61afaafe4eebb20240497049b6,/mnt/e/Reserch/Older women/scripts/build_phase2_harmonization.py
script,scripts/build_phase32_decoupled_lfo_validation.py,32453,64dc8ee3016783eafd0a5961e520e09163180fb367b133ac343ded79f952c0fb,/mnt/e/Reserch/Older women/scripts/build_phase32_decoupled_lfo_validation.py
script,scripts/build_phase32_functional_endpoint_audit.py,9799,95c9c24c4d282e0aeddbec580622b36ded840fbb933ae6fcd5eb1fe4f1ecd238,/mnt/e/Reserch/Older women/scripts/build_phase32_functional_endpoint_audit.py
script,scripts/build_phase32_gmm_stability_diagnostics.py,15433,a5b06f18b88775ade1a1f8294b62a4d1287781441190366f1756306c98ba6e8d,/mnt/e/Reserch/Older women/scripts/build_phase32_gmm_stability_diagnostics.py
script,scripts/build_phase32_item_harmonization_crosswalk.py,13819,9a11fd5180db6049c2a6b9653bb6166c83d059fa30b0d1b35b59fd42259841df,/mnt/e/Reserch/Older women/scripts/build_phase32_item_harmonization_crosswalk.py
script,scripts/build_phase32_uniform_reference_models.py,12680,8d116cc834b0137bafa320160e59093b75b48c1ac2acd449c66143203a9e307e,/mnt/e/Reserch/Older women/scripts/build_phase32_uniform_reference_models.py
script,scripts/build_phase33_logic_table_figure_audit.py,45546,9d5fa7d5684268c53d5aab228bda08e20045d1c9c41765e8ba59f977d5000460,/mnt/e/Reserch/Older women/scripts/build_phase33_logic_table_figure_audit.py
script,scripts/build_phase34_apply_table_fig4_upgrade.py,50451,cc51cf47580549cc5b63ab6b0a36a17c52d6b620401d5d6aafabfca462ba55fe,/mnt/e/Reserch/Older women/scripts/build_phase34_apply_table_fig4_upgrade.py
script,scripts/build_phase36_clinical_tables_and_robustness.py,56887,49d526c72277feafcb585b717a2a2c845af8f21522949ae1266e558c7314068e,/mnt/e/Reserch/Older women/scripts/build_phase36_clinical_tables_and_robustness.py
script,scripts/build_phase37_top_journal_restructure.py,66939,0ea97898577244fe6437e1b6ca838432cc6a41b42a1cc5d7867981836ddf30c8,/mnt/e/Reserch/Older women/scripts/build_phase37_top_journal_restructure.py
script,scripts/build_phase38_unresolved_guardrail_package.py,41103,43efc49beeb61b84cc805ec33592a8253cb6c44ec642d0457a4ebec198bd59e4,/mnt/e/Reserch/Older women/scripts/build_phase38_unresolved_guardrail_package.py
script,scripts/build_phase39_submission_cleanup.py,39398,2b6377f854a45bee0f1a14b93e45f696296ef0133878c259da61ce8bb1f66477,/mnt/e/Reserch/Older women/scripts/build_phase39_submission_cleanup.py
script,scripts/build_phase3_domain_scores.py,29125,92485542b683cd4b87f1828d0081cd31acfa7277dbc4963dbda605376e0cd80c,/mnt/e/Reserch/Older women/scripts/build_phase3_domain_scores.py
script,scripts/build_phase41_enhanced_analyses.py,62580,93a586c905cf171e118a52d1489f6b4200abf156cf6e67ff996da2b84313902f,/mnt/e/Reserch/Older women/scripts/build_phase41_enhanced_analyses.py
script,scripts/build_phase42_persist_panel_selection.py,37285,a390f012dc8a1e7e91ab5da7e1d6c17a804e81fd06943bf5cf0c8599d8a2585b,/mnt/e/Reserch/Older women/scripts/build_phase42_persist_panel_selection.py
script,scripts/build_phase47_reviewer_risk_enhancements.py,15033,ff56454334e48db00c199eeeabd70cb0fa0a7ac64b0a63a87082af64bc95a157,/mnt/e/Reserch/Older women/scripts/build_phase47_reviewer_risk_enhancements.py
script,scripts/build_phase4_endotype_models.py,15768,7f71be6cc4a889acc6405df51af1015c7f9ce660f9e42a66e215c3da6532aaab,/mnt/e/Reserch/Older women/scripts/build_phase4_endotype_models.py
script,scripts/build_phase5_domain_comparator_models.py,16703,1e9d7ed7183e94ac52d101bfd4f24b883a4d450cafa96176a19b84eeb9ca45fe,/mnt/e/Reserch/Older women/scripts/build_phase5_domain_comparator_models.py
script,scripts/build_phase5_outcome_inventory.py,16285,2a0336243a075642763720da4289b29fa8344ed6a98ab5322607c6382f4bf1cf,/mnt/e/Reserch/Older women/scripts/build_phase5_outcome_inventory.py
script,scripts/build_phase5_outcome_models.py,13821,fe0ecb401f5208d03b82b849e28c2b94d806395dc1131bcad38121f4c5519be9,/mnt/e/Reserch/Older women/scripts/build_phase5_outcome_models.py
script,scripts/build_phase6_mortality_models.py,12752,367ce7df93778c240424c8c0dc35043f909cb06950262a3fb5b432524cbb3ee8,/mnt/e/Reserch/Older women/scripts/build_phase6_mortality_models.py
script,scripts/build_phase6_mortality_screen.py,13718,c6cd8eb5d1f73da2fe0e43a99e4e6c7015e1a884be36f9be2adbab733e8cff82,/mnt/e/Reserch/Older women/scripts/build_phase6_mortality_screen.py
script,scripts/build_phase7_manuscript_review_assets.py,19401,7f2e5506a2e428bf9224d8f9b0f54ad97a2742ae1547dadceb72574018e28f60,/mnt/e/Reserch/Older women/scripts/build_phase7_manuscript_review_assets.py
script,scripts/build_phase8_mortality_ph_diagnostics.py,9994,bdc7e6bbbdd2222e3442d5981318e57f5d90605d217df105a118a349b4ea674d,/mnt/e/Reserch/Older women/scripts/build_phase8_mortality_ph_diagnostics.py
script,scripts/build_phase9_mortality_piecewise_sensitivity.py,13274,fd208dbc6c5090dc16f7e4e9fa74674697fcbcf55f24a3ab8df409c196f604ae,/mnt/e/Reserch/Older women/scripts/build_phase9_mortality_piecewise_sensitivity.py
script,scripts/build_variable_inventory.py,12255,2d3628a08882349b2ac029d55dd0b0bfb06f9ce2668ee6552cc22ace39bd5837,/mnt/e/Reserch/Older women/scripts/build_variable_inventory.py
script,scripts/manuscript_figure_style.py,4706,77817a4e90fc36545cc8f0cceb3f8f6bc8880a65c33f820a2e5c5d79c08cef7a,/mnt/e/Reserch/Older women/scripts/manuscript_figure_style.py
script,scripts/render_phase42_persist_variants.py,42611,a3577b422d32ad0b2a57bc94708618b3a1dff73fcd87476e2df8546248b0e5d2,/mnt/e/Reserch/Older women/scripts/render_phase42_persist_variants.py
script,scripts/render_phase43_user_selected_hf_capsules.py,50397,dd0f3049f2a9507bb098a95199843a6425d825c9c15f856e01139ec8d80e3765,/mnt/e/Reserch/Older women/scripts/render_phase43_user_selected_hf_capsules.py
script,scripts/render_phase44_user_selected_hf_capsules_v2.py,57612,f5a436f8e4eccb8f067311c31aa592b25a28742cccaf02129ede3402a4c933d7,/mnt/e/Reserch/Older women/scripts/render_phase44_user_selected_hf_capsules_v2.py
script,scripts/render_phase45_workflow_schematic.py,8385,6beca2d8105f49c7a7bc8921fb6df36955747acd7a89571bbc4c913d6ef97a7d,/mnt/e/Reserch/Older women/scripts/render_phase45_workflow_schematic.py
script,scripts/workflow_bmc_submission_qc.py,16463,de97c28069a551a132e0aa0892ec2480bf840fa05f17d9109ff93debddb1ef47,/mnt/e/Reserch/Older women/scripts/workflow_bmc_submission_qc.py
