cohort,concept,source_type,variable_or_line,label_or_snippet,source_file,evidence_status
CHARLS,weight,cleaned_header,,,/mnt/e/Database/七大老年健康数据库数据/csv 版本 清洗后/charls.csv,cleaned candidate only; requires codebook confirmation
CHARLS,psu,cleaned_header,,,/mnt/e/Database/七大老年健康数据库数据/csv 版本 清洗后/charls.csv,cleaned candidate only; requires codebook confirmation
CHARLS,strata,cleaned_header,,,/mnt/e/Database/七大老年健康数据库数据/csv 版本 清洗后/charls.csv,cleaned candidate only; requires codebook confirmation
ELSA,weight,cleaned_header,,,/mnt/e/Database/七大老年健康数据库数据/csv 版本 清洗后/elsa.csv,cleaned candidate only; requires codebook confirmation
ELSA,psu,cleaned_header,,,/mnt/e/Database/七大老年健康数据库数据/csv 版本 清洗后/elsa.csv,cleaned candidate only; requires codebook confirmation
ELSA,strata,cleaned_header,,,/mnt/e/Database/七大老年健康数据库数据/csv 版本 清洗后/elsa.csv,cleaned candidate only; requires codebook confirmation
HRS,weight,cleaned_header,wtresp,wtresp (个体权重),/mnt/e/Database/七大老年健康数据库数据/csv 版本 清洗后/hrs.csv,cleaned candidate only; requires codebook confirmation
HRS,psu,cleaned_header,,,/mnt/e/Database/七大老年健康数据库数据/csv 版本 清洗后/hrs.csv,cleaned candidate only; requires codebook confirmation
HRS,strata,cleaned_header,,,/mnt/e/Database/七大老年健康数据库数据/csv 版本 清洗后/hrs.csv,cleaned candidate only; requires codebook confirmation
KLoSA,weight,cleaned_header,,,/mnt/e/Database/七大老年健康数据库数据/csv 版本 清洗后/klosa.csv,cleaned candidate only; requires codebook confirmation
KLoSA,psu,cleaned_header,,,/mnt/e/Database/七大老年健康数据库数据/csv 版本 清洗后/klosa.csv,cleaned candidate only; requires codebook confirmation
KLoSA,strata,cleaned_header,,,/mnt/e/Database/七大老年健康数据库数据/csv 版本 清洗后/klosa.csv,cleaned candidate only; requires codebook confirmation
LASI,weight,cleaned_header,,,/mnt/e/Database/七大老年健康数据库数据/csv 版本 清洗后/lasi.csv,cleaned candidate only; requires codebook confirmation
LASI,psu,cleaned_header,,,/mnt/e/Database/七大老年健康数据库数据/csv 版本 清洗后/lasi.csv,cleaned candidate only; requires codebook confirmation
LASI,strata,cleaned_header,,,/mnt/e/Database/七大老年健康数据库数据/csv 版本 清洗后/lasi.csv,cleaned candidate only; requires codebook confirmation
MHAS,weight,cleaned_header,,,/mnt/e/Database/七大老年健康数据库数据/csv 版本 清洗后/mhas.csv,cleaned candidate only; requires codebook confirmation
MHAS,psu,cleaned_header,,,/mnt/e/Database/七大老年健康数据库数据/csv 版本 清洗后/mhas.csv,cleaned candidate only; requires codebook confirmation
MHAS,strata,cleaned_header,,,/mnt/e/Database/七大老年健康数据库数据/csv 版本 清洗后/mhas.csv,cleaned candidate only; requires codebook confirmation
SHARE,weight,cleaned_header,,,/mnt/e/Database/七大老年健康数据库数据/csv 版本 清洗后/share.csv,cleaned candidate only; requires codebook confirmation
SHARE,psu,cleaned_header,,,/mnt/e/Database/七大老年健康数据库数据/csv 版本 清洗后/share.csv,cleaned candidate only; requires codebook confirmation
SHARE,strata,cleaned_header,,,/mnt/e/Database/七大老年健康数据库数据/csv 版本 清洗后/share.csv,cleaned candidate only; requires codebook confirmation
CHARLS,weight,stata_label,r1bloodweight,Blood Weight with Household and Individual Response Adjustment,/mnt/e/Database/七大老年健康数据库数据/1. CHARLS  中国/CHARLS_中国/Temp_data/charls11.dta,metadata mention; manual mapping required
CHARLS,weight,stata_label,r3bloodweight,Blood Weight with Household and Individual Response Adjustment,/mnt/e/Database/七大老年健康数据库数据/1. CHARLS  中国/CHARLS_中国/Temp_data/charls15.dta,metadata mention; manual mapping required
CHARLS,weight,stata_label,r5wthh,Household Base Weight,/mnt/e/Database/七大老年健康数据库数据/1. CHARLS  中国/CHARLS_中国/Temp_data/charls20.dta,metadata mention; manual mapping required
CHARLS,weight,stata_label,r5wthha,Household Weight with Household Response Adjustment,/mnt/e/Database/七大老年健康数据库数据/1. CHARLS  中国/CHARLS_中国/Temp_data/charls20.dta,metadata mention; manual mapping required
CHARLS,weight,stata_label,r5wtresp,Individual Base Weight,/mnt/e/Database/七大老年健康数据库数据/1. CHARLS  中国/CHARLS_中国/Temp_data/charls20.dta,metadata mention; manual mapping required
CHARLS,weight,stata_label,r5wtrespb,Individual Weight with Household and Individual Response Adjustment,/mnt/e/Database/七大老年健康数据库数据/1. CHARLS  中国/CHARLS_中国/Temp_data/charls20.dta,metadata mention; manual mapping required
CHARLS,weight,stata_label,r1wthh,r1wthh:w1 Household weight without non-response adjustment,/mnt/e/Database/七大老年健康数据库数据/1. CHARLS  中国/CHARLS_中国/Raw_data/Harmonized_CHARLS_C/H_CHARLS_C_Data.dta,metadata mention; manual mapping required
CHARLS,weight,stata_label,r2wthh,r2wthh:w2 Household weight without non-response adjustment,/mnt/e/Database/七大老年健康数据库数据/1. CHARLS  中国/CHARLS_中国/Raw_data/Harmonized_CHARLS_C/H_CHARLS_C_Data.dta,metadata mention; manual mapping required
CHARLS,weight,stata_label,r4wthh,r4wthh:w4 Household weight without non-response adjustment,/mnt/e/Database/七大老年健康数据库数据/1. CHARLS  中国/CHARLS_中国/Raw_data/Harmonized_CHARLS_C/H_CHARLS_C_Data.dta,metadata mention; manual mapping required
CHARLS,weight,stata_label,r2wthhl,r2wthhl:w2 Household longitudinal weight,/mnt/e/Database/七大老年健康数据库数据/1. CHARLS  中国/CHARLS_中国/Raw_data/Harmonized_CHARLS_C/H_CHARLS_C_Data.dta,metadata mention; manual mapping required
CHARLS,weight,stata_label,r1wthha,r1wthha:w1 Household weight with non-response adjustment,/mnt/e/Database/七大老年健康数据库数据/1. CHARLS  中国/CHARLS_中国/Raw_data/Harmonized_CHARLS_C/H_CHARLS_C_Data.dta,metadata mention; manual mapping required
CHARLS,weight,stata_label,r2wthha,r2wthha:w2 Household weight with non-response adjustment,/mnt/e/Database/七大老年健康数据库数据/1. CHARLS  中国/CHARLS_中国/Raw_data/Harmonized_CHARLS_C/H_CHARLS_C_Data.dta,metadata mention; manual mapping required
CHARLS,weight,stata_label,r4wthha,r4wthha:w4 Household weight with non-response adjustment,/mnt/e/Database/七大老年健康数据库数据/1. CHARLS  中国/CHARLS_中国/Raw_data/Harmonized_CHARLS_C/H_CHARLS_C_Data.dta,metadata mention; manual mapping required
CHARLS,weight,stata_label,r1wtresp,r1wtresp:w1 Individual weight without non-response adjustment,/mnt/e/Database/七大老年健康数据库数据/1. CHARLS  中国/CHARLS_中国/Raw_data/Harmonized_CHARLS_C/H_CHARLS_C_Data.dta,metadata mention; manual mapping required
CHARLS,weight,stata_label,r2wtresp,r2wtresp:w2 Individual weight without non-response adjustment,/mnt/e/Database/七大老年健康数据库数据/1. CHARLS  中国/CHARLS_中国/Raw_data/Harmonized_CHARLS_C/H_CHARLS_C_Data.dta,metadata mention; manual mapping required
CHARLS,weight,stata_label,r4wtresp,r4wtresp:w4 Individual weight without non-response adjustment,/mnt/e/Database/七大老年健康数据库数据/1. CHARLS  中国/CHARLS_中国/Raw_data/Harmonized_CHARLS_C/H_CHARLS_C_Data.dta,metadata mention; manual mapping required
CHARLS,weight,stata_label,s1wtresp,s1wtresp:w1 s weight without non-response adjustment,/mnt/e/Database/七大老年健康数据库数据/1. CHARLS  中国/CHARLS_中国/Raw_data/Harmonized_CHARLS_C/H_CHARLS_C_Data.dta,metadata mention; manual mapping required
CHARLS,weight,stata_label,s2wtresp,s2wtresp:w2 s weight without non-response adjustment,/mnt/e/Database/七大老年健康数据库数据/1. CHARLS  中国/CHARLS_中国/Raw_data/Harmonized_CHARLS_C/H_CHARLS_C_Data.dta,metadata mention; manual mapping required
CHARLS,weight,stata_label,s4wtresp,s4wtresp:w4 s weight without non-response adjustment,/mnt/e/Database/七大老年健康数据库数据/1. CHARLS  中国/CHARLS_中国/Raw_data/Harmonized_CHARLS_C/H_CHARLS_C_Data.dta,metadata mention; manual mapping required
CHARLS,weight,stata_label,r2wtrespl,r2wtrespl:w2 Individual longitudinal weight,/mnt/e/Database/七大老年健康数据库数据/1. CHARLS  中国/CHARLS_中国/Raw_data/Harmonized_CHARLS_C/H_CHARLS_C_Data.dta,metadata mention; manual mapping required
CHARLS,weight,stata_label,s2wtrespl,s2wtrespl:w2 Individual longitudinal weight,/mnt/e/Database/七大老年健康数据库数据/1. CHARLS  中国/CHARLS_中国/Raw_data/Harmonized_CHARLS_C/H_CHARLS_C_Data.dta,metadata mention; manual mapping required
CHARLS,weight,stata_label,r1wtrespa,r1wtrespa:w1 Individual weight with HH non-response adjustment,/mnt/e/Database/七大老年健康数据库数据/1. CHARLS  中国/CHARLS_中国/Raw_data/Harmonized_CHARLS_C/H_CHARLS_C_Data.dta,metadata mention; manual mapping required
CHARLS,weight,stata_label,r2wtrespa,r2wtrespa:w2 Individual weight with HH non-response adjustment,/mnt/e/Database/七大老年健康数据库数据/1. CHARLS  中国/CHARLS_中国/Raw_data/Harmonized_CHARLS_C/H_CHARLS_C_Data.dta,metadata mention; manual mapping required
CHARLS,weight,stata_label,r4wtrespa,r4wtrespa:w4 Individual weight with HH non-response adjustment,/mnt/e/Database/七大老年健康数据库数据/1. CHARLS  中国/CHARLS_中国/Raw_data/Harmonized_CHARLS_C/H_CHARLS_C_Data.dta,metadata mention; manual mapping required
CHARLS,weight,stata_label,s1wtrespa,s1wtrespa:w1 s weight with HH non-response adjustment,/mnt/e/Database/七大老年健康数据库数据/1. CHARLS  中国/CHARLS_中国/Raw_data/Harmonized_CHARLS_C/H_CHARLS_C_Data.dta,metadata mention; manual mapping required
CHARLS,weight,stata_label,s2wtrespa,s2wtrespa:w2 s weight with HH non-response adjustment,/mnt/e/Database/七大老年健康数据库数据/1. CHARLS  中国/CHARLS_中国/Raw_data/Harmonized_CHARLS_C/H_CHARLS_C_Data.dta,metadata mention; manual mapping required
CHARLS,weight,stata_label,s4wtrespa,s4wtrespa:w4 s weight with HH non-response adjustment,/mnt/e/Database/七大老年健康数据库数据/1. CHARLS  中国/CHARLS_中国/Raw_data/Harmonized_CHARLS_C/H_CHARLS_C_Data.dta,metadata mention; manual mapping required
CHARLS,weight,stata_label,r1wtrespb,r1wtrespb:w1 Individual weight with HH/Ind non-response adjustment,/mnt/e/Database/七大老年健康数据库数据/1. CHARLS  中国/CHARLS_中国/Raw_data/Harmonized_CHARLS_C/H_CHARLS_C_Data.dta,metadata mention; manual mapping required
CHARLS,weight,stata_label,r2wtrespb,r2wtrespb:w2 Individual weight with HH/Ind non-response adjustment,/mnt/e/Database/七大老年健康数据库数据/1. CHARLS  中国/CHARLS_中国/Raw_data/Harmonized_CHARLS_C/H_CHARLS_C_Data.dta,metadata mention; manual mapping required
CHARLS,weight,stata_label,r4wtrespb,r4wtrespb:w4 Individual weight with HH/Ind non-response adjustment,/mnt/e/Database/七大老年健康数据库数据/1. CHARLS  中国/CHARLS_中国/Raw_data/Harmonized_CHARLS_C/H_CHARLS_C_Data.dta,metadata mention; manual mapping required
CHARLS,weight,stata_label,s1wtrespb,s1wtrespb:w1 s weight with HH/Ind non-response adjustment,/mnt/e/Database/七大老年健康数据库数据/1. CHARLS  中国/CHARLS_中国/Raw_data/Harmonized_CHARLS_C/H_CHARLS_C_Data.dta,metadata mention; manual mapping required
CHARLS,weight,stata_label,s2wtrespb,s2wtrespb:w2 s weight with HH/Ind non-response adjustment,/mnt/e/Database/七大老年健康数据库数据/1. CHARLS  中国/CHARLS_中国/Raw_data/Harmonized_CHARLS_C/H_CHARLS_C_Data.dta,metadata mention; manual mapping required
CHARLS,weight,stata_label,s4wtrespb,s4wtrespb:w4 s weight with HH/Ind non-response adjustment,/mnt/e/Database/七大老年健康数据库数据/1. CHARLS  中国/CHARLS_中国/Raw_data/Harmonized_CHARLS_C/H_CHARLS_C_Data.dta,metadata mention; manual mapping required
CHARLS,weight,stata_label,r1wtrespbioa,r1wtrespbioa:w1 Individual biomarker weight with HH non-response adjustment,/mnt/e/Database/七大老年健康数据库数据/1. CHARLS  中国/CHARLS_中国/Raw_data/Harmonized_CHARLS_C/H_CHARLS_C_Data.dta,metadata mention; manual mapping required
CHARLS,weight,stata_label,s1wtrespbioa,s1wtrespbioa:w1 Individual biomarker weight with HH non-response adjustment,/mnt/e/Database/七大老年健康数据库数据/1. CHARLS  中国/CHARLS_中国/Raw_data/Harmonized_CHARLS_C/H_CHARLS_C_Data.dta,metadata mention; manual mapping required
CHARLS,weight,stata_label,r1wtrespbiob,r1wtrespbiob:w1 Individual biomarker weight with HH/Ind non-response adjustment,/mnt/e/Database/七大老年健康数据库数据/1. CHARLS  中国/CHARLS_中国/Raw_data/Harmonized_CHARLS_C/H_CHARLS_C_Data.dta,metadata mention; manual mapping required
CHARLS,weight,stata_label,r2wtrespbiob,r2wtrespbiob:w2 Individual biomarker weight with HH/Ind non-response adjustment,/mnt/e/Database/七大老年健康数据库数据/1. CHARLS  中国/CHARLS_中国/Raw_data/Harmonized_CHARLS_C/H_CHARLS_C_Data.dta,metadata mention; manual mapping required
CHARLS,weight,stata_label,r4wtrespbiob,r4wtrespbiob:w4 Individual biomarker weight with HH/Ind non-response adjustment,/mnt/e/Database/七大老年健康数据库数据/1. CHARLS  中国/CHARLS_中国/Raw_data/Harmonized_CHARLS_C/H_CHARLS_C_Data.dta,metadata mention; manual mapping required
CHARLS,weight,stata_label,s1wtrespbiob,s1wtrespbiob:w1 Individual biomarker weight with HH/Ind non-response adjustment,/mnt/e/Database/七大老年健康数据库数据/1. CHARLS  中国/CHARLS_中国/Raw_data/Harmonized_CHARLS_C/H_CHARLS_C_Data.dta,metadata mention; manual mapping required
CHARLS,weight,stata_label,s2wtrespbiob,s2wtrespbiob:w2 Individual biomarker weight with HH/Ind non-response adjustment,/mnt/e/Database/七大老年健康数据库数据/1. CHARLS  中国/CHARLS_中国/Raw_data/Harmonized_CHARLS_C/H_CHARLS_C_Data.dta,metadata mention; manual mapping required
CHARLS,weight,stata_label,s4wtrespbiob,s4wtrespbiob:w4 Individual biomarker weight with HH/Ind non-response adjustment,/mnt/e/Database/七大老年健康数据库数据/1. CHARLS  中国/CHARLS_中国/Raw_data/Harmonized_CHARLS_C/H_CHARLS_C_Data.dta,metadata mention; manual mapping required
CHARLS,weight,stata_label,r1weight,r1weight:w1 r weight in kilograms,/mnt/e/Database/七大老年健康数据库数据/1. CHARLS  中国/CHARLS_中国/Raw_data/Harmonized_CHARLS_C/H_CHARLS_C_Data.dta,metadata mention; manual mapping required
CHARLS,weight,stata_label,r2weight,r2weight:w2 r weight in kilograms,/mnt/e/Database/七大老年健康数据库数据/1. CHARLS  中国/CHARLS_中国/Raw_data/Harmonized_CHARLS_C/H_CHARLS_C_Data.dta,metadata mention; manual mapping required
CHARLS,weight,stata_label,r4weight,r4weight:w4 r weight in kilograms,/mnt/e/Database/七大老年健康数据库数据/1. CHARLS  中国/CHARLS_中国/Raw_data/Harmonized_CHARLS_C/H_CHARLS_C_Data.dta,metadata mention; manual mapping required
CHARLS,weight,stata_label,s1weight,s1weight:w1 s weight in kilograms,/mnt/e/Database/七大老年健康数据库数据/1. CHARLS  中国/CHARLS_中国/Raw_data/Harmonized_CHARLS_C/H_CHARLS_C_Data.dta,metadata mention; manual mapping required
CHARLS,weight,stata_label,s2weight,s2weight:w2 s weight in kilograms,/mnt/e/Database/七大老年健康数据库数据/1. CHARLS  中国/CHARLS_中国/Raw_data/Harmonized_CHARLS_C/H_CHARLS_C_Data.dta,metadata mention; manual mapping required
CHARLS,weight,stata_label,s4weight,s4weight:w4 s weight in kilograms,/mnt/e/Database/七大老年健康数据库数据/1. CHARLS  中国/CHARLS_中国/Raw_data/Harmonized_CHARLS_C/H_CHARLS_C_Data.dta,metadata mention; manual mapping required
CHARLS,weight,stata_label,r1wthh,r1wthh:w1 household weight without non-response adjustment,/mnt/e/Database/七大老年健康数据库数据/1. CHARLS  中国/CHARLS_中国/Raw_data/Harmonized_CHARLS_D/H_CHARLS_D_Data.dta,metadata mention; manual mapping required
CHARLS,weight,stata_label,r2wthh,r2wthh:w2 household weight without non-response adjustment,/mnt/e/Database/七大老年健康数据库数据/1. CHARLS  中国/CHARLS_中国/Raw_data/Harmonized_CHARLS_D/H_CHARLS_D_Data.dta,metadata mention; manual mapping required
CHARLS,weight,stata_label,r3wthh,r3wthh:w3 household weight without non-response adjustment,/mnt/e/Database/七大老年健康数据库数据/1. CHARLS  中国/CHARLS_中国/Raw_data/Harmonized_CHARLS_D/H_CHARLS_D_Data.dta,metadata mention; manual mapping required
CHARLS,weight,stata_label,r4wthh,r4wthh:w4 household weight without non-response adjustment,/mnt/e/Database/七大老年健康数据库数据/1. CHARLS  中国/CHARLS_中国/Raw_data/Harmonized_CHARLS_D/H_CHARLS_D_Data.dta,metadata mention; manual mapping required
CHARLS,weight,stata_label,r2wthhl,r2wthhl:w2 household longitudinal weight,/mnt/e/Database/七大老年健康数据库数据/1. CHARLS  中国/CHARLS_中国/Raw_data/Harmonized_CHARLS_D/H_CHARLS_D_Data.dta,metadata mention; manual mapping required
CHARLS,weight,stata_label,r1wthha,r1wthha:w1 household weight with non-response adjustment,/mnt/e/Database/七大老年健康数据库数据/1. CHARLS  中国/CHARLS_中国/Raw_data/Harmonized_CHARLS_D/H_CHARLS_D_Data.dta,metadata mention; manual mapping required
CHARLS,weight,stata_label,r2wthha,r2wthha:w2 household weight with non-response adjustment,/mnt/e/Database/七大老年健康数据库数据/1. CHARLS  中国/CHARLS_中国/Raw_data/Harmonized_CHARLS_D/H_CHARLS_D_Data.dta,metadata mention; manual mapping required
CHARLS,weight,stata_label,r3wthha,r3wthha:w3 household weight with non-response adjustment,/mnt/e/Database/七大老年健康数据库数据/1. CHARLS  中国/CHARLS_中国/Raw_data/Harmonized_CHARLS_D/H_CHARLS_D_Data.dta,metadata mention; manual mapping required
CHARLS,weight,stata_label,r4wthha,r4wthha:w4 household weight with non-response adjustment,/mnt/e/Database/七大老年健康数据库数据/1. CHARLS  中国/CHARLS_中国/Raw_data/Harmonized_CHARLS_D/H_CHARLS_D_Data.dta,metadata mention; manual mapping required
CHARLS,weight,stata_label,r1wtresp,r1wtresp:w1 individual weight without non-response adjustment,/mnt/e/Database/七大老年健康数据库数据/1. CHARLS  中国/CHARLS_中国/Raw_data/Harmonized_CHARLS_D/H_CHARLS_D_Data.dta,metadata mention; manual mapping required
CHARLS,weight,stata_label,r2wtresp,r2wtresp:w2 individual weight without non-response adjustment,/mnt/e/Database/七大老年健康数据库数据/1. CHARLS  中国/CHARLS_中国/Raw_data/Harmonized_CHARLS_D/H_CHARLS_D_Data.dta,metadata mention; manual mapping required
CHARLS,weight,stata_label,r3wtresp,r3wtresp:w3 individual weight without non-response adjustment,/mnt/e/Database/七大老年健康数据库数据/1. CHARLS  中国/CHARLS_中国/Raw_data/Harmonized_CHARLS_D/H_CHARLS_D_Data.dta,metadata mention; manual mapping required
CHARLS,weight,stata_label,r4wtresp,r4wtresp:w4 individual weight without non-response adjustment,/mnt/e/Database/七大老年健康数据库数据/1. CHARLS  中国/CHARLS_中国/Raw_data/Harmonized_CHARLS_D/H_CHARLS_D_Data.dta,metadata mention; manual mapping required
CHARLS,weight,stata_label,s1wtresp,s1wtresp:w1 s weight without non-response adjustment,/mnt/e/Database/七大老年健康数据库数据/1. CHARLS  中国/CHARLS_中国/Raw_data/Harmonized_CHARLS_D/H_CHARLS_D_Data.dta,metadata mention; manual mapping required
CHARLS,weight,stata_label,s2wtresp,s2wtresp:w2 s weight without non-response adjustment,/mnt/e/Database/七大老年健康数据库数据/1. CHARLS  中国/CHARLS_中国/Raw_data/Harmonized_CHARLS_D/H_CHARLS_D_Data.dta,metadata mention; manual mapping required
CHARLS,weight,stata_label,s3wtresp,s3wtresp:w3 s weight without non-response adjustment,/mnt/e/Database/七大老年健康数据库数据/1. CHARLS  中国/CHARLS_中国/Raw_data/Harmonized_CHARLS_D/H_CHARLS_D_Data.dta,metadata mention; manual mapping required
CHARLS,weight,stata_label,s4wtresp,s4wtresp:w4 s weight without non-response adjustment,/mnt/e/Database/七大老年健康数据库数据/1. CHARLS  中国/CHARLS_中国/Raw_data/Harmonized_CHARLS_D/H_CHARLS_D_Data.dta,metadata mention; manual mapping required
CHARLS,weight,stata_label,r2wtrespl,r2wtrespl:w2 individual longitudinal weight,/mnt/e/Database/七大老年健康数据库数据/1. CHARLS  中国/CHARLS_中国/Raw_data/Harmonized_CHARLS_D/H_CHARLS_D_Data.dta,metadata mention; manual mapping required
CHARLS,weight,stata_label,s2wtrespl,s2wtrespl:w2 individual longitudinal weight,/mnt/e/Database/七大老年健康数据库数据/1. CHARLS  中国/CHARLS_中国/Raw_data/Harmonized_CHARLS_D/H_CHARLS_D_Data.dta,metadata mention; manual mapping required
CHARLS,weight,stata_label,r1wtrespa,r1wtrespa:w1 individual weight with HH non-response adjustment,/mnt/e/Database/七大老年健康数据库数据/1. CHARLS  中国/CHARLS_中国/Raw_data/Harmonized_CHARLS_D/H_CHARLS_D_Data.dta,metadata mention; manual mapping required
CHARLS,weight,stata_label,r2wtrespa,r2wtrespa:w2 individual weight with HH non-response adjustment,/mnt/e/Database/七大老年健康数据库数据/1. CHARLS  中国/CHARLS_中国/Raw_data/Harmonized_CHARLS_D/H_CHARLS_D_Data.dta,metadata mention; manual mapping required
CHARLS,weight,stata_label,r3wtrespa,r3wtrespa:w3 individual weight with HH non-response adjustment,/mnt/e/Database/七大老年健康数据库数据/1. CHARLS  中国/CHARLS_中国/Raw_data/Harmonized_CHARLS_D/H_CHARLS_D_Data.dta,metadata mention; manual mapping required
CHARLS,weight,stata_label,s1wtrespa,s1wtrespa:w1 s weight with HH non-response adjustment,/mnt/e/Database/七大老年健康数据库数据/1. CHARLS  中国/CHARLS_中国/Raw_data/Harmonized_CHARLS_D/H_CHARLS_D_Data.dta,metadata mention; manual mapping required
CHARLS,weight,stata_label,s2wtrespa,s2wtrespa:w2 s weight with HH non-response adjustment,/mnt/e/Database/七大老年健康数据库数据/1. CHARLS  中国/CHARLS_中国/Raw_data/Harmonized_CHARLS_D/H_CHARLS_D_Data.dta,metadata mention; manual mapping required
CHARLS,weight,stata_label,s3wtrespa,s3wtrespa:w3 s weight with HH non-response adjustment,/mnt/e/Database/七大老年健康数据库数据/1. CHARLS  中国/CHARLS_中国/Raw_data/Harmonized_CHARLS_D/H_CHARLS_D_Data.dta,metadata mention; manual mapping required
CHARLS,weight,stata_label,r1wtrespb,r1wtrespb:w1 individual weight with HH/ind non-response adjustment,/mnt/e/Database/七大老年健康数据库数据/1. CHARLS  中国/CHARLS_中国/Raw_data/Harmonized_CHARLS_D/H_CHARLS_D_Data.dta,metadata mention; manual mapping required
CHARLS,weight,stata_label,r2wtrespb,r2wtrespb:w2 individual weight with HH/ind non-response adjustment,/mnt/e/Database/七大老年健康数据库数据/1. CHARLS  中国/CHARLS_中国/Raw_data/Harmonized_CHARLS_D/H_CHARLS_D_Data.dta,metadata mention; manual mapping required
CHARLS,weight,stata_label,r3wtrespb,r3wtrespb:w3 individual weight with HH/Ind non-response adjustment,/mnt/e/Database/七大老年健康数据库数据/1. CHARLS  中国/CHARLS_中国/Raw_data/Harmonized_CHARLS_D/H_CHARLS_D_Data.dta,metadata mention; manual mapping required
CHARLS,weight,stata_label,r4wtrespb,r4wtrespb:w4 individual weight with HH/ind non-response adjustment,/mnt/e/Database/七大老年健康数据库数据/1. CHARLS  中国/CHARLS_中国/Raw_data/Harmonized_CHARLS_D/H_CHARLS_D_Data.dta,metadata mention; manual mapping required
CHARLS,weight,stata_label,s1wtrespb,s1wtrespb:w1 s weight with HH/ind non-response adjustment,/mnt/e/Database/七大老年健康数据库数据/1. CHARLS  中国/CHARLS_中国/Raw_data/Harmonized_CHARLS_D/H_CHARLS_D_Data.dta,metadata mention; manual mapping required
CHARLS,weight,stata_label,s2wtrespb,s2wtrespb:w2 s weight with HH/ind non-response adjustment,/mnt/e/Database/七大老年健康数据库数据/1. CHARLS  中国/CHARLS_中国/Raw_data/Harmonized_CHARLS_D/H_CHARLS_D_Data.dta,metadata mention; manual mapping required
CHARLS,weight,stata_label,s3wtrespb,s3wtrespb:w3 s weight with HH/ind non-response adjustment,/mnt/e/Database/七大老年健康数据库数据/1. CHARLS  中国/CHARLS_中国/Raw_data/Harmonized_CHARLS_D/H_CHARLS_D_Data.dta,metadata mention; manual mapping required
CHARLS,weight,stata_label,s4wtrespb,s4wtrespb:w4 s weight with HH/ind non-response adjustment,/mnt/e/Database/七大老年健康数据库数据/1. CHARLS  中国/CHARLS_中国/Raw_data/Harmonized_CHARLS_D/H_CHARLS_D_Data.dta,metadata mention; manual mapping required
CHARLS,weight,stata_label,r1wtrespbioa,r1wtrespbioa:w1 individual biomarker weight with HH non-response adjustment,/mnt/e/Database/七大老年健康数据库数据/1. CHARLS  中国/CHARLS_中国/Raw_data/Harmonized_CHARLS_D/H_CHARLS_D_Data.dta,metadata mention; manual mapping required
CHARLS,weight,stata_label,s1wtrespbioa,s1wtrespbioa:w1 individual biomarker weight with HH non-response adjustment,/mnt/e/Database/七大老年健康数据库数据/1. CHARLS  中国/CHARLS_中国/Raw_data/Harmonized_CHARLS_D/H_CHARLS_D_Data.dta,metadata mention; manual mapping required
CHARLS,weight,stata_label,r1wtrespbiob,r1wtrespbiob:w1 individual biomarker weight with HH/ind non-response adjustment,/mnt/e/Database/七大老年健康数据库数据/1. CHARLS  中国/CHARLS_中国/Raw_data/Harmonized_CHARLS_D/H_CHARLS_D_Data.dta,metadata mention; manual mapping required
CHARLS,weight,stata_label,r2wtrespbiob,r2wtrespbiob:w2 individual biomarker weight with HH/ind non-response adjustment,/mnt/e/Database/七大老年健康数据库数据/1. CHARLS  中国/CHARLS_中国/Raw_data/Harmonized_CHARLS_D/H_CHARLS_D_Data.dta,metadata mention; manual mapping required
CHARLS,weight,stata_label,r3wtrespbiob,r3wtrespbiob:w3 individual biomarker weight with HH/Ind non-response adjustment,/mnt/e/Database/七大老年健康数据库数据/1. CHARLS  中国/CHARLS_中国/Raw_data/Harmonized_CHARLS_D/H_CHARLS_D_Data.dta,metadata mention; manual mapping required
CHARLS,weight,stata_label,s1wtrespbiob,s1wtrespbiob:w1 individual biomarker weight with HH/ind non-response adjustment,/mnt/e/Database/七大老年健康数据库数据/1. CHARLS  中国/CHARLS_中国/Raw_data/Harmonized_CHARLS_D/H_CHARLS_D_Data.dta,metadata mention; manual mapping required
CHARLS,weight,stata_label,s2wtrespbiob,s2wtrespbiob:w2 individual biomarker weight with HH/ind non-response adjustment,/mnt/e/Database/七大老年健康数据库数据/1. CHARLS  中国/CHARLS_中国/Raw_data/Harmonized_CHARLS_D/H_CHARLS_D_Data.dta,metadata mention; manual mapping required
CHARLS,weight,stata_label,s3wtrespbiob,s3wtrespbiob:w3 individual biomarker weight with HH/ind non-response adjustment,/mnt/e/Database/七大老年健康数据库数据/1. CHARLS  中国/CHARLS_中国/Raw_data/Harmonized_CHARLS_D/H_CHARLS_D_Data.dta,metadata mention; manual mapping required
CHARLS,weight,stata_label,r1mweight,r1mweight:w1 r measured weight in kilograms,/mnt/e/Database/七大老年健康数据库数据/1. CHARLS  中国/CHARLS_中国/Raw_data/Harmonized_CHARLS_D/H_CHARLS_D_Data.dta,metadata mention; manual mapping required
CHARLS,weight,stata_label,r2mweight,r2mweight:w2 r measured weight in kilograms,/mnt/e/Database/七大老年健康数据库数据/1. CHARLS  中国/CHARLS_中国/Raw_data/Harmonized_CHARLS_D/H_CHARLS_D_Data.dta,metadata mention; manual mapping required
CHARLS,weight,stata_label,r3mweight,r3mweight:w3 r measured weight in kilograms,/mnt/e/Database/七大老年健康数据库数据/1. CHARLS  中国/CHARLS_中国/Raw_data/Harmonized_CHARLS_D/H_CHARLS_D_Data.dta,metadata mention; manual mapping required
CHARLS,weight,stata_label,s1mweight,s1mweight:w1 s measured weight in kilograms,/mnt/e/Database/七大老年健康数据库数据/1. CHARLS  中国/CHARLS_中国/Raw_data/Harmonized_CHARLS_D/H_CHARLS_D_Data.dta,metadata mention; manual mapping required
CHARLS,weight,stata_label,s2mweight,s2mweight:w2 s measured weight in kilograms,/mnt/e/Database/七大老年健康数据库数据/1. CHARLS  中国/CHARLS_中国/Raw_data/Harmonized_CHARLS_D/H_CHARLS_D_Data.dta,metadata mention; manual mapping required
CHARLS,weight,stata_label,s3mweight,s3mweight:w3 s measured weight in kilograms,/mnt/e/Database/七大老年健康数据库数据/1. CHARLS  中国/CHARLS_中国/Raw_data/Harmonized_CHARLS_D/H_CHARLS_D_Data.dta,metadata mention; manual mapping required
CHARLS,weight,stata_label,r1wtcomp,r1wtcomp:w1 r willing and able to complete weight measurement,/mnt/e/Database/七大老年健康数据库数据/1. CHARLS  中国/CHARLS_中国/Raw_data/Harmonized_CHARLS_D/H_CHARLS_D_Data.dta,metadata mention; manual mapping required
CHARLS,weight,stata_label,r2wtcomp,r2wtcomp:w2 r willing and able to complete weight measurement,/mnt/e/Database/七大老年健康数据库数据/1. CHARLS  中国/CHARLS_中国/Raw_data/Harmonized_CHARLS_D/H_CHARLS_D_Data.dta,metadata mention; manual mapping required
CHARLS,weight,stata_label,r3wtcomp,r3wtcomp:w3 r willing and able to complete weight measurement,/mnt/e/Database/七大老年健康数据库数据/1. CHARLS  中国/CHARLS_中国/Raw_data/Harmonized_CHARLS_D/H_CHARLS_D_Data.dta,metadata mention; manual mapping required
CHARLS,weight,stata_label,s1wtcomp,s1wtcomp:w1 s willing and able to complete weight measurement,/mnt/e/Database/七大老年健康数据库数据/1. CHARLS  中国/CHARLS_中国/Raw_data/Harmonized_CHARLS_D/H_CHARLS_D_Data.dta,metadata mention; manual mapping required
CHARLS,weight,stata_label,s2wtcomp,s2wtcomp:w2 s willing and able to complete weight measurement,/mnt/e/Database/七大老年健康数据库数据/1. CHARLS  中国/CHARLS_中国/Raw_data/Harmonized_CHARLS_D/H_CHARLS_D_Data.dta,metadata mention; manual mapping required
CHARLS,weight,stata_label,s3wtcomp,s3wtcomp:w3 s willing and able to complete weight measurement,/mnt/e/Database/七大老年健康数据库数据/1. CHARLS  中国/CHARLS_中国/Raw_data/Harmonized_CHARLS_D/H_CHARLS_D_Data.dta,metadata mention; manual mapping required
CHARLS,weight,stata_label,r1wtcompl,r1wtcompl:w1 r compliance weight measurement,/mnt/e/Database/七大老年健康数据库数据/1. CHARLS  中国/CHARLS_中国/Raw_data/Harmonized_CHARLS_D/H_CHARLS_D_Data.dta,metadata mention; manual mapping required
CHARLS,weight,stata_label,r2wtcompl,r2wtcompl:w2 r compliance weight measurement,/mnt/e/Database/七大老年健康数据库数据/1. CHARLS  中国/CHARLS_中国/Raw_data/Harmonized_CHARLS_D/H_CHARLS_D_Data.dta,metadata mention; manual mapping required
CHARLS,weight,stata_label,r3wtcompl,r3wtcompl:w3 r compliance weight measurement,/mnt/e/Database/七大老年健康数据库数据/1. CHARLS  中国/CHARLS_中国/Raw_data/Harmonized_CHARLS_D/H_CHARLS_D_Data.dta,metadata mention; manual mapping required
CHARLS,weight,stata_label,s1wtcompl,s1wtcompl:w1 s compliance weight measurement,/mnt/e/Database/七大老年健康数据库数据/1. CHARLS  中国/CHARLS_中国/Raw_data/Harmonized_CHARLS_D/H_CHARLS_D_Data.dta,metadata mention; manual mapping required
CHARLS,weight,stata_label,s2wtcompl,s2wtcompl:w2 s compliance weight measurement,/mnt/e/Database/七大老年健康数据库数据/1. CHARLS  中国/CHARLS_中国/Raw_data/Harmonized_CHARLS_D/H_CHARLS_D_Data.dta,metadata mention; manual mapping required
CHARLS,weight,stata_label,s3wtcompl,s3wtcompl:w3 s compliance weight measurement,/mnt/e/Database/七大老年健康数据库数据/1. CHARLS  中国/CHARLS_中国/Raw_data/Harmonized_CHARLS_D/H_CHARLS_D_Data.dta,metadata mention; manual mapping required
CHARLS,weight,stata_label,r1wtflr_c,r1wtflr_c:w1 r floor surface weight measurement,/mnt/e/Database/七大老年健康数据库数据/1. CHARLS  中国/CHARLS_中国/Raw_data/Harmonized_CHARLS_D/H_CHARLS_D_Data.dta,metadata mention; manual mapping required
CHARLS,weight,stata_label,r2wtflr_c,r2wtflr_c:w2 r floor surface weight measurement,/mnt/e/Database/七大老年健康数据库数据/1. CHARLS  中国/CHARLS_中国/Raw_data/Harmonized_CHARLS_D/H_CHARLS_D_Data.dta,metadata mention; manual mapping required
CHARLS,weight,stata_label,r3wtflr_c,r3wtflr_c:w3 r floor surface weight measurement,/mnt/e/Database/七大老年健康数据库数据/1. CHARLS  中国/CHARLS_中国/Raw_data/Harmonized_CHARLS_D/H_CHARLS_D_Data.dta,metadata mention; manual mapping required
CHARLS,weight,stata_label,s1wtflr_c,s1wtflr_c:w1 s floor surface weight measurement,/mnt/e/Database/七大老年健康数据库数据/1. CHARLS  中国/CHARLS_中国/Raw_data/Harmonized_CHARLS_D/H_CHARLS_D_Data.dta,metadata mention; manual mapping required
CHARLS,weight,stata_label,s2wtflr_c,s2wtflr_c:w2 s floor surface weight measurement,/mnt/e/Database/七大老年健康数据库数据/1. CHARLS  中国/CHARLS_中国/Raw_data/Harmonized_CHARLS_D/H_CHARLS_D_Data.dta,metadata mention; manual mapping required
CHARLS,weight,stata_label,s3wtflr_c,s3wtflr_c:w3 s floor surface weight measurement,/mnt/e/Database/七大老年健康数据库数据/1. CHARLS  中国/CHARLS_中国/Raw_data/Harmonized_CHARLS_D/H_CHARLS_D_Data.dta,metadata mention; manual mapping required
CHARLS,weight,stata_label,r1shoew,r1shoew:w1 r wearing shoes (weight),/mnt/e/Database/七大老年健康数据库数据/1. CHARLS  中国/CHARLS_中国/Raw_data/Harmonized_CHARLS_D/H_CHARLS_D_Data.dta,metadata mention; manual mapping required
CHARLS,weight,stata_label,r2shoew,r2shoew:w2 r wearing shoes (weight),/mnt/e/Database/七大老年健康数据库数据/1. CHARLS  中国/CHARLS_中国/Raw_data/Harmonized_CHARLS_D/H_CHARLS_D_Data.dta,metadata mention; manual mapping required
CHARLS,weight,stata_label,r3shoew,r3shoew:w3 r wearing shoes (weight),/mnt/e/Database/七大老年健康数据库数据/1. CHARLS  中国/CHARLS_中国/Raw_data/Harmonized_CHARLS_D/H_CHARLS_D_Data.dta,metadata mention; manual mapping required
CHARLS,weight,stata_label,s1shoew,s1shoew:w1 s wearing shoes (weight),/mnt/e/Database/七大老年健康数据库数据/1. CHARLS  中国/CHARLS_中国/Raw_data/Harmonized_CHARLS_D/H_CHARLS_D_Data.dta,metadata mention; manual mapping required
CHARLS,weight,stata_label,s2shoew,s2shoew:w2 s wearing shoes (weight),/mnt/e/Database/七大老年健康数据库数据/1. CHARLS  中国/CHARLS_中国/Raw_data/Harmonized_CHARLS_D/H_CHARLS_D_Data.dta,metadata mention; manual mapping required
CHARLS,weight,stata_label,s3shoew,s3shoew:w3 s wearing shoes (weight),/mnt/e/Database/七大老年健康数据库数据/1. CHARLS  中国/CHARLS_中国/Raw_data/Harmonized_CHARLS_D/H_CHARLS_D_Data.dta,metadata mention; manual mapping required
CHARLS,weight,stata_label,r1wghtsft,r1wghtsft:w1 r didn't complete weight: unsafe/health reason,/mnt/e/Database/七大老年健康数据库数据/1. CHARLS  中国/CHARLS_中国/Raw_data/Harmonized_CHARLS_D/H_CHARLS_D_Data.dta,metadata mention; manual mapping required
CHARLS,weight,stata_label,r2wghtsft,r2wghtsft:w2 r didn't complete weight: unsafe/health reason,/mnt/e/Database/七大老年健康数据库数据/1. CHARLS  中国/CHARLS_中国/Raw_data/Harmonized_CHARLS_D/H_CHARLS_D_Data.dta,metadata mention; manual mapping required
CHARLS,weight,stata_label,r3wghtsft,r3wghtsft:w3 r didn't complete weight: unsafe/health reason,/mnt/e/Database/七大老年健康数据库数据/1. CHARLS  中国/CHARLS_中国/Raw_data/Harmonized_CHARLS_D/H_CHARLS_D_Data.dta,metadata mention; manual mapping required
CHARLS,weight,stata_label,s1wghtsft,s1wghtsft:w1 s didn't complete weight: unsafe/health reason,/mnt/e/Database/七大老年健康数据库数据/1. CHARLS  中国/CHARLS_中国/Raw_data/Harmonized_CHARLS_D/H_CHARLS_D_Data.dta,metadata mention; manual mapping required
CHARLS,weight,stata_label,s2wghtsft,s2wghtsft:w2 s didn't complete weight: unsafe/health reason,/mnt/e/Database/七大老年健康数据库数据/1. CHARLS  中国/CHARLS_中国/Raw_data/Harmonized_CHARLS_D/H_CHARLS_D_Data.dta,metadata mention; manual mapping required
CHARLS,weight,stata_label,s3wghtsft,s3wghtsft:w3 s didn't complete weight: unsafe/health reason,/mnt/e/Database/七大老年健康数据库数据/1. CHARLS  中国/CHARLS_中国/Raw_data/Harmonized_CHARLS_D/H_CHARLS_D_Data.dta,metadata mention; manual mapping required
CHARLS,weight,stata_label,r1wghtref,r1wghtref:w1 r didn't complete weight: refused,/mnt/e/Database/七大老年健康数据库数据/1. CHARLS  中国/CHARLS_中国/Raw_data/Harmonized_CHARLS_D/H_CHARLS_D_Data.dta,metadata mention; manual mapping required
CHARLS,weight,stata_label,r2wghtref,r2wghtref:w2 r didn't complete weight: refused,/mnt/e/Database/七大老年健康数据库数据/1. CHARLS  中国/CHARLS_中国/Raw_data/Harmonized_CHARLS_D/H_CHARLS_D_Data.dta,metadata mention; manual mapping required
CHARLS,weight,stata_label,r3wghtref,r3wghtref:w3 r didn't complete weight: refused,/mnt/e/Database/七大老年健康数据库数据/1. CHARLS  中国/CHARLS_中国/Raw_data/Harmonized_CHARLS_D/H_CHARLS_D_Data.dta,metadata mention; manual mapping required
CHARLS,weight,stata_label,s1wghtref,s1wghtref:w1 s didn't complete weight: refused,/mnt/e/Database/七大老年健康数据库数据/1. CHARLS  中国/CHARLS_中国/Raw_data/Harmonized_CHARLS_D/H_CHARLS_D_Data.dta,metadata mention; manual mapping required
CHARLS,weight,stata_label,s2wghtref,s2wghtref:w2 s didn't complete weight: refused,/mnt/e/Database/七大老年健康数据库数据/1. CHARLS  中国/CHARLS_中国/Raw_data/Harmonized_CHARLS_D/H_CHARLS_D_Data.dta,metadata mention; manual mapping required
CHARLS,weight,stata_label,s3wghtref,s3wghtref:w3 s didn't complete weight: refused,/mnt/e/Database/七大老年健康数据库数据/1. CHARLS  中国/CHARLS_中国/Raw_data/Harmonized_CHARLS_D/H_CHARLS_D_Data.dta,metadata mention; manual mapping required
CHARLS,weight,stata_label,r1wghttryu,r1wghttryu:w1 r didn't complete weight: tried but unable,/mnt/e/Database/七大老年健康数据库数据/1. CHARLS  中国/CHARLS_中国/Raw_data/Harmonized_CHARLS_D/H_CHARLS_D_Data.dta,metadata mention; manual mapping required
CHARLS,weight,stata_label,r2wghttryu,r2wghttryu:w2 r didn't complete weight: tried but unable,/mnt/e/Database/七大老年健康数据库数据/1. CHARLS  中国/CHARLS_中国/Raw_data/Harmonized_CHARLS_D/H_CHARLS_D_Data.dta,metadata mention; manual mapping required
CHARLS,weight,stata_label,r3wghttryu,r3wghttryu:w3 r didn't complete weight: tried but unable,/mnt/e/Database/七大老年健康数据库数据/1. CHARLS  中国/CHARLS_中国/Raw_data/Harmonized_CHARLS_D/H_CHARLS_D_Data.dta,metadata mention; manual mapping required
CHARLS,weight,stata_label,s1wghttryu,s1wghttryu:w1 s didn't complete weight: tried but unable,/mnt/e/Database/七大老年健康数据库数据/1. CHARLS  中国/CHARLS_中国/Raw_data/Harmonized_CHARLS_D/H_CHARLS_D_Data.dta,metadata mention; manual mapping required
CHARLS,weight,stata_label,s2wghttryu,s2wghttryu:w2 s didn't complete weight: tried but unable,/mnt/e/Database/七大老年健康数据库数据/1. CHARLS  中国/CHARLS_中国/Raw_data/Harmonized_CHARLS_D/H_CHARLS_D_Data.dta,metadata mention; manual mapping required
CHARLS,weight,stata_label,s3wghttryu,s3wghttryu:w3 s didn't complete weight: tried but unable,/mnt/e/Database/七大老年健康数据库数据/1. CHARLS  中国/CHARLS_中国/Raw_data/Harmonized_CHARLS_D/H_CHARLS_D_Data.dta,metadata mention; manual mapping required
CHARLS,weight,stata_label,r1wghtequp,r1wghttryu:w1 r didn't complete weight: faulty equipment/space issue,/mnt/e/Database/七大老年健康数据库数据/1. CHARLS  中国/CHARLS_中国/Raw_data/Harmonized_CHARLS_D/H_CHARLS_D_Data.dta,metadata mention; manual mapping required
CHARLS,weight,stata_label,r2wghtequp,r2wghttryu:w2 r didn't complete weight: faulty equipment/space issue,/mnt/e/Database/七大老年健康数据库数据/1. CHARLS  中国/CHARLS_中国/Raw_data/Harmonized_CHARLS_D/H_CHARLS_D_Data.dta,metadata mention; manual mapping required
CHARLS,weight,stata_label,r3wghtequp,r3wghttryu:w3 r didn't complete weight: faulty equipment/space issue,/mnt/e/Database/七大老年健康数据库数据/1. CHARLS  中国/CHARLS_中国/Raw_data/Harmonized_CHARLS_D/H_CHARLS_D_Data.dta,metadata mention; manual mapping required
CHARLS,weight,stata_label,s1wghtequp,s1wghtequp:w1 s didn't complete weight: faulty equipment/space issue,/mnt/e/Database/七大老年健康数据库数据/1. CHARLS  中国/CHARLS_中国/Raw_data/Harmonized_CHARLS_D/H_CHARLS_D_Data.dta,metadata mention; manual mapping required
CHARLS,weight,stata_label,s2wghtequp,s2wghtequp:w2 s didn't complete weight: faulty equipment/space issue,/mnt/e/Database/七大老年健康数据库数据/1. CHARLS  中国/CHARLS_中国/Raw_data/Harmonized_CHARLS_D/H_CHARLS_D_Data.dta,metadata mention; manual mapping required
CHARLS,weight,stata_label,s3wghtequp,s3wghtequp:w3 s didn't complete weight: faulty equipment/space issue,/mnt/e/Database/七大老年健康数据库数据/1. CHARLS  中国/CHARLS_中国/Raw_data/Harmonized_CHARLS_D/H_CHARLS_D_Data.dta,metadata mention; manual mapping required
CHARLS,weight,stata_label,r1wghtothr,r1wghtothr:w1 r didn't complete weight: other reason,/mnt/e/Database/七大老年健康数据库数据/1. CHARLS  中国/CHARLS_中国/Raw_data/Harmonized_CHARLS_D/H_CHARLS_D_Data.dta,metadata mention; manual mapping required
CHARLS,weight,stata_label,r2wghtothr,r2wghtothr:w2 r didn't complete weight: other reason,/mnt/e/Database/七大老年健康数据库数据/1. CHARLS  中国/CHARLS_中国/Raw_data/Harmonized_CHARLS_D/H_CHARLS_D_Data.dta,metadata mention; manual mapping required
CHARLS,weight,stata_label,r3wghtothr,r3wghtothr:w3 r didn't complete weight: other reason,/mnt/e/Database/七大老年健康数据库数据/1. CHARLS  中国/CHARLS_中国/Raw_data/Harmonized_CHARLS_D/H_CHARLS_D_Data.dta,metadata mention; manual mapping required
CHARLS,weight,stata_label,s1wghtothr,s1wghtothr:w1 s didn't complete weight: other reason,/mnt/e/Database/七大老年健康数据库数据/1. CHARLS  中国/CHARLS_中国/Raw_data/Harmonized_CHARLS_D/H_CHARLS_D_Data.dta,metadata mention; manual mapping required
CHARLS,weight,stata_label,s2wghtothr,s2wghtothr:w2 s didn't complete weight: other reason,/mnt/e/Database/七大老年健康数据库数据/1. CHARLS  中国/CHARLS_中国/Raw_data/Harmonized_CHARLS_D/H_CHARLS_D_Data.dta,metadata mention; manual mapping required
CHARLS,weight,stata_label,s3wghtothr,s3wghtothr:w3 s didn't complete weight: other reason,/mnt/e/Database/七大老年健康数据库数据/1. CHARLS  中国/CHARLS_中国/Raw_data/Harmonized_CHARLS_D/H_CHARLS_D_Data.dta,metadata mention; manual mapping required
ELSA,strata,stata_label,r1strat,r1strat:w1 hse stratification variable,/mnt/e/Database/七大老年健康数据库数据/2. ELSA 英国/Raw_data/Harmonized ELSA/h_elsa_g3.dta,metadata mention; manual mapping required
ELSA,strata,stata_label,r2strat,r2strat:w2 hse stratification variable,/mnt/e/Database/七大老年健康数据库数据/2. ELSA 英国/Raw_data/Harmonized ELSA/h_elsa_g3.dta,metadata mention; manual mapping required
ELSA,strata,stata_label,r3strat,r3strat:w3 hse stratification variable,/mnt/e/Database/七大老年健康数据库数据/2. ELSA 英国/Raw_data/Harmonized ELSA/h_elsa_g3.dta,metadata mention; manual mapping required
ELSA,strata,stata_label,r4strat,r4strat:w4 hse stratification variable,/mnt/e/Database/七大老年健康数据库数据/2. ELSA 英国/Raw_data/Harmonized ELSA/h_elsa_g3.dta,metadata mention; manual mapping required
ELSA,strata,stata_label,r5strat,r5strat:w5 hse stratification variable,/mnt/e/Database/七大老年健康数据库数据/2. ELSA 英国/Raw_data/Harmonized ELSA/h_elsa_g3.dta,metadata mention; manual mapping required
ELSA,strata,stata_label,r6strat,r6strat:w6 hse stratification variable,/mnt/e/Database/七大老年健康数据库数据/2. ELSA 英国/Raw_data/Harmonized ELSA/h_elsa_g3.dta,metadata mention; manual mapping required
ELSA,strata,stata_label,r7strat,r7strat:w7 hse stratification variable,/mnt/e/Database/七大老年健康数据库数据/2. ELSA 英国/Raw_data/Harmonized ELSA/h_elsa_g3.dta,metadata mention; manual mapping required
ELSA,strata,stata_label,r8strat,r8strat:w8 hse stratification variable,/mnt/e/Database/七大老年健康数据库数据/2. ELSA 英国/Raw_data/Harmonized ELSA/h_elsa_g3.dta,metadata mention; manual mapping required
ELSA,strata,stata_label,r9strat,r9strat:w9 hse stratification variable,/mnt/e/Database/七大老年健康数据库数据/2. ELSA 英国/Raw_data/Harmonized ELSA/h_elsa_g3.dta,metadata mention; manual mapping required
ELSA,weight,stata_label,r1cwtresp,"r1cwtresp:w1 r person-level cross-sectional weight, core sample",/mnt/e/Database/七大老年健康数据库数据/2. ELSA 英国/Raw_data/Harmonized ELSA/h_elsa_g3.dta,metadata mention; manual mapping required
ELSA,weight,stata_label,r2cwtresp,"r2cwtresp:w2 r person-level cross-sectional weight, core sample",/mnt/e/Database/七大老年健康数据库数据/2. ELSA 英国/Raw_data/Harmonized ELSA/h_elsa_g3.dta,metadata mention; manual mapping required
ELSA,weight,stata_label,r3cwtresp,"r3cwtresp:w3 r person-level cross-sectional weight, core sample",/mnt/e/Database/七大老年健康数据库数据/2. ELSA 英国/Raw_data/Harmonized ELSA/h_elsa_g3.dta,metadata mention; manual mapping required
ELSA,weight,stata_label,r4cwtresp,"r4cwtresp:w4 r person-level cross-sectional weight, core sample",/mnt/e/Database/七大老年健康数据库数据/2. ELSA 英国/Raw_data/Harmonized ELSA/h_elsa_g3.dta,metadata mention; manual mapping required
ELSA,weight,stata_label,r5cwtresp,"r5cwtresp:w5 r person-level cross-sectional weight, core sample",/mnt/e/Database/七大老年健康数据库数据/2. ELSA 英国/Raw_data/Harmonized ELSA/h_elsa_g3.dta,metadata mention; manual mapping required
ELSA,weight,stata_label,r6cwtresp,"r6cwtresp:w6 r person-level cross-sectional weight, core sample",/mnt/e/Database/七大老年健康数据库数据/2. ELSA 英国/Raw_data/Harmonized ELSA/h_elsa_g3.dta,metadata mention; manual mapping required
ELSA,weight,stata_label,r7cwtresp,"r7cwtresp:w7 r person-level cross-sectional weight, core sample",/mnt/e/Database/七大老年健康数据库数据/2. ELSA 英国/Raw_data/Harmonized ELSA/h_elsa_g3.dta,metadata mention; manual mapping required
ELSA,weight,stata_label,r8cwtresp,"r8cwtresp:w8 r person-level cross-sectional weight, core sample",/mnt/e/Database/七大老年健康数据库数据/2. ELSA 英国/Raw_data/Harmonized ELSA/h_elsa_g3.dta,metadata mention; manual mapping required
ELSA,weight,stata_label,r9cwtresp,"r9cwtresp:w9 r person-level cross-sectional weight, core sample",/mnt/e/Database/七大老年健康数据库数据/2. ELSA 英国/Raw_data/Harmonized ELSA/h_elsa_g3.dta,metadata mention; manual mapping required
ELSA,weight,stata_label,s1cwtresp,"s1cwtresp:w1 s person-level cross-sectional weight, core sample",/mnt/e/Database/七大老年健康数据库数据/2. ELSA 英国/Raw_data/Harmonized ELSA/h_elsa_g3.dta,metadata mention; manual mapping required
ELSA,weight,stata_label,s2cwtresp,"s2cwtresp:w2 s person-level cross-sectional weight, core sample",/mnt/e/Database/七大老年健康数据库数据/2. ELSA 英国/Raw_data/Harmonized ELSA/h_elsa_g3.dta,metadata mention; manual mapping required
ELSA,weight,stata_label,s3cwtresp,"s3cwtresp:w3 s person-level cross-sectional weight, core sample",/mnt/e/Database/七大老年健康数据库数据/2. ELSA 英国/Raw_data/Harmonized ELSA/h_elsa_g3.dta,metadata mention; manual mapping required
ELSA,weight,stata_label,s4cwtresp,"s4cwtresp:w4 s person-level cross-sectional weight, core sample",/mnt/e/Database/七大老年健康数据库数据/2. ELSA 英国/Raw_data/Harmonized ELSA/h_elsa_g3.dta,metadata mention; manual mapping required
ELSA,weight,stata_label,s5cwtresp,"s5cwtresp:w5 s person-level cross-sectional weight, core sample",/mnt/e/Database/七大老年健康数据库数据/2. ELSA 英国/Raw_data/Harmonized ELSA/h_elsa_g3.dta,metadata mention; manual mapping required
ELSA,weight,stata_label,s6cwtresp,"s6cwtresp:w6 s person-level cross-sectional weight, core sample",/mnt/e/Database/七大老年健康数据库数据/2. ELSA 英国/Raw_data/Harmonized ELSA/h_elsa_g3.dta,metadata mention; manual mapping required
ELSA,weight,stata_label,s7cwtresp,"s7cwtresp:w7 s person-level cross-sectional weight, core sample",/mnt/e/Database/七大老年健康数据库数据/2. ELSA 英国/Raw_data/Harmonized ELSA/h_elsa_g3.dta,metadata mention; manual mapping required
ELSA,weight,stata_label,s8cwtresp,"s8cwtresp:w8 s person-level cross-sectional weight, core sample",/mnt/e/Database/七大老年健康数据库数据/2. ELSA 英国/Raw_data/Harmonized ELSA/h_elsa_g3.dta,metadata mention; manual mapping required
ELSA,weight,stata_label,s9cwtresp,"s9cwtresp:w9 s person-level cross-sectional weight, core sample",/mnt/e/Database/七大老年健康数据库数据/2. ELSA 英国/Raw_data/Harmonized ELSA/h_elsa_g3.dta,metadata mention; manual mapping required
ELSA,weight,stata_label,r2lwtresp,"r2lwtresp:w2 r person-level longitudinal weight, core sample",/mnt/e/Database/七大老年健康数据库数据/2. ELSA 英国/Raw_data/Harmonized ELSA/h_elsa_g3.dta,metadata mention; manual mapping required
ELSA,weight,stata_label,r3lwtresp,"r3lwtresp:w3 r person-level longitudinal weight, core sample",/mnt/e/Database/七大老年健康数据库数据/2. ELSA 英国/Raw_data/Harmonized ELSA/h_elsa_g3.dta,metadata mention; manual mapping required
ELSA,weight,stata_label,r4lwtresp,"r4lwtresp:w4 r person-level longitudinal weight, core sample",/mnt/e/Database/七大老年健康数据库数据/2. ELSA 英国/Raw_data/Harmonized ELSA/h_elsa_g3.dta,metadata mention; manual mapping required
ELSA,weight,stata_label,r5lwtresp,"r5lwtresp:w5 r person-level longitudinal weight, core sample",/mnt/e/Database/七大老年健康数据库数据/2. ELSA 英国/Raw_data/Harmonized ELSA/h_elsa_g3.dta,metadata mention; manual mapping required
ELSA,weight,stata_label,r6lwtresp,"r6lwtresp:w6 r person-level longitudinal weight, core sample",/mnt/e/Database/七大老年健康数据库数据/2. ELSA 英国/Raw_data/Harmonized ELSA/h_elsa_g3.dta,metadata mention; manual mapping required
ELSA,weight,stata_label,r7lwtresp,"r7lwtresp:w7 r person-level longitudinal weight, core sample",/mnt/e/Database/七大老年健康数据库数据/2. ELSA 英国/Raw_data/Harmonized ELSA/h_elsa_g3.dta,metadata mention; manual mapping required
ELSA,weight,stata_label,r8lwtresp,"r8lwtresp:w8 r person-level longitudinal weight, core sample",/mnt/e/Database/七大老年健康数据库数据/2. ELSA 英国/Raw_data/Harmonized ELSA/h_elsa_g3.dta,metadata mention; manual mapping required
ELSA,weight,stata_label,r9lwtresp,"r9lwtresp:w9 r person-level longitudinal weight, core sample",/mnt/e/Database/七大老年健康数据库数据/2. ELSA 英国/Raw_data/Harmonized ELSA/h_elsa_g3.dta,metadata mention; manual mapping required
ELSA,weight,stata_label,s2lwtresp,"s2lwtresp:w2 s person-level longitudinal weight, core sample",/mnt/e/Database/七大老年健康数据库数据/2. ELSA 英国/Raw_data/Harmonized ELSA/h_elsa_g3.dta,metadata mention; manual mapping required
ELSA,weight,stata_label,s3lwtresp,"s3lwtresp:w3 s person-level longitudinal weight, core sample",/mnt/e/Database/七大老年健康数据库数据/2. ELSA 英国/Raw_data/Harmonized ELSA/h_elsa_g3.dta,metadata mention; manual mapping required
ELSA,weight,stata_label,s4lwtresp,"s4lwtresp:w4 s person-level longitudinal weight, core sample",/mnt/e/Database/七大老年健康数据库数据/2. ELSA 英国/Raw_data/Harmonized ELSA/h_elsa_g3.dta,metadata mention; manual mapping required
ELSA,weight,stata_label,s5lwtresp,"s5lwtresp:w5 s person-level longitudinal weight, core sample",/mnt/e/Database/七大老年健康数据库数据/2. ELSA 英国/Raw_data/Harmonized ELSA/h_elsa_g3.dta,metadata mention; manual mapping required
ELSA,weight,stata_label,s6lwtresp,"s6lwtresp:w6 s person-level longitudinal weight, core sample",/mnt/e/Database/七大老年健康数据库数据/2. ELSA 英国/Raw_data/Harmonized ELSA/h_elsa_g3.dta,metadata mention; manual mapping required
ELSA,weight,stata_label,s7lwtresp,"s7lwtresp:w7 s person-level longitudinal weight, core sample",/mnt/e/Database/七大老年健康数据库数据/2. ELSA 英国/Raw_data/Harmonized ELSA/h_elsa_g3.dta,metadata mention; manual mapping required
ELSA,weight,stata_label,s8lwtresp,"s8lwtresp:w8 s person-level longitudinal weight, core sample",/mnt/e/Database/七大老年健康数据库数据/2. ELSA 英国/Raw_data/Harmonized ELSA/h_elsa_g3.dta,metadata mention; manual mapping required
ELSA,weight,stata_label,s9lwtresp,"s9lwtresp:w9 s person-level longitudinal weight, core sample",/mnt/e/Database/七大老年健康数据库数据/2. ELSA 英国/Raw_data/Harmonized ELSA/h_elsa_g3.dta,metadata mention; manual mapping required
ELSA,weight,stata_label,r8lwt4resp,"r8lwt4resp:w8 r person-level longitudinal weight, wave 4 base, core sample",/mnt/e/Database/七大老年健康数据库数据/2. ELSA 英国/Raw_data/Harmonized ELSA/h_elsa_g3.dta,metadata mention; manual mapping required
ELSA,weight,stata_label,r9lwt4resp,"r9lwt4resp:w9 r person-level longitudinal weight, wave 4 base, core sample",/mnt/e/Database/七大老年健康数据库数据/2. ELSA 英国/Raw_data/Harmonized ELSA/h_elsa_g3.dta,metadata mention; manual mapping required
ELSA,weight,stata_label,s8lwt4resp,"s8lwt4resp:w8 s person-level longitudinal weight, wave 4 base, core sample",/mnt/e/Database/七大老年健康数据库数据/2. ELSA 英国/Raw_data/Harmonized ELSA/h_elsa_g3.dta,metadata mention; manual mapping required
ELSA,weight,stata_label,s9lwt4resp,"s9lwt4resp:w9 s person-level longitudinal weight, wave 4 base, core sample",/mnt/e/Database/七大老年健康数据库数据/2. ELSA 英国/Raw_data/Harmonized ELSA/h_elsa_g3.dta,metadata mention; manual mapping required
ELSA,weight,stata_label,r2scwtresp,"r2scwtresp:w2 r person-level weight, self-completion sample",/mnt/e/Database/七大老年健康数据库数据/2. ELSA 英国/Raw_data/Harmonized ELSA/h_elsa_g3.dta,metadata mention; manual mapping required
ELSA,weight,stata_label,r4scwtresp,"r4scwtresp:w4 r person-level weight, self-completion sample",/mnt/e/Database/七大老年健康数据库数据/2. ELSA 英国/Raw_data/Harmonized ELSA/h_elsa_g3.dta,metadata mention; manual mapping required
ELSA,weight,stata_label,r5scwtresp,"r5scwtresp:w5 r person-level weight, self-completion sample",/mnt/e/Database/七大老年健康数据库数据/2. ELSA 英国/Raw_data/Harmonized ELSA/h_elsa_g3.dta,metadata mention; manual mapping required
ELSA,weight,stata_label,r6scwtresp,"r6scwtresp:w6 r person-level weight, self-completion sample",/mnt/e/Database/七大老年健康数据库数据/2. ELSA 英国/Raw_data/Harmonized ELSA/h_elsa_g3.dta,metadata mention; manual mapping required
ELSA,weight,stata_label,r7scwtresp,"r7scwtresp:w7 r person-level weight, self-completion sample",/mnt/e/Database/七大老年健康数据库数据/2. ELSA 英国/Raw_data/Harmonized ELSA/h_elsa_g3.dta,metadata mention; manual mapping required
ELSA,weight,stata_label,r8scwtresp,"r8scwtresp:w8 r person-level weight, self-completion sample",/mnt/e/Database/七大老年健康数据库数据/2. ELSA 英国/Raw_data/Harmonized ELSA/h_elsa_g3.dta,metadata mention; manual mapping required
ELSA,weight,stata_label,r9scwtresp,"r9scwtresp:w9 r person-level weight, self-completion sample",/mnt/e/Database/七大老年健康数据库数据/2. ELSA 英国/Raw_data/Harmonized ELSA/h_elsa_g3.dta,metadata mention; manual mapping required
ELSA,weight,stata_label,s2scwtresp,"s2scwtresp:w2 s person-level weight, self-completion sample",/mnt/e/Database/七大老年健康数据库数据/2. ELSA 英国/Raw_data/Harmonized ELSA/h_elsa_g3.dta,metadata mention; manual mapping required
ELSA,weight,stata_label,s4scwtresp,"s4scwtresp:w4 s person-level weight, self-completion sample",/mnt/e/Database/七大老年健康数据库数据/2. ELSA 英国/Raw_data/Harmonized ELSA/h_elsa_g3.dta,metadata mention; manual mapping required
ELSA,weight,stata_label,s5scwtresp,"s5scwtresp:w5 s person-level weight, self-completion sample",/mnt/e/Database/七大老年健康数据库数据/2. ELSA 英国/Raw_data/Harmonized ELSA/h_elsa_g3.dta,metadata mention; manual mapping required
ELSA,weight,stata_label,s6scwtresp,"s6scwtresp:w6 s person-level weight, self-completion sample",/mnt/e/Database/七大老年健康数据库数据/2. ELSA 英国/Raw_data/Harmonized ELSA/h_elsa_g3.dta,metadata mention; manual mapping required
ELSA,weight,stata_label,s7scwtresp,"s7scwtresp:w7 s person-level weight, self-completion sample",/mnt/e/Database/七大老年健康数据库数据/2. ELSA 英国/Raw_data/Harmonized ELSA/h_elsa_g3.dta,metadata mention; manual mapping required
ELSA,weight,stata_label,s8scwtresp,"s8scwtresp:w8 s person-level weight, self-completion sample",/mnt/e/Database/七大老年健康数据库数据/2. ELSA 英国/Raw_data/Harmonized ELSA/h_elsa_g3.dta,metadata mention; manual mapping required
ELSA,weight,stata_label,s9scwtresp,"s9scwtresp:w9 s person-level weight, self-completion sample",/mnt/e/Database/七大老年健康数据库数据/2. ELSA 英国/Raw_data/Harmonized ELSA/h_elsa_g3.dta,metadata mention; manual mapping required
ELSA,weight,stata_label,r2nwtresp,"r2nwtresp:w2 r person-level weight, nurse sample",/mnt/e/Database/七大老年健康数据库数据/2. ELSA 英国/Raw_data/Harmonized ELSA/h_elsa_g3.dta,metadata mention; manual mapping required
ELSA,weight,stata_label,r4nwtresp,"r4nwtresp:w4 r person-level weight, nurse sample",/mnt/e/Database/七大老年健康数据库数据/2. ELSA 英国/Raw_data/Harmonized ELSA/h_elsa_g3.dta,metadata mention; manual mapping required
ELSA,weight,stata_label,r6nwtresp,"r6nwtresp:w6 r person-level weight, nurse sample",/mnt/e/Database/七大老年健康数据库数据/2. ELSA 英国/Raw_data/Harmonized ELSA/h_elsa_g3.dta,metadata mention; manual mapping required
ELSA,weight,stata_label,r8nwtresp,"r8nwtresp:w8-9 r person-level weight, nurse sample",/mnt/e/Database/七大老年健康数据库数据/2. ELSA 英国/Raw_data/Harmonized ELSA/h_elsa_g3.dta,metadata mention; manual mapping required
ELSA,weight,stata_label,s2nwtresp,"s2nwtresp:w2 s person-level weight, nurse sample",/mnt/e/Database/七大老年健康数据库数据/2. ELSA 英国/Raw_data/Harmonized ELSA/h_elsa_g3.dta,metadata mention; manual mapping required
ELSA,weight,stata_label,s4nwtresp,"s4nwtresp:w4 s person-level weight, nurse sample",/mnt/e/Database/七大老年健康数据库数据/2. ELSA 英国/Raw_data/Harmonized ELSA/h_elsa_g3.dta,metadata mention; manual mapping required
ELSA,weight,stata_label,s6nwtresp,"s6nwtresp:w6 s person-level weight, nurse sample",/mnt/e/Database/七大老年健康数据库数据/2. ELSA 英国/Raw_data/Harmonized ELSA/h_elsa_g3.dta,metadata mention; manual mapping required
ELSA,weight,stata_label,s8nwtresp,"s8nwtresp:w8-9 s person-level weight, nurse sample",/mnt/e/Database/七大老年健康数据库数据/2. ELSA 英国/Raw_data/Harmonized ELSA/h_elsa_g3.dta,metadata mention; manual mapping required
ELSA,weight,stata_label,r8npwtresp,"r8npwtresp:w8-9 r person-level weight, nurse sample, population",/mnt/e/Database/七大老年健康数据库数据/2. ELSA 英国/Raw_data/Harmonized ELSA/h_elsa_g3.dta,metadata mention; manual mapping required
ELSA,weight,stata_label,s8npwtresp,"s8npwtresp:w8-9 s person-level weight, nurse sample, population",/mnt/e/Database/七大老年健康数据库数据/2. ELSA 英国/Raw_data/Harmonized ELSA/h_elsa_g3.dta,metadata mention; manual mapping required
ELSA,weight,stata_label,r3lhwtresp,"r3lhwtresp:w3 r person-level weight, life history sample",/mnt/e/Database/七大老年健康数据库数据/2. ELSA 英国/Raw_data/Harmonized ELSA/h_elsa_g3.dta,metadata mention; manual mapping required
ELSA,weight,stata_label,s3lhwtresp,"s3lhwtresp:w3 s person-level weight, life history sample",/mnt/e/Database/七大老年健康数据库数据/2. ELSA 英国/Raw_data/Harmonized ELSA/h_elsa_g3.dta,metadata mention; manual mapping required
ELSA,weight,stata_label,r2mweight,r2mweight:w2 r weight measurement in kilograms,/mnt/e/Database/七大老年健康数据库数据/2. ELSA 英国/Raw_data/Harmonized ELSA/h_elsa_g3.dta,metadata mention; manual mapping required
ELSA,weight,stata_label,r4mweight,r4mweight:w4 r weight measurement in kilograms,/mnt/e/Database/七大老年健康数据库数据/2. ELSA 英国/Raw_data/Harmonized ELSA/h_elsa_g3.dta,metadata mention; manual mapping required
ELSA,weight,stata_label,r6mweight,r6mweight:w6 r weight measurement in kilograms,/mnt/e/Database/七大老年健康数据库数据/2. ELSA 英国/Raw_data/Harmonized ELSA/h_elsa_g3.dta,metadata mention; manual mapping required
ELSA,weight,stata_label,r8mweight,r8mweight:w8 r weight measurement in kilograms,/mnt/e/Database/七大老年健康数据库数据/2. ELSA 英国/Raw_data/Harmonized ELSA/h_elsa_g3.dta,metadata mention; manual mapping required
ELSA,weight,stata_label,r9mweight,r9mweight:w9 r weight measurement in kilograms,/mnt/e/Database/七大老年健康数据库数据/2. ELSA 英国/Raw_data/Harmonized ELSA/h_elsa_g3.dta,metadata mention; manual mapping required
ELSA,weight,stata_label,s2mweight,s2mweight:w2 s weight measurement in kilograms,/mnt/e/Database/七大老年健康数据库数据/2. ELSA 英国/Raw_data/Harmonized ELSA/h_elsa_g3.dta,metadata mention; manual mapping required
ELSA,weight,stata_label,s4mweight,s4mweight:w4 s weight measurement in kilograms,/mnt/e/Database/七大老年健康数据库数据/2. ELSA 英国/Raw_data/Harmonized ELSA/h_elsa_g3.dta,metadata mention; manual mapping required
ELSA,weight,stata_label,s6mweight,s6mweight:w6 s weight measurement in kilograms,/mnt/e/Database/七大老年健康数据库数据/2. ELSA 英国/Raw_data/Harmonized ELSA/h_elsa_g3.dta,metadata mention; manual mapping required
ELSA,weight,stata_label,s8mweight,s8mweight:w8 s weight measurement in kilograms,/mnt/e/Database/七大老年健康数据库数据/2. ELSA 英国/Raw_data/Harmonized ELSA/h_elsa_g3.dta,metadata mention; manual mapping required
ELSA,weight,stata_label,s9mweight,s9mweight:w9 s weight measurement in kilograms,/mnt/e/Database/七大老年健康数据库数据/2. ELSA 英国/Raw_data/Harmonized ELSA/h_elsa_g3.dta,metadata mention; manual mapping required
ELSA,weight,stata_label,r2wtcomp,r2wtcomp:w2 r willing and able to complete weight measurement,/mnt/e/Database/七大老年健康数据库数据/2. ELSA 英国/Raw_data/Harmonized ELSA/h_elsa_g3.dta,metadata mention; manual mapping required
ELSA,weight,stata_label,r4wtcomp,r4wtcomp:w4 r willing and able to complete weight measurement,/mnt/e/Database/七大老年健康数据库数据/2. ELSA 英国/Raw_data/Harmonized ELSA/h_elsa_g3.dta,metadata mention; manual mapping required
ELSA,weight,stata_label,r6wtcomp,r6wtcomp:w6 r willing and able to complete weight measurement,/mnt/e/Database/七大老年健康数据库数据/2. ELSA 英国/Raw_data/Harmonized ELSA/h_elsa_g3.dta,metadata mention; manual mapping required
ELSA,weight,stata_label,r8wtcomp,r8wtcomp:w8 r willing and able to complete weight measurement,/mnt/e/Database/七大老年健康数据库数据/2. ELSA 英国/Raw_data/Harmonized ELSA/h_elsa_g3.dta,metadata mention; manual mapping required
ELSA,weight,stata_label,r9wtcomp,r9wtcomp:w9 r willing and able to complete weight measurement,/mnt/e/Database/七大老年健康数据库数据/2. ELSA 英国/Raw_data/Harmonized ELSA/h_elsa_g3.dta,metadata mention; manual mapping required
ELSA,weight,stata_label,s2wtcomp,s2wtcomp:w2 s willing and able to complete weight measurement,/mnt/e/Database/七大老年健康数据库数据/2. ELSA 英国/Raw_data/Harmonized ELSA/h_elsa_g3.dta,metadata mention; manual mapping required
ELSA,weight,stata_label,s4wtcomp,s4wtcomp:w4 s willing and able to complete weight measurement,/mnt/e/Database/七大老年健康数据库数据/2. ELSA 英国/Raw_data/Harmonized ELSA/h_elsa_g3.dta,metadata mention; manual mapping required
ELSA,weight,stata_label,s6wtcomp,s6wtcomp:w6 s willing and able to complete weight measurement,/mnt/e/Database/七大老年健康数据库数据/2. ELSA 英国/Raw_data/Harmonized ELSA/h_elsa_g3.dta,metadata mention; manual mapping required
ELSA,weight,stata_label,s8wtcomp,s8wtcomp:w8 s willing and able to complete weight measurement,/mnt/e/Database/七大老年健康数据库数据/2. ELSA 英国/Raw_data/Harmonized ELSA/h_elsa_g3.dta,metadata mention; manual mapping required
ELSA,weight,stata_label,s9wtcomp,s9wtcomp:w9 s willing and able to complete weight measurement,/mnt/e/Database/七大老年健康数据库数据/2. ELSA 英国/Raw_data/Harmonized ELSA/h_elsa_g3.dta,metadata mention; manual mapping required
ELSA,weight,stata_label,r2wtflr_e,r2wtflr_e:w2 r floor surface weight measurement,/mnt/e/Database/七大老年健康数据库数据/2. ELSA 英国/Raw_data/Harmonized ELSA/h_elsa_g3.dta,metadata mention; manual mapping required
ELSA,weight,stata_label,r4wtflr_e,r4wtflr_e:w4 r floor surface weight measurement,/mnt/e/Database/七大老年健康数据库数据/2. ELSA 英国/Raw_data/Harmonized ELSA/h_elsa_g3.dta,metadata mention; manual mapping required
ELSA,weight,stata_label,r6wtflr_e,r6wtflr_e:w6 r floor surface weight measurement,/mnt/e/Database/七大老年健康数据库数据/2. ELSA 英国/Raw_data/Harmonized ELSA/h_elsa_g3.dta,metadata mention; manual mapping required
ELSA,weight,stata_label,r8wtflr_e,r8wtflr_e:w8 r floor surface weight measurement,/mnt/e/Database/七大老年健康数据库数据/2. ELSA 英国/Raw_data/Harmonized ELSA/h_elsa_g3.dta,metadata mention; manual mapping required
ELSA,weight,stata_label,r9wtflr_e,r9wtflr_e:w9 r floor surface weight measurement,/mnt/e/Database/七大老年健康数据库数据/2. ELSA 英国/Raw_data/Harmonized ELSA/h_elsa_g3.dta,metadata mention; manual mapping required
ELSA,weight,stata_label,s2wtflr_e,s2wtflr_e:w2 s floor surface weight measurement,/mnt/e/Database/七大老年健康数据库数据/2. ELSA 英国/Raw_data/Harmonized ELSA/h_elsa_g3.dta,metadata mention; manual mapping required
ELSA,weight,stata_label,s4wtflr_e,s4wtflr_e:w4 s floor surface weight measurement,/mnt/e/Database/七大老年健康数据库数据/2. ELSA 英国/Raw_data/Harmonized ELSA/h_elsa_g3.dta,metadata mention; manual mapping required
ELSA,weight,stata_label,s6wtflr_e,s6wtflr_e:w6 s floor surface weight measurement,/mnt/e/Database/七大老年健康数据库数据/2. ELSA 英国/Raw_data/Harmonized ELSA/h_elsa_g3.dta,metadata mention; manual mapping required
ELSA,weight,stata_label,s8wtflr_e,s8wtflr_e:w8 s floor surface weight measurement,/mnt/e/Database/七大老年健康数据库数据/2. ELSA 英国/Raw_data/Harmonized ELSA/h_elsa_g3.dta,metadata mention; manual mapping required
ELSA,weight,stata_label,s9wtflr_e,s9wtflr_e:w9 s floor surface weight measurement,/mnt/e/Database/七大老年健康数据库数据/2. ELSA 英国/Raw_data/Harmonized ELSA/h_elsa_g3.dta,metadata mention; manual mapping required
ELSA,weight,stata_label,r2wghtsft,r2wghtsft:w2 r didn't complete weight: unsafe/health reason,/mnt/e/Database/七大老年健康数据库数据/2. ELSA 英国/Raw_data/Harmonized ELSA/h_elsa_g3.dta,metadata mention; manual mapping required
ELSA,weight,stata_label,r4wghtsft,r4wghtsft:w4 r didn't complete weight: unsafe/health reason,/mnt/e/Database/七大老年健康数据库数据/2. ELSA 英国/Raw_data/Harmonized ELSA/h_elsa_g3.dta,metadata mention; manual mapping required
ELSA,weight,stata_label,r6wghtsft,r6wghtsft:w6 r didn't complete weight: unsafe/health reason,/mnt/e/Database/七大老年健康数据库数据/2. ELSA 英国/Raw_data/Harmonized ELSA/h_elsa_g3.dta,metadata mention; manual mapping required
ELSA,weight,stata_label,r8wghtsft,r8wghtsft:w8 r didn't complete weight: unsafe/health reason,/mnt/e/Database/七大老年健康数据库数据/2. ELSA 英国/Raw_data/Harmonized ELSA/h_elsa_g3.dta,metadata mention; manual mapping required
ELSA,weight,stata_label,r9wghtsft,r9wghtsft:w9 r didn't complete weight: unsafe/health reason,/mnt/e/Database/七大老年健康数据库数据/2. ELSA 英国/Raw_data/Harmonized ELSA/h_elsa_g3.dta,metadata mention; manual mapping required
ELSA,weight,stata_label,s2wghtsft,s2wghtsft:w2 s didn't complete weight: unsafe/health reason,/mnt/e/Database/七大老年健康数据库数据/2. ELSA 英国/Raw_data/Harmonized ELSA/h_elsa_g3.dta,metadata mention; manual mapping required
ELSA,weight,stata_label,s4wghtsft,s4wghtsft:w4 s didn't complete weight: unsafe/health reason,/mnt/e/Database/七大老年健康数据库数据/2. ELSA 英国/Raw_data/Harmonized ELSA/h_elsa_g3.dta,metadata mention; manual mapping required
ELSA,weight,stata_label,s6wghtsft,s6wghtsft:w6 s didn't complete weight: unsafe/health reason,/mnt/e/Database/七大老年健康数据库数据/2. ELSA 英国/Raw_data/Harmonized ELSA/h_elsa_g3.dta,metadata mention; manual mapping required
ELSA,weight,stata_label,s8wghtsft,s8wghtsft:w8 s didn't complete weight: unsafe/health reason,/mnt/e/Database/七大老年健康数据库数据/2. ELSA 英国/Raw_data/Harmonized ELSA/h_elsa_g3.dta,metadata mention; manual mapping required
ELSA,weight,stata_label,s9wghtsft,s9wghtsft:w9 s didn't complete weight: unsafe/health reason,/mnt/e/Database/七大老年健康数据库数据/2. ELSA 英国/Raw_data/Harmonized ELSA/h_elsa_g3.dta,metadata mention; manual mapping required
ELSA,weight,stata_label,r2wghtref,r2wghtref:w2 r didn't complete weight: refused,/mnt/e/Database/七大老年健康数据库数据/2. ELSA 英国/Raw_data/Harmonized ELSA/h_elsa_g3.dta,metadata mention; manual mapping required
ELSA,weight,stata_label,r4wghtref,r4wghtref:w4 r didn't complete weight: refused,/mnt/e/Database/七大老年健康数据库数据/2. ELSA 英国/Raw_data/Harmonized ELSA/h_elsa_g3.dta,metadata mention; manual mapping required
ELSA,weight,stata_label,r6wghtref,r6wghtref:w6 r didn't complete weight: refused,/mnt/e/Database/七大老年健康数据库数据/2. ELSA 英国/Raw_data/Harmonized ELSA/h_elsa_g3.dta,metadata mention; manual mapping required
ELSA,weight,stata_label,r8wghtref,r8wghtref:w8 r didn't complete weight: refused,/mnt/e/Database/七大老年健康数据库数据/2. ELSA 英国/Raw_data/Harmonized ELSA/h_elsa_g3.dta,metadata mention; manual mapping required
ELSA,weight,stata_label,r9wghtref,r9wghtref:w9 r didn't complete weight: refused,/mnt/e/Database/七大老年健康数据库数据/2. ELSA 英国/Raw_data/Harmonized ELSA/h_elsa_g3.dta,metadata mention; manual mapping required
ELSA,weight,stata_label,s2wghtref,s2wghtref:w2 s didn't complete weight: refused,/mnt/e/Database/七大老年健康数据库数据/2. ELSA 英国/Raw_data/Harmonized ELSA/h_elsa_g3.dta,metadata mention; manual mapping required
ELSA,weight,stata_label,s4wghtref,s4wghtref:w4 s didn't complete weight: refused,/mnt/e/Database/七大老年健康数据库数据/2. ELSA 英国/Raw_data/Harmonized ELSA/h_elsa_g3.dta,metadata mention; manual mapping required
ELSA,weight,stata_label,s6wghtref,s6wghtref:w6 s didn't complete weight: refused,/mnt/e/Database/七大老年健康数据库数据/2. ELSA 英国/Raw_data/Harmonized ELSA/h_elsa_g3.dta,metadata mention; manual mapping required
ELSA,weight,stata_label,s8wghtref,s8wghtref:w8 s didn't complete weight: refused,/mnt/e/Database/七大老年健康数据库数据/2. ELSA 英国/Raw_data/Harmonized ELSA/h_elsa_g3.dta,metadata mention; manual mapping required
ELSA,weight,stata_label,s9wghtref,s9wghtref:w9 s didn't complete weight: refused,/mnt/e/Database/七大老年健康数据库数据/2. ELSA 英国/Raw_data/Harmonized ELSA/h_elsa_g3.dta,metadata mention; manual mapping required
ELSA,weight,stata_label,r2wghttryu,r2wghttryu:w2 r didn't complete weight: tried but unable,/mnt/e/Database/七大老年健康数据库数据/2. ELSA 英国/Raw_data/Harmonized ELSA/h_elsa_g3.dta,metadata mention; manual mapping required
ELSA,weight,stata_label,r4wghttryu,r4wghttryu:w4 r didn't complete weight: tried but unable,/mnt/e/Database/七大老年健康数据库数据/2. ELSA 英国/Raw_data/Harmonized ELSA/h_elsa_g3.dta,metadata mention; manual mapping required
ELSA,weight,stata_label,r6wghttryu,r6wghttryu:w6 r didn't complete weight: tried but unable,/mnt/e/Database/七大老年健康数据库数据/2. ELSA 英国/Raw_data/Harmonized ELSA/h_elsa_g3.dta,metadata mention; manual mapping required
ELSA,weight,stata_label,r8wghttryu,r8wghttryu:w8 r didn't complete weight: tried but unable,/mnt/e/Database/七大老年健康数据库数据/2. ELSA 英国/Raw_data/Harmonized ELSA/h_elsa_g3.dta,metadata mention; manual mapping required
ELSA,weight,stata_label,r9wghttryu,r9wghttryu:w9 r didn't complete weight: tried but unable,/mnt/e/Database/七大老年健康数据库数据/2. ELSA 英国/Raw_data/Harmonized ELSA/h_elsa_g3.dta,metadata mention; manual mapping required
ELSA,weight,stata_label,s2wghttryu,s2wghttryu:w2 s didn't complete weight: tried but unable,/mnt/e/Database/七大老年健康数据库数据/2. ELSA 英国/Raw_data/Harmonized ELSA/h_elsa_g3.dta,metadata mention; manual mapping required
ELSA,weight,stata_label,s4wghttryu,s4wghttryu:w4 s didn't complete weight: tried but unable,/mnt/e/Database/七大老年健康数据库数据/2. ELSA 英国/Raw_data/Harmonized ELSA/h_elsa_g3.dta,metadata mention; manual mapping required
ELSA,weight,stata_label,s6wghttryu,s6wghttryu:w6 s didn't complete weight: tried but unable,/mnt/e/Database/七大老年健康数据库数据/2. ELSA 英国/Raw_data/Harmonized ELSA/h_elsa_g3.dta,metadata mention; manual mapping required
ELSA,weight,stata_label,s8wghttryu,s8wghttryu:w8 s didn't complete weight: tried but unable,/mnt/e/Database/七大老年健康数据库数据/2. ELSA 英国/Raw_data/Harmonized ELSA/h_elsa_g3.dta,metadata mention; manual mapping required
ELSA,weight,stata_label,s9wghttryu,s9wghttryu:w9 s didn't complete weight: tried but unable,/mnt/e/Database/七大老年健康数据库数据/2. ELSA 英国/Raw_data/Harmonized ELSA/h_elsa_g3.dta,metadata mention; manual mapping required
ELSA,weight,stata_label,r2wghtequp,r2wghttryu:w2 r didn't complete weight: faulty equipment,/mnt/e/Database/七大老年健康数据库数据/2. ELSA 英国/Raw_data/Harmonized ELSA/h_elsa_g3.dta,metadata mention; manual mapping required
ELSA,weight,stata_label,r4wghtequp,r4wghttryu:w4 r didn't complete weight: faulty equipment,/mnt/e/Database/七大老年健康数据库数据/2. ELSA 英国/Raw_data/Harmonized ELSA/h_elsa_g3.dta,metadata mention; manual mapping required
ELSA,weight,stata_label,r6wghtequp,r6wghttryu:w6 r didn't complete weight: faulty equipment,/mnt/e/Database/七大老年健康数据库数据/2. ELSA 英国/Raw_data/Harmonized ELSA/h_elsa_g3.dta,metadata mention; manual mapping required
ELSA,weight,stata_label,r8wghtequp,r8wghttryu:w8 r didn't complete weight: faulty equipment,/mnt/e/Database/七大老年健康数据库数据/2. ELSA 英国/Raw_data/Harmonized ELSA/h_elsa_g3.dta,metadata mention; manual mapping required
ELSA,weight,stata_label,r9wghtequp,r9wghttryu:w9 r didn't complete weight: faulty equipment,/mnt/e/Database/七大老年健康数据库数据/2. ELSA 英国/Raw_data/Harmonized ELSA/h_elsa_g3.dta,metadata mention; manual mapping required
ELSA,weight,stata_label,s2wghtequp,s2wghtequp:w2 s didn't complete weight: faulty equipment,/mnt/e/Database/七大老年健康数据库数据/2. ELSA 英国/Raw_data/Harmonized ELSA/h_elsa_g3.dta,metadata mention; manual mapping required
ELSA,weight,stata_label,s4wghtequp,s4wghtequp:w4 s didn't complete weight: faulty equipment,/mnt/e/Database/七大老年健康数据库数据/2. ELSA 英国/Raw_data/Harmonized ELSA/h_elsa_g3.dta,metadata mention; manual mapping required
ELSA,weight,stata_label,s6wghtequp,s6wghtequp:w6 s didn't complete weight: faulty equipment,/mnt/e/Database/七大老年健康数据库数据/2. ELSA 英国/Raw_data/Harmonized ELSA/h_elsa_g3.dta,metadata mention; manual mapping required
ELSA,weight,stata_label,s8wghtequp,s8wghtequp:w8 s didn't complete weight: faulty equipment,/mnt/e/Database/七大老年健康数据库数据/2. ELSA 英国/Raw_data/Harmonized ELSA/h_elsa_g3.dta,metadata mention; manual mapping required
ELSA,weight,stata_label,s9wghtequp,s9wghtequp:w9 s didn't complete weight: faulty equipment,/mnt/e/Database/七大老年健康数据库数据/2. ELSA 英国/Raw_data/Harmonized ELSA/h_elsa_g3.dta,metadata mention; manual mapping required
ELSA,weight,stata_label,r2wghtothr,r2wghtothr:w2 r didn't complete weight: other reason,/mnt/e/Database/七大老年健康数据库数据/2. ELSA 英国/Raw_data/Harmonized ELSA/h_elsa_g3.dta,metadata mention; manual mapping required
ELSA,weight,stata_label,r4wghtothr,r4wghtothr:w4 r didn't complete weight: other reason,/mnt/e/Database/七大老年健康数据库数据/2. ELSA 英国/Raw_data/Harmonized ELSA/h_elsa_g3.dta,metadata mention; manual mapping required
ELSA,weight,stata_label,r6wghtothr,r6wghtothr:w6 r didn't complete weight: other reason,/mnt/e/Database/七大老年健康数据库数据/2. ELSA 英国/Raw_data/Harmonized ELSA/h_elsa_g3.dta,metadata mention; manual mapping required
ELSA,weight,stata_label,r8wghtothr,r8wghtothr:w8 r didn't complete weight: other reason,/mnt/e/Database/七大老年健康数据库数据/2. ELSA 英国/Raw_data/Harmonized ELSA/h_elsa_g3.dta,metadata mention; manual mapping required
ELSA,weight,stata_label,r9wghtothr,r9wghtothr:w9 r didn't complete weight: other reason,/mnt/e/Database/七大老年健康数据库数据/2. ELSA 英国/Raw_data/Harmonized ELSA/h_elsa_g3.dta,metadata mention; manual mapping required
ELSA,weight,stata_label,s2wghtothr,s2wghtothr:w2 s didn't complete weight: other reason,/mnt/e/Database/七大老年健康数据库数据/2. ELSA 英国/Raw_data/Harmonized ELSA/h_elsa_g3.dta,metadata mention; manual mapping required
ELSA,weight,stata_label,s4wghtothr,s4wghtothr:w4 s didn't complete weight: other reason,/mnt/e/Database/七大老年健康数据库数据/2. ELSA 英国/Raw_data/Harmonized ELSA/h_elsa_g3.dta,metadata mention; manual mapping required
ELSA,weight,stata_label,s6wghtothr,s6wghtothr:w6 s didn't complete weight: other reason,/mnt/e/Database/七大老年健康数据库数据/2. ELSA 英国/Raw_data/Harmonized ELSA/h_elsa_g3.dta,metadata mention; manual mapping required
ELSA,weight,stata_label,s8wghtothr,s8wghtothr:w8 s didn't complete weight: other reason,/mnt/e/Database/七大老年健康数据库数据/2. ELSA 英国/Raw_data/Harmonized ELSA/h_elsa_g3.dta,metadata mention; manual mapping required
ELSA,weight,stata_label,s9wghtothr,s9wghtothr:w9 s didn't complete weight: other reason,/mnt/e/Database/七大老年健康数据库数据/2. ELSA 英国/Raw_data/Harmonized ELSA/h_elsa_g3.dta,metadata mention; manual mapping required
ELSA,weight,stata_label,r5dcwegt,r5dcwegt:w5 r discrimination reason: weight,/mnt/e/Database/七大老年健康数据库数据/2. ELSA 英国/Raw_data/Harmonized ELSA/h_elsa_g3.dta,metadata mention; manual mapping required
ELSA,weight,stata_label,s5dcwegt,s5dcwegt:w5 s discrimination reason: weight,/mnt/e/Database/七大老年健康数据库数据/2. ELSA 英国/Raw_data/Harmonized ELSA/h_elsa_g3.dta,metadata mention; manual mapping required
HRS,weight,stata_label,s1wtresp,s1wtresp:w1 person-level analysis weight,/mnt/e/Database/七大老年健康数据库数据/3. HRS  美国/HRS_美国/Temp_data/HRS.dta,metadata mention; manual mapping required
HRS,weight,stata_label,s1wtcrnh,s1wtcrnh:w1 combined respondent weight and nurshm resident weight,/mnt/e/Database/七大老年健康数据库数据/3. HRS  美国/HRS_美国/Temp_data/HRS.dta,metadata mention; manual mapping required
HRS,weight,stata_label,s2wtresp,s2wtresp:w2 person-level analysis weight,/mnt/e/Database/七大老年健康数据库数据/3. HRS  美国/HRS_美国/Temp_data/HRS.dta,metadata mention; manual mapping required
HRS,weight,stata_label,s2wtcrnh,s2wtcrnh:w2 combined respondent weight and nurshm resident weight,/mnt/e/Database/七大老年健康数据库数据/3. HRS  美国/HRS_美国/Temp_data/HRS.dta,metadata mention; manual mapping required
HRS,weight,stata_label,s3wtresp,s3wtresp:w3 person-level analysis weight,/mnt/e/Database/七大老年健康数据库数据/3. HRS  美国/HRS_美国/Temp_data/HRS.dta,metadata mention; manual mapping required
HRS,weight,stata_label,s3wtcrnh,s3wtcrnh:w3 combined respondent weight and nurshm resident weight,/mnt/e/Database/七大老年健康数据库数据/3. HRS  美国/HRS_美国/Temp_data/HRS.dta,metadata mention; manual mapping required
HRS,weight,stata_label,s4wtresp,s4wtresp:w4 person-level analysis weight,/mnt/e/Database/七大老年健康数据库数据/3. HRS  美国/HRS_美国/Temp_data/HRS.dta,metadata mention; manual mapping required
HRS,weight,stata_label,s4wtcrnh,s4wtcrnh:w4 combined respondent weight and nurshm resident weight,/mnt/e/Database/七大老年健康数据库数据/3. HRS  美国/HRS_美国/Temp_data/HRS.dta,metadata mention; manual mapping required
HRS,weight,stata_label,s5wtresp,s5wtresp:w5 person-level analysis weight,/mnt/e/Database/七大老年健康数据库数据/3. HRS  美国/HRS_美国/Temp_data/HRS.dta,metadata mention; manual mapping required
HRS,weight,stata_label,s5wtcrnh,s5wtcrnh:w5 combined respondent weight and nurshm resident weight,/mnt/e/Database/七大老年健康数据库数据/3. HRS  美国/HRS_美国/Temp_data/HRS.dta,metadata mention; manual mapping required
HRS,weight,stata_label,s5wtr_nh,s5wtr_nh:w5 nurshm resident analysis weight,/mnt/e/Database/七大老年健康数据库数据/3. HRS  美国/HRS_美国/Temp_data/HRS.dta,metadata mention; manual mapping required
HRS,weight,stata_label,s6wtresp,s6wtresp:w6 person-level analysis weight,/mnt/e/Database/七大老年健康数据库数据/3. HRS  美国/HRS_美国/Temp_data/HRS.dta,metadata mention; manual mapping required
HRS,weight,stata_label,s6wtcrnh,s6wtcrnh:w6 combined respondent weight and nurshm resident weight,/mnt/e/Database/七大老年健康数据库数据/3. HRS  美国/HRS_美国/Temp_data/HRS.dta,metadata mention; manual mapping required
HRS,weight,stata_label,s6wtr_nh,s6wtr_nh:w6 nurshm resident analysis weight,/mnt/e/Database/七大老年健康数据库数据/3. HRS  美国/HRS_美国/Temp_data/HRS.dta,metadata mention; manual mapping required
HRS,weight,stata_label,s7wtresp,s7wtresp:w7 person-level analysis weight,/mnt/e/Database/七大老年健康数据库数据/3. HRS  美国/HRS_美国/Temp_data/HRS.dta,metadata mention; manual mapping required
HRS,weight,stata_label,s7wtcrnh,s7wtcrnh:w7 combined respondent weight and nurshm resident weight,/mnt/e/Database/七大老年健康数据库数据/3. HRS  美国/HRS_美国/Temp_data/HRS.dta,metadata mention; manual mapping required
HRS,weight,stata_label,s7wtr_nh,s7wtr_nh:w7 nurshm resident analysis weight,/mnt/e/Database/七大老年健康数据库数据/3. HRS  美国/HRS_美国/Temp_data/HRS.dta,metadata mention; manual mapping required
HRS,weight,stata_label,s8wtresp,s8wtresp:w8 person-level analysis weight,/mnt/e/Database/七大老年健康数据库数据/3. HRS  美国/HRS_美国/Temp_data/HRS.dta,metadata mention; manual mapping required
HRS,weight,stata_label,s8wtcrnh,s8wtcrnh:w8 combined respondent weight and nurshm resident weight,/mnt/e/Database/七大老年健康数据库数据/3. HRS  美国/HRS_美国/Temp_data/HRS.dta,metadata mention; manual mapping required
HRS,weight,stata_label,s8wtr_nh,s8wtr_nh:w8 nurshm resident analysis weight,/mnt/e/Database/七大老年健康数据库数据/3. HRS  美国/HRS_美国/Temp_data/HRS.dta,metadata mention; manual mapping required
HRS,weight,stata_label,s9wtresp,s9wtresp:w9 person-level analysis weight,/mnt/e/Database/七大老年健康数据库数据/3. HRS  美国/HRS_美国/Temp_data/HRS.dta,metadata mention; manual mapping required
HRS,weight,stata_label,s9wtcrnh,s9wtcrnh:w9 combined respondent weight and nurshm resident weight,/mnt/e/Database/七大老年健康数据库数据/3. HRS  美国/HRS_美国/Temp_data/HRS.dta,metadata mention; manual mapping required
HRS,weight,stata_label,s9wtr_nh,s9wtr_nh:w9 nurshm resident analysis weight,/mnt/e/Database/七大老年健康数据库数据/3. HRS  美国/HRS_美国/Temp_data/HRS.dta,metadata mention; manual mapping required
HRS,weight,stata_label,s10wtresp,s10wtresp:w10 person-level analysis weight,/mnt/e/Database/七大老年健康数据库数据/3. HRS  美国/HRS_美国/Temp_data/HRS.dta,metadata mention; manual mapping required
HRS,weight,stata_label,s10wtcrnh,s10wtcrnh:w10 combined respondent weight and nurshm resident weight,/mnt/e/Database/七大老年健康数据库数据/3. HRS  美国/HRS_美国/Temp_data/HRS.dta,metadata mention; manual mapping required
HRS,weight,stata_label,s10wtr_nh,s10wtr_nh:w10 nurshm resident analysis weight,/mnt/e/Database/七大老年健康数据库数据/3. HRS  美国/HRS_美国/Temp_data/HRS.dta,metadata mention; manual mapping required
HRS,weight,stata_label,s11wtresp,s11wtresp:w11 person-level analysis weight,/mnt/e/Database/七大老年健康数据库数据/3. HRS  美国/HRS_美国/Temp_data/HRS.dta,metadata mention; manual mapping required
HRS,weight,stata_label,s11wtcrnh,s11wtcrnh:w11 combined respondent weight and nurshm resident weight,/mnt/e/Database/七大老年健康数据库数据/3. HRS  美国/HRS_美国/Temp_data/HRS.dta,metadata mention; manual mapping required
HRS,weight,stata_label,s11wtr_nh,s11wtr_nh:w11 nurshm resident analysis weight,/mnt/e/Database/七大老年健康数据库数据/3. HRS  美国/HRS_美国/Temp_data/HRS.dta,metadata mention; manual mapping required
HRS,weight,stata_label,s12wtresp,s12wtresp:w12 person-level analysis weight,/mnt/e/Database/七大老年健康数据库数据/3. HRS  美国/HRS_美国/Temp_data/HRS.dta,metadata mention; manual mapping required
HRS,weight,stata_label,s12wtcrnh,s12wtcrnh:w12 combined respondent weight and nurshm resident weight,/mnt/e/Database/七大老年健康数据库数据/3. HRS  美国/HRS_美国/Temp_data/HRS.dta,metadata mention; manual mapping required
HRS,weight,stata_label,s12wtr_nh,s12wtr_nh:w12 nurshm resident analysis weight,/mnt/e/Database/七大老年健康数据库数据/3. HRS  美国/HRS_美国/Temp_data/HRS.dta,metadata mention; manual mapping required
HRS,weight,stata_label,s13wtresp,s13wtresp:w13 person-level analysis weight,/mnt/e/Database/七大老年健康数据库数据/3. HRS  美国/HRS_美国/Temp_data/HRS.dta,metadata mention; manual mapping required
HRS,weight,stata_label,s13wtcrnh,s13wtcrnh:w13 combined respondent weight and nurshm resident weight,/mnt/e/Database/七大老年健康数据库数据/3. HRS  美国/HRS_美国/Temp_data/HRS.dta,metadata mention; manual mapping required
HRS,weight,stata_label,s13wtr_nh,s13wtr_nh:w13 nurshm resident analysis weight,/mnt/e/Database/七大老年健康数据库数据/3. HRS  美国/HRS_美国/Temp_data/HRS.dta,metadata mention; manual mapping required
HRS,weight,stata_label,s14wtresp,s14wtresp:w14 person-level analysis weight,/mnt/e/Database/七大老年健康数据库数据/3. HRS  美国/HRS_美国/Temp_data/HRS.dta,metadata mention; manual mapping required
HRS,weight,stata_label,s14wtcrnh,s14wtcrnh:w14 combined respondent weight and nurshm resident weight,/mnt/e/Database/七大老年健康数据库数据/3. HRS  美国/HRS_美国/Temp_data/HRS.dta,metadata mention; manual mapping required
HRS,weight,stata_label,s14wtr_nh,s14wtr_nh:w14 nurshm resident analysis weight,/mnt/e/Database/七大老年健康数据库数据/3. HRS  美国/HRS_美国/Temp_data/HRS.dta,metadata mention; manual mapping required
HRS,weight,stata_label,s15wtresp,s15wtresp:w15 person-level analysis weight,/mnt/e/Database/七大老年健康数据库数据/3. HRS  美国/HRS_美国/Temp_data/HRS.dta,metadata mention; manual mapping required
HRS,weight,stata_label,s15wtcrnh,s15wtcrnh:w15 combined respondent weight and nurshm resident weight,/mnt/e/Database/七大老年健康数据库数据/3. HRS  美国/HRS_美国/Temp_data/HRS.dta,metadata mention; manual mapping required
HRS,weight,stata_label,s15wtr_nh,s15wtr_nh:w15 nurshm resident analysis weight,/mnt/e/Database/七大老年健康数据库数据/3. HRS  美国/HRS_美国/Temp_data/HRS.dta,metadata mention; manual mapping required
HRS,weight,stata_label,rawtsamp,rawtsamp: sampling weight,/mnt/e/Database/七大老年健康数据库数据/3. HRS  美国/HRS_美国/Temp_data/HRS.dta,metadata mention; manual mapping required
HRS,strata,stata_label,raestrat,raestrat: std error stratum,/mnt/e/Database/七大老年健康数据库数据/3. HRS  美国/HRS_美国/Temp_data/HRS.dta,metadata mention; manual mapping required
HRS,strata,stata_label,raehsamp,raehsamp: stratum half-sample code,/mnt/e/Database/七大老年健康数据库数据/3. HRS  美国/HRS_美国/Temp_data/HRS.dta,metadata mention; manual mapping required
HRS,weight,stata_label,r1wthh,r1wthh:w1 household analysis weight,/mnt/e/Database/七大老年健康数据库数据/3. HRS  美国/HRS_美国/Temp_data/HRS.dta,metadata mention; manual mapping required
HRS,weight,stata_label,r2wthh,r2wthh:w2 household analysis weight,/mnt/e/Database/七大老年健康数据库数据/3. HRS  美国/HRS_美国/Temp_data/HRS.dta,metadata mention; manual mapping required
HRS,weight,stata_label,r3wthh,r3wthh:w3 household analysis weight,/mnt/e/Database/七大老年健康数据库数据/3. HRS  美国/HRS_美国/Temp_data/HRS.dta,metadata mention; manual mapping required
HRS,weight,stata_label,r4wthh,r4wthh:w4 household analysis weight,/mnt/e/Database/七大老年健康数据库数据/3. HRS  美国/HRS_美国/Temp_data/HRS.dta,metadata mention; manual mapping required
HRS,weight,stata_label,r5wthh,r5wthh:w5 household analysis weight,/mnt/e/Database/七大老年健康数据库数据/3. HRS  美国/HRS_美国/Temp_data/HRS.dta,metadata mention; manual mapping required
HRS,weight,stata_label,r6wthh,r6wthh:w6 household analysis weight,/mnt/e/Database/七大老年健康数据库数据/3. HRS  美国/HRS_美国/Temp_data/HRS.dta,metadata mention; manual mapping required
HRS,weight,stata_label,r7wthh,r7wthh:w7 household analysis weight,/mnt/e/Database/七大老年健康数据库数据/3. HRS  美国/HRS_美国/Temp_data/HRS.dta,metadata mention; manual mapping required
HRS,weight,stata_label,r8wthh,r8wthh:w8 household analysis weight,/mnt/e/Database/七大老年健康数据库数据/3. HRS  美国/HRS_美国/Temp_data/HRS.dta,metadata mention; manual mapping required
HRS,weight,stata_label,r9wthh,r9wthh:w9 household analysis weight,/mnt/e/Database/七大老年健康数据库数据/3. HRS  美国/HRS_美国/Temp_data/HRS.dta,metadata mention; manual mapping required
HRS,weight,stata_label,r10wthh,r10wthh:w10 household analysis weight,/mnt/e/Database/七大老年健康数据库数据/3. HRS  美国/HRS_美国/Temp_data/HRS.dta,metadata mention; manual mapping required
HRS,weight,stata_label,r11wthh,r11wthh:w11 household analysis weight,/mnt/e/Database/七大老年健康数据库数据/3. HRS  美国/HRS_美国/Temp_data/HRS.dta,metadata mention; manual mapping required
HRS,weight,stata_label,r12wthh,r12wthh:w12 household analysis weight,/mnt/e/Database/七大老年健康数据库数据/3. HRS  美国/HRS_美国/Temp_data/HRS.dta,metadata mention; manual mapping required
HRS,weight,stata_label,r13wthh,r13wthh:w13 household analysis weight,/mnt/e/Database/七大老年健康数据库数据/3. HRS  美国/HRS_美国/Temp_data/HRS.dta,metadata mention; manual mapping required
HRS,weight,stata_label,r14wthh,r14wthh:w14 household analysis weight,/mnt/e/Database/七大老年健康数据库数据/3. HRS  美国/HRS_美国/Temp_data/HRS.dta,metadata mention; manual mapping required
HRS,weight,stata_label,r15wthh,r15wthh:w15 household analysis weight,/mnt/e/Database/七大老年健康数据库数据/3. HRS  美国/HRS_美国/Temp_data/HRS.dta,metadata mention; manual mapping required
HRS,weight,stata_label,r1wtresp,r1wtresp:w1 person-level analysis weight,/mnt/e/Database/七大老年健康数据库数据/3. HRS  美国/HRS_美国/Temp_data/HRS.dta,metadata mention; manual mapping required
HRS,weight,stata_label,r2wtresp,r2wtresp:w2 person-level analysis weight,/mnt/e/Database/七大老年健康数据库数据/3. HRS  美国/HRS_美国/Temp_data/HRS.dta,metadata mention; manual mapping required
HRS,weight,stata_label,r3wtresp,r3wtresp:w3 person-level analysis weight,/mnt/e/Database/七大老年健康数据库数据/3. HRS  美国/HRS_美国/Temp_data/HRS.dta,metadata mention; manual mapping required
HRS,weight,stata_label,r4wtresp,r4wtresp:w4 person-level analysis weight,/mnt/e/Database/七大老年健康数据库数据/3. HRS  美国/HRS_美国/Temp_data/HRS.dta,metadata mention; manual mapping required
HRS,weight,stata_label,r5wtresp,r5wtresp:w5 person-level analysis weight,/mnt/e/Database/七大老年健康数据库数据/3. HRS  美国/HRS_美国/Temp_data/HRS.dta,metadata mention; manual mapping required
HRS,weight,stata_label,r6wtresp,r6wtresp:w6 person-level analysis weight,/mnt/e/Database/七大老年健康数据库数据/3. HRS  美国/HRS_美国/Temp_data/HRS.dta,metadata mention; manual mapping required
HRS,weight,stata_label,r7wtresp,r7wtresp:w7 person-level analysis weight,/mnt/e/Database/七大老年健康数据库数据/3. HRS  美国/HRS_美国/Temp_data/HRS.dta,metadata mention; manual mapping required
HRS,weight,stata_label,r8wtresp,r8wtresp:w8 person-level analysis weight,/mnt/e/Database/七大老年健康数据库数据/3. HRS  美国/HRS_美国/Temp_data/HRS.dta,metadata mention; manual mapping required
HRS,weight,stata_label,r9wtresp,r9wtresp:w9 person-level analysis weight,/mnt/e/Database/七大老年健康数据库数据/3. HRS  美国/HRS_美国/Temp_data/HRS.dta,metadata mention; manual mapping required
HRS,weight,stata_label,r10wtresp,r10wtresp:w10 person-level analysis weight,/mnt/e/Database/七大老年健康数据库数据/3. HRS  美国/HRS_美国/Temp_data/HRS.dta,metadata mention; manual mapping required
HRS,weight,stata_label,r11wtresp,r11wtresp:w11 person-level analysis weight,/mnt/e/Database/七大老年健康数据库数据/3. HRS  美国/HRS_美国/Temp_data/HRS.dta,metadata mention; manual mapping required
HRS,weight,stata_label,r12wtresp,r12wtresp:w12 person-level analysis weight,/mnt/e/Database/七大老年健康数据库数据/3. HRS  美国/HRS_美国/Temp_data/HRS.dta,metadata mention; manual mapping required
HRS,weight,stata_label,r13wtresp,r13wtresp:w13 person-level analysis weight,/mnt/e/Database/七大老年健康数据库数据/3. HRS  美国/HRS_美国/Temp_data/HRS.dta,metadata mention; manual mapping required
HRS,weight,stata_label,r14wtresp,r14wtresp:w14 person-level analysis weight,/mnt/e/Database/七大老年健康数据库数据/3. HRS  美国/HRS_美国/Temp_data/HRS.dta,metadata mention; manual mapping required
HRS,weight,stata_label,r15wtresp,r15wtresp:w15 person-level analysis weight,/mnt/e/Database/七大老年健康数据库数据/3. HRS  美国/HRS_美国/Temp_data/HRS.dta,metadata mention; manual mapping required
HRS,weight,stata_label,r5wtr_nh,r5wtr_nh:w5 nurshm resident analysis weight,/mnt/e/Database/七大老年健康数据库数据/3. HRS  美国/HRS_美国/Temp_data/HRS.dta,metadata mention; manual mapping required
HRS,weight,stata_label,r6wtr_nh,r6wtr_nh:w6 nurshm resident analysis weight,/mnt/e/Database/七大老年健康数据库数据/3. HRS  美国/HRS_美国/Temp_data/HRS.dta,metadata mention; manual mapping required
HRS,weight,stata_label,r7wtr_nh,r7wtr_nh:w7 nurshm resident analysis weight,/mnt/e/Database/七大老年健康数据库数据/3. HRS  美国/HRS_美国/Temp_data/HRS.dta,metadata mention; manual mapping required
HRS,weight,stata_label,r8wtr_nh,r8wtr_nh:w8 nurshm resident analysis weight,/mnt/e/Database/七大老年健康数据库数据/3. HRS  美国/HRS_美国/Temp_data/HRS.dta,metadata mention; manual mapping required
HRS,weight,stata_label,r9wtr_nh,r9wtr_nh:w9 nurshm resident analysis weight,/mnt/e/Database/七大老年健康数据库数据/3. HRS  美国/HRS_美国/Temp_data/HRS.dta,metadata mention; manual mapping required
HRS,weight,stata_label,r10wtr_nh,r10wtr_nh:w10 nurshm resident analysis weight,/mnt/e/Database/七大老年健康数据库数据/3. HRS  美国/HRS_美国/Temp_data/HRS.dta,metadata mention; manual mapping required
HRS,weight,stata_label,r11wtr_nh,r11wtr_nh:w11 nurshm resident analysis weight,/mnt/e/Database/七大老年健康数据库数据/3. HRS  美国/HRS_美国/Temp_data/HRS.dta,metadata mention; manual mapping required
HRS,weight,stata_label,r12wtr_nh,r12wtr_nh:w12 nurshm resident analysis weight,/mnt/e/Database/七大老年健康数据库数据/3. HRS  美国/HRS_美国/Temp_data/HRS.dta,metadata mention; manual mapping required
HRS,weight,stata_label,r13wtr_nh,r13wtr_nh:w13 nurshm resident analysis weight,/mnt/e/Database/七大老年健康数据库数据/3. HRS  美国/HRS_美国/Temp_data/HRS.dta,metadata mention; manual mapping required
HRS,weight,stata_label,r14wtr_nh,r14wtr_nh:w14 nurshm resident analysis weight,/mnt/e/Database/七大老年健康数据库数据/3. HRS  美国/HRS_美国/Temp_data/HRS.dta,metadata mention; manual mapping required
HRS,weight,stata_label,r15wtr_nh,r15wtr_nh:w15 nurshm resident analysis weight,/mnt/e/Database/七大老年健康数据库数据/3. HRS  美国/HRS_美国/Temp_data/HRS.dta,metadata mention; manual mapping required
HRS,weight,stata_label,r1wtcrnh,r1wtcrnh:w1 combined respondent weight and nurshm resident weight,/mnt/e/Database/七大老年健康数据库数据/3. HRS  美国/HRS_美国/Temp_data/HRS.dta,metadata mention; manual mapping required
HRS,weight,stata_label,r2wtcrnh,r2wtcrnh:w2 combined respondent weight and nurshm resident weight,/mnt/e/Database/七大老年健康数据库数据/3. HRS  美国/HRS_美国/Temp_data/HRS.dta,metadata mention; manual mapping required
HRS,weight,stata_label,r3wtcrnh,r3wtcrnh:w3 combined respondent weight and nurshm resident weight,/mnt/e/Database/七大老年健康数据库数据/3. HRS  美国/HRS_美国/Temp_data/HRS.dta,metadata mention; manual mapping required
HRS,weight,stata_label,r4wtcrnh,r4wtcrnh:w4 combined respondent weight and nurshm resident weight,/mnt/e/Database/七大老年健康数据库数据/3. HRS  美国/HRS_美国/Temp_data/HRS.dta,metadata mention; manual mapping required
HRS,weight,stata_label,r5wtcrnh,r5wtcrnh:w5 combined respondent weight and nurshm resident weight,/mnt/e/Database/七大老年健康数据库数据/3. HRS  美国/HRS_美国/Temp_data/HRS.dta,metadata mention; manual mapping required
HRS,weight,stata_label,r6wtcrnh,r6wtcrnh:w6 combined respondent weight and nurshm resident weight,/mnt/e/Database/七大老年健康数据库数据/3. HRS  美国/HRS_美国/Temp_data/HRS.dta,metadata mention; manual mapping required
HRS,weight,stata_label,r7wtcrnh,r7wtcrnh:w7 combined respondent weight and nurshm resident weight,/mnt/e/Database/七大老年健康数据库数据/3. HRS  美国/HRS_美国/Temp_data/HRS.dta,metadata mention; manual mapping required
HRS,weight,stata_label,r8wtcrnh,r8wtcrnh:w8 combined respondent weight and nurshm resident weight,/mnt/e/Database/七大老年健康数据库数据/3. HRS  美国/HRS_美国/Temp_data/HRS.dta,metadata mention; manual mapping required
HRS,weight,stata_label,r9wtcrnh,r9wtcrnh:w9 combined respondent weight and nurshm resident weight,/mnt/e/Database/七大老年健康数据库数据/3. HRS  美国/HRS_美国/Temp_data/HRS.dta,metadata mention; manual mapping required
HRS,weight,stata_label,r10wtcrnh,r10wtcrnh:w10 combined respondent weight and nurshm resident weight,/mnt/e/Database/七大老年健康数据库数据/3. HRS  美国/HRS_美国/Temp_data/HRS.dta,metadata mention; manual mapping required
HRS,weight,stata_label,r11wtcrnh,r11wtcrnh:w11 combined respondent weight and nurshm resident weight,/mnt/e/Database/七大老年健康数据库数据/3. HRS  美国/HRS_美国/Temp_data/HRS.dta,metadata mention; manual mapping required
HRS,weight,stata_label,r12wtcrnh,r12wtcrnh:w12 combined respondent weight and nurshm resident weight,/mnt/e/Database/七大老年健康数据库数据/3. HRS  美国/HRS_美国/Temp_data/HRS.dta,metadata mention; manual mapping required
HRS,weight,stata_label,r13wtcrnh,r13wtcrnh:w13 combined respondent weight and nurshm resident weight,/mnt/e/Database/七大老年健康数据库数据/3. HRS  美国/HRS_美国/Temp_data/HRS.dta,metadata mention; manual mapping required
HRS,weight,stata_label,r14wtcrnh,r14wtcrnh:w14 combined respondent weight and nurshm resident weight,/mnt/e/Database/七大老年健康数据库数据/3. HRS  美国/HRS_美国/Temp_data/HRS.dta,metadata mention; manual mapping required
HRS,weight,stata_label,r15wtcrnh,r15wtcrnh:w15 combined respondent weight and nurshm resident weight,/mnt/e/Database/七大老年健康数据库数据/3. HRS  美国/HRS_美国/Temp_data/HRS.dta,metadata mention; manual mapping required
HRS,weight,stata_label,s8pmwght,s8pmwght:w8 s phys msr weight in kilograms,/mnt/e/Database/七大老年健康数据库数据/3. HRS  美国/HRS_美国/Temp_data/HRS.dta,metadata mention; manual mapping required
HRS,weight,stata_label,s8pmwghts,s8pmwghts:w8 s phys msr weight-wore shoes,/mnt/e/Database/七大老年健康数据库数据/3. HRS  美国/HRS_美国/Temp_data/HRS.dta,metadata mention; manual mapping required
HRS,weight,stata_label,s8pmwghtf,s8pmwghtf:w8 s phys msr weight-floor type,/mnt/e/Database/七大老年健康数据库数据/3. HRS  美国/HRS_美国/Temp_data/HRS.dta,metadata mention; manual mapping required
HRS,weight,stata_label,s9pmwght,s9pmwght:w9 s phys msr weight in kilograms,/mnt/e/Database/七大老年健康数据库数据/3. HRS  美国/HRS_美国/Temp_data/HRS.dta,metadata mention; manual mapping required
HRS,weight,stata_label,s9pmwghts,s9pmwghts:w9 s phys msr weight-wore shoes,/mnt/e/Database/七大老年健康数据库数据/3. HRS  美国/HRS_美国/Temp_data/HRS.dta,metadata mention; manual mapping required
HRS,weight,stata_label,s9pmwghtf,s9pmwghtf:w9 s phys msr weight-floor type,/mnt/e/Database/七大老年健康数据库数据/3. HRS  美国/HRS_美国/Temp_data/HRS.dta,metadata mention; manual mapping required
HRS,weight,stata_label,s10pmwght,s10pmwght:w10 s phys msr weight in kilograms,/mnt/e/Database/七大老年健康数据库数据/3. HRS  美国/HRS_美国/Temp_data/HRS.dta,metadata mention; manual mapping required
HRS,weight,stata_label,s10pmwghts,s10pmwghts:w10 s phys msr weight-wore shoes,/mnt/e/Database/七大老年健康数据库数据/3. HRS  美国/HRS_美国/Temp_data/HRS.dta,metadata mention; manual mapping required
HRS,weight,stata_label,s10pmwghtf,s10pmwghtf:w10 s phys msr weight-floor type,/mnt/e/Database/七大老年健康数据库数据/3. HRS  美国/HRS_美国/Temp_data/HRS.dta,metadata mention; manual mapping required
HRS,weight,stata_label,s11pmwght,s11pmwght:w11 s phys msr weight in kilograms,/mnt/e/Database/七大老年健康数据库数据/3. HRS  美国/HRS_美国/Temp_data/HRS.dta,metadata mention; manual mapping required
HRS,weight,stata_label,s11pmwghts,s11pmwghts:w11 s phys msr weight-wore shoes,/mnt/e/Database/七大老年健康数据库数据/3. HRS  美国/HRS_美国/Temp_data/HRS.dta,metadata mention; manual mapping required
HRS,weight,stata_label,s11pmwghtf,s11pmwghtf:w11 s phys msr weight-floor type,/mnt/e/Database/七大老年健康数据库数据/3. HRS  美国/HRS_美国/Temp_data/HRS.dta,metadata mention; manual mapping required
HRS,weight,stata_label,s12pmwght,s12pmwght:w12 s phys msr weight in kilograms,/mnt/e/Database/七大老年健康数据库数据/3. HRS  美国/HRS_美国/Temp_data/HRS.dta,metadata mention; manual mapping required
HRS,weight,stata_label,s12pmwghts,s12pmwghts:w12 s phys msr weight-wore shoes,/mnt/e/Database/七大老年健康数据库数据/3. HRS  美国/HRS_美国/Temp_data/HRS.dta,metadata mention; manual mapping required
HRS,weight,stata_label,s12pmwghtf,s12pmwghtf:w12 s phys msr weight-floor type,/mnt/e/Database/七大老年健康数据库数据/3. HRS  美国/HRS_美国/Temp_data/HRS.dta,metadata mention; manual mapping required
HRS,weight,stata_label,s13pmwght,s13pmwght:w13 s phys msr weight in kilograms,/mnt/e/Database/七大老年健康数据库数据/3. HRS  美国/HRS_美国/Temp_data/HRS.dta,metadata mention; manual mapping required
HRS,weight,stata_label,s13pmwghts,s13pmwghts:w13 s phys msr weight-wore shoes,/mnt/e/Database/七大老年健康数据库数据/3. HRS  美国/HRS_美国/Temp_data/HRS.dta,metadata mention; manual mapping required
HRS,weight,stata_label,s13pmwghtf,s13pmwghtf:w13 s phys msr weight-floor type,/mnt/e/Database/七大老年健康数据库数据/3. HRS  美国/HRS_美国/Temp_data/HRS.dta,metadata mention; manual mapping required
HRS,weight,stata_label,s14pmwght,s14pmwght:w14 s phys msr weight in kilograms,/mnt/e/Database/七大老年健康数据库数据/3. HRS  美国/HRS_美国/Temp_data/HRS.dta,metadata mention; manual mapping required
HRS,weight,stata_label,s14pmwghts,s14pmwghts:w14 s phys msr weight-wore shoes,/mnt/e/Database/七大老年健康数据库数据/3. HRS  美国/HRS_美国/Temp_data/HRS.dta,metadata mention; manual mapping required
HRS,weight,stata_label,s14pmwghtf,s14pmwghtf:w14 s phys msr weight-floor type,/mnt/e/Database/七大老年健康数据库数据/3. HRS  美国/HRS_美国/Temp_data/HRS.dta,metadata mention; manual mapping required
HRS,weight,stata_label,r8pmwght,r8pmwght:w8 r phys msr weight in kilograms,/mnt/e/Database/七大老年健康数据库数据/3. HRS  美国/HRS_美国/Temp_data/HRS.dta,metadata mention; manual mapping required
HRS,weight,stata_label,r9pmwght,r9pmwght:w9 r phys msr weight in kilograms,/mnt/e/Database/七大老年健康数据库数据/3. HRS  美国/HRS_美国/Temp_data/HRS.dta,metadata mention; manual mapping required
HRS,weight,stata_label,r10pmwght,r10pmwght:w10 r phys msr weight in kilograms,/mnt/e/Database/七大老年健康数据库数据/3. HRS  美国/HRS_美国/Temp_data/HRS.dta,metadata mention; manual mapping required
HRS,weight,stata_label,r11pmwght,r11pmwght:w11 r phys msr weight in kilograms,/mnt/e/Database/七大老年健康数据库数据/3. HRS  美国/HRS_美国/Temp_data/HRS.dta,metadata mention; manual mapping required
HRS,weight,stata_label,r12pmwght,r12pmwght:w12 r phys msr weight in kilograms,/mnt/e/Database/七大老年健康数据库数据/3. HRS  美国/HRS_美国/Temp_data/HRS.dta,metadata mention; manual mapping required
HRS,weight,stata_label,r13pmwght,r13pmwght:w13 r phys msr weight in kilograms,/mnt/e/Database/七大老年健康数据库数据/3. HRS  美国/HRS_美国/Temp_data/HRS.dta,metadata mention; manual mapping required
HRS,weight,stata_label,r14pmwght,r14pmwght:w14 r phys msr weight in kilograms,/mnt/e/Database/七大老年健康数据库数据/3. HRS  美国/HRS_美国/Temp_data/HRS.dta,metadata mention; manual mapping required
HRS,weight,stata_label,r8pmwghts,r8pmwghts:w8 r phys msr weight-wore shoes,/mnt/e/Database/七大老年健康数据库数据/3. HRS  美国/HRS_美国/Temp_data/HRS.dta,metadata mention; manual mapping required
HRS,weight,stata_label,r9pmwghts,r9pmwghts:w9 r phys msr weight-wore shoes,/mnt/e/Database/七大老年健康数据库数据/3. HRS  美国/HRS_美国/Temp_data/HRS.dta,metadata mention; manual mapping required
HRS,weight,stata_label,r10pmwghts,r10pmwghts:w10 r phys msr weight-wore shoes,/mnt/e/Database/七大老年健康数据库数据/3. HRS  美国/HRS_美国/Temp_data/HRS.dta,metadata mention; manual mapping required
HRS,weight,stata_label,r11pmwghts,r11pmwghts:w11 r phys msr weight-wore shoes,/mnt/e/Database/七大老年健康数据库数据/3. HRS  美国/HRS_美国/Temp_data/HRS.dta,metadata mention; manual mapping required
HRS,weight,stata_label,r12pmwghts,r12pmwghts:w12 r phys msr weight-wore shoes,/mnt/e/Database/七大老年健康数据库数据/3. HRS  美国/HRS_美国/Temp_data/HRS.dta,metadata mention; manual mapping required
HRS,weight,stata_label,r13pmwghts,r13pmwghts:w13 r phys msr weight-wore shoes,/mnt/e/Database/七大老年健康数据库数据/3. HRS  美国/HRS_美国/Temp_data/HRS.dta,metadata mention; manual mapping required
HRS,weight,stata_label,r14pmwghts,r14pmwghts:w14 r phys msr weight-wore shoes,/mnt/e/Database/七大老年健康数据库数据/3. HRS  美国/HRS_美国/Temp_data/HRS.dta,metadata mention; manual mapping required
HRS,weight,stata_label,r8pmwghtf,r8pmwghtf:w8 r phys msr weight-floor type,/mnt/e/Database/七大老年健康数据库数据/3. HRS  美国/HRS_美国/Temp_data/HRS.dta,metadata mention; manual mapping required
HRS,weight,stata_label,r9pmwghtf,r9pmwghtf:w9 r phys msr weight-floor type,/mnt/e/Database/七大老年健康数据库数据/3. HRS  美国/HRS_美国/Temp_data/HRS.dta,metadata mention; manual mapping required
HRS,weight,stata_label,r10pmwghtf,r10pmwghtf:w10 r phys msr weight-floor type,/mnt/e/Database/七大老年健康数据库数据/3. HRS  美国/HRS_美国/Temp_data/HRS.dta,metadata mention; manual mapping required
HRS,weight,stata_label,r11pmwghtf,r11pmwghtf:w11 r phys msr weight-floor type,/mnt/e/Database/七大老年健康数据库数据/3. HRS  美国/HRS_美国/Temp_data/HRS.dta,metadata mention; manual mapping required
HRS,weight,stata_label,r12pmwghtf,r12pmwghtf:w12 r phys msr weight-floor type,/mnt/e/Database/七大老年健康数据库数据/3. HRS  美国/HRS_美国/Temp_data/HRS.dta,metadata mention; manual mapping required
HRS,weight,stata_label,r13pmwghtf,r13pmwghtf:w13 r phys msr weight-floor type,/mnt/e/Database/七大老年健康数据库数据/3. HRS  美国/HRS_美国/Temp_data/HRS.dta,metadata mention; manual mapping required
HRS,weight,stata_label,r14pmwghtf,r14pmwghtf:w14 r phys msr weight-floor type,/mnt/e/Database/七大老年健康数据库数据/3. HRS  美国/HRS_美国/Temp_data/HRS.dta,metadata mention; manual mapping required
HRS,weight,stata_label,s8lbwgtr,s8lbwgtr:w8 s weight for lb psychosocial survey,/mnt/e/Database/七大老年健康数据库数据/3. HRS  美国/HRS_美国/Temp_data/HRS.dta,metadata mention; manual mapping required
HRS,weight,stata_label,s9lbwgtr,s9lbwgtr:w9 s weight for lb psychosocial survey,/mnt/e/Database/七大老年健康数据库数据/3. HRS  美国/HRS_美国/Temp_data/HRS.dta,metadata mention; manual mapping required
HRS,weight,stata_label,s10lbwgtr,s10lbwgtr:w10 s weight for lb psychosocial survey,/mnt/e/Database/七大老年健康数据库数据/3. HRS  美国/HRS_美国/Temp_data/HRS.dta,metadata mention; manual mapping required
HRS,weight,stata_label,s11lbwgtr,s11lbwgtr:w11 s weight for lb psychosocial survey,/mnt/e/Database/七大老年健康数据库数据/3. HRS  美国/HRS_美国/Temp_data/HRS.dta,metadata mention; manual mapping required
HRS,weight,stata_label,s12lbwgtr,s12lbwgtr:w12 s weight for lb psychosocial survey,/mnt/e/Database/七大老年健康数据库数据/3. HRS  美国/HRS_美国/Temp_data/HRS.dta,metadata mention; manual mapping required
HRS,weight,stata_label,s13lbwgtr,s13lbwgtr:w13 s weight for lb psychosocial survey,/mnt/e/Database/七大老年健康数据库数据/3. HRS  美国/HRS_美国/Temp_data/HRS.dta,metadata mention; manual mapping required
HRS,weight,stata_label,s14lbwgtr,s14lbwgtr:w14 s weight for lb psychosocial survey,/mnt/e/Database/七大老年健康数据库数据/3. HRS  美国/HRS_美国/Temp_data/HRS.dta,metadata mention; manual mapping required
HRS,weight,stata_label,s15lbwgtr,s15lbwgtr:w15 s weight for lb psychosocial survey,/mnt/e/Database/七大老年健康数据库数据/3. HRS  美国/HRS_美国/Temp_data/HRS.dta,metadata mention; manual mapping required
HRS,weight,stata_label,r8lbwgtr,r8lbwgtr:w8 r weight for lb psychosocial survey,/mnt/e/Database/七大老年健康数据库数据/3. HRS  美国/HRS_美国/Temp_data/HRS.dta,metadata mention; manual mapping required
HRS,weight,stata_label,r9lbwgtr,r9lbwgtr:w9 r weight for lb psychosocial survey,/mnt/e/Database/七大老年健康数据库数据/3. HRS  美国/HRS_美国/Temp_data/HRS.dta,metadata mention; manual mapping required
HRS,weight,stata_label,r10lbwgtr,r10lbwgtr:w10 r weight for lb psychosocial survey,/mnt/e/Database/七大老年健康数据库数据/3. HRS  美国/HRS_美国/Temp_data/HRS.dta,metadata mention; manual mapping required
HRS,weight,stata_label,r11lbwgtr,r11lbwgtr:w11 r weight for lb psychosocial survey,/mnt/e/Database/七大老年健康数据库数据/3. HRS  美国/HRS_美国/Temp_data/HRS.dta,metadata mention; manual mapping required
HRS,weight,stata_label,r12lbwgtr,r12lbwgtr:w12 r weight for lb psychosocial survey,/mnt/e/Database/七大老年健康数据库数据/3. HRS  美国/HRS_美国/Temp_data/HRS.dta,metadata mention; manual mapping required
HRS,weight,stata_label,r13lbwgtr,r13lbwgtr:w13 r weight for lb psychosocial survey,/mnt/e/Database/七大老年健康数据库数据/3. HRS  美国/HRS_美国/Temp_data/HRS.dta,metadata mention; manual mapping required
HRS,weight,stata_label,r14lbwgtr,r14lbwgtr:w14 r weight for lb psychosocial survey,/mnt/e/Database/七大老年健康数据库数据/3. HRS  美国/HRS_美国/Temp_data/HRS.dta,metadata mention; manual mapping required
HRS,weight,stata_label,r15lbwgtr,r15lbwgtr:w15 r weight for lb psychosocial survey,/mnt/e/Database/七大老年健康数据库数据/3. HRS  美国/HRS_美国/Temp_data/HRS.dta,metadata mention; manual mapping required
HRS,weight,stata_label,r7nwtresp,"r7nwtresp:w7 r person-level weight, physical measures sample",/mnt/e/Database/七大老年健康数据库数据/3. HRS  美国/HRS_美国/Temp_data/HRS.dta,metadata mention; manual mapping required
HRS,weight,stata_label,r8nwtresp,"r8nwtresp:w8 r person-level weight, physical measures sample",/mnt/e/Database/七大老年健康数据库数据/3. HRS  美国/HRS_美国/Temp_data/HRS.dta,metadata mention; manual mapping required
HRS,weight,stata_label,r9nwtresp,"r9nwtresp:w9 r person-level weight, physical measures sample",/mnt/e/Database/七大老年健康数据库数据/3. HRS  美国/HRS_美国/Temp_data/HRS.dta,metadata mention; manual mapping required
HRS,weight,stata_label,r10nwtresp,"r10nwtresp:w10 r person-level weight, physical measures sample",/mnt/e/Database/七大老年健康数据库数据/3. HRS  美国/HRS_美国/Temp_data/HRS.dta,metadata mention; manual mapping required
HRS,weight,stata_label,r11nwtresp,"r11nwtresp:w11 r person-level weight, physical measures sample",/mnt/e/Database/七大老年健康数据库数据/3. HRS  美国/HRS_美国/Temp_data/HRS.dta,metadata mention; manual mapping required
HRS,weight,stata_label,r12nwtresp,"r12nwtresp:w12 r person-level weight, physical measures sample",/mnt/e/Database/七大老年健康数据库数据/3. HRS  美国/HRS_美国/Temp_data/HRS.dta,metadata mention; manual mapping required
HRS,weight,stata_label,r13nwtresp,"r13nwtresp:w13 r person-level weight, physical measures sample",/mnt/e/Database/七大老年健康数据库数据/3. HRS  美国/HRS_美国/Temp_data/HRS.dta,metadata mention; manual mapping required
HRS,weight,stata_label,r14nwtresp,"r14nwtresp:w14 r person-level weight, physical measures sample",/mnt/e/Database/七大老年健康数据库数据/3. HRS  美国/HRS_美国/Temp_data/HRS.dta,metadata mention; manual mapping required
HRS,weight,stata_label,s7nwtresp,"s7nwtresp:w7 s person-level weight, physical measures sample",/mnt/e/Database/七大老年健康数据库数据/3. HRS  美国/HRS_美国/Temp_data/HRS.dta,metadata mention; manual mapping required
HRS,weight,stata_label,s8nwtresp,"s8nwtresp:w8 s person-level weight, physical measures sample",/mnt/e/Database/七大老年健康数据库数据/3. HRS  美国/HRS_美国/Temp_data/HRS.dta,metadata mention; manual mapping required
HRS,weight,stata_label,s9nwtresp,"s9nwtresp:w9 s person-level weight, physical measures sample",/mnt/e/Database/七大老年健康数据库数据/3. HRS  美国/HRS_美国/Temp_data/HRS.dta,metadata mention; manual mapping required
HRS,weight,stata_label,s10nwtresp,"s10nwtresp:w10 s person-level weight, physical measures sample",/mnt/e/Database/七大老年健康数据库数据/3. HRS  美国/HRS_美国/Temp_data/HRS.dta,metadata mention; manual mapping required
HRS,weight,stata_label,s11nwtresp,"s11nwtresp:w11 s person-level weight, physical measures sample",/mnt/e/Database/七大老年健康数据库数据/3. HRS  美国/HRS_美国/Temp_data/HRS.dta,metadata mention; manual mapping required
HRS,weight,stata_label,s12nwtresp,"s12nwtresp:w12 s person-level weight, physical measures sample",/mnt/e/Database/七大老年健康数据库数据/3. HRS  美国/HRS_美国/Temp_data/HRS.dta,metadata mention; manual mapping required
HRS,weight,stata_label,s13nwtresp,"s13nwtresp:w13 s person-level weight, physical measures sample",/mnt/e/Database/七大老年健康数据库数据/3. HRS  美国/HRS_美国/Temp_data/HRS.dta,metadata mention; manual mapping required
HRS,weight,stata_label,s14nwtresp,"s14nwtresp:w14 s person-level weight, physical measures sample",/mnt/e/Database/七大老年健康数据库数据/3. HRS  美国/HRS_美国/Temp_data/HRS.dta,metadata mention; manual mapping required
HRS,weight,stata_label,r7scwtresp,"r7scwtresp:w7 r person-level weight, psychosocial sample",/mnt/e/Database/七大老年健康数据库数据/3. HRS  美国/HRS_美国/Temp_data/HRS.dta,metadata mention; manual mapping required
HRS,weight,stata_label,r8scwtresp,"r8scwtresp:w8 r person-level weight, leave behind sample",/mnt/e/Database/七大老年健康数据库数据/3. HRS  美国/HRS_美国/Temp_data/HRS.dta,metadata mention; manual mapping required
HRS,weight,stata_label,r9scwtresp,"r9scwtresp:w9 r person-level weight, psychosocial sample",/mnt/e/Database/七大老年健康数据库数据/3. HRS  美国/HRS_美国/Temp_data/HRS.dta,metadata mention; manual mapping required
HRS,weight,stata_label,r10scwtresp,"r10scwtresp:w10 r person-level weight, leave behind sample",/mnt/e/Database/七大老年健康数据库数据/3. HRS  美国/HRS_美国/Temp_data/HRS.dta,metadata mention; manual mapping required
HRS,weight,stata_label,r11scwtresp,"r11scwtresp:w11 r person-level weight, leave behind sample",/mnt/e/Database/七大老年健康数据库数据/3. HRS  美国/HRS_美国/Temp_data/HRS.dta,metadata mention; manual mapping required
HRS,weight,stata_label,r12scwtresp,"r12scwtresp:w12 r person-level weight, leave behind sample",/mnt/e/Database/七大老年健康数据库数据/3. HRS  美国/HRS_美国/Temp_data/HRS.dta,metadata mention; manual mapping required
HRS,weight,stata_label,r13scwtresp,"r13scwtresp:w13 r person-level weight, leave behind sample",/mnt/e/Database/七大老年健康数据库数据/3. HRS  美国/HRS_美国/Temp_data/HRS.dta,metadata mention; manual mapping required
HRS,weight,stata_label,r14scwtresp,"r14scwtresp:w14 r person-level weight, leave behind sample",/mnt/e/Database/七大老年健康数据库数据/3. HRS  美国/HRS_美国/Temp_data/HRS.dta,metadata mention; manual mapping required
HRS,weight,stata_label,r15scwtresp,"r15scwtresp:w15 r person-level weight, leave behind sample",/mnt/e/Database/七大老年健康数据库数据/3. HRS  美国/HRS_美国/Temp_data/HRS.dta,metadata mention; manual mapping required
HRS,weight,stata_label,s7scwtresp,"s7scwtresp:w7 s person-level weight, psychosocial sample",/mnt/e/Database/七大老年健康数据库数据/3. HRS  美国/HRS_美国/Temp_data/HRS.dta,metadata mention; manual mapping required
HRS,weight,stata_label,s8scwtresp,"s8scwtresp:w8 s person-level weight, leave behind sample",/mnt/e/Database/七大老年健康数据库数据/3. HRS  美国/HRS_美国/Temp_data/HRS.dta,metadata mention; manual mapping required
HRS,weight,stata_label,s9scwtresp,"s9scwtresp:w9 s person-level weight, psychosocial sample",/mnt/e/Database/七大老年健康数据库数据/3. HRS  美国/HRS_美国/Temp_data/HRS.dta,metadata mention; manual mapping required
HRS,weight,stata_label,s10scwtresp,"s10scwtresp:w10 s person-level weight, leave behind sample",/mnt/e/Database/七大老年健康数据库数据/3. HRS  美国/HRS_美国/Temp_data/HRS.dta,metadata mention; manual mapping required
HRS,weight,stata_label,s11scwtresp,"s11scwtresp:w11 s person-level weight, leave behind sample",/mnt/e/Database/七大老年健康数据库数据/3. HRS  美国/HRS_美国/Temp_data/HRS.dta,metadata mention; manual mapping required
HRS,weight,stata_label,s12scwtresp,"s12scwtresp:w12 s person-level weight, leave behind sample",/mnt/e/Database/七大老年健康数据库数据/3. HRS  美国/HRS_美国/Temp_data/HRS.dta,metadata mention; manual mapping required
HRS,weight,stata_label,s13scwtresp,"s13scwtresp:w13 s person-level weight, leave behind sample",/mnt/e/Database/七大老年健康数据库数据/3. HRS  美国/HRS_美国/Temp_data/HRS.dta,metadata mention; manual mapping required
HRS,weight,stata_label,s14scwtresp,"s14scwtresp:w14 s person-level weight, leave behind sample",/mnt/e/Database/七大老年健康数据库数据/3. HRS  美国/HRS_美国/Temp_data/HRS.dta,metadata mention; manual mapping required
HRS,weight,stata_label,s15scwtresp,"s15scwtresp:w15 s person-level weight, leave behind sample",/mnt/e/Database/七大老年健康数据库数据/3. HRS  美国/HRS_美国/Temp_data/HRS.dta,metadata mention; manual mapping required
HRS,weight,stata_label,r7mweight,r7mweight:w7 r weight measurement in kilograms,/mnt/e/Database/七大老年健康数据库数据/3. HRS  美国/HRS_美国/Temp_data/HRS.dta,metadata mention; manual mapping required
HRS,weight,stata_label,r8mweight,r8mweight:w8 r weight measurement in kilograms,/mnt/e/Database/七大老年健康数据库数据/3. HRS  美国/HRS_美国/Temp_data/HRS.dta,metadata mention; manual mapping required
HRS,weight,stata_label,r9mweight,r9mweight:w9 r weight measurement in kilograms,/mnt/e/Database/七大老年健康数据库数据/3. HRS  美国/HRS_美国/Temp_data/HRS.dta,metadata mention; manual mapping required
HRS,weight,stata_label,r10mweight,r10mweight:w10 r weight measurement in kilograms,/mnt/e/Database/七大老年健康数据库数据/3. HRS  美国/HRS_美国/Temp_data/HRS.dta,metadata mention; manual mapping required
HRS,weight,stata_label,r11mweight,r11mweight:w11 r weight measurement in kilograms,/mnt/e/Database/七大老年健康数据库数据/3. HRS  美国/HRS_美国/Temp_data/HRS.dta,metadata mention; manual mapping required
HRS,weight,stata_label,r12mweight,r12mweight:w12 r weight measurement in kilograms,/mnt/e/Database/七大老年健康数据库数据/3. HRS  美国/HRS_美国/Temp_data/HRS.dta,metadata mention; manual mapping required
HRS,weight,stata_label,r13mweight,r13mweight:w13 r weight measurement in kilograms,/mnt/e/Database/七大老年健康数据库数据/3. HRS  美国/HRS_美国/Temp_data/HRS.dta,metadata mention; manual mapping required
HRS,weight,stata_label,r14mweight,r14mweight:w14 r weight measurement in kilograms,/mnt/e/Database/七大老年健康数据库数据/3. HRS  美国/HRS_美国/Temp_data/HRS.dta,metadata mention; manual mapping required
HRS,weight,stata_label,s7mweight,s7mweight:w7 s weight measurement in kilograms,/mnt/e/Database/七大老年健康数据库数据/3. HRS  美国/HRS_美国/Temp_data/HRS.dta,metadata mention; manual mapping required
HRS,weight,stata_label,s8mweight,s8mweight:w8 s weight measurement in kilograms,/mnt/e/Database/七大老年健康数据库数据/3. HRS  美国/HRS_美国/Temp_data/HRS.dta,metadata mention; manual mapping required
HRS,weight,stata_label,s9mweight,s9mweight:w9 s weight measurement in kilograms,/mnt/e/Database/七大老年健康数据库数据/3. HRS  美国/HRS_美国/Temp_data/HRS.dta,metadata mention; manual mapping required
HRS,weight,stata_label,s10mweight,s10mweight:w10 s weight measurement in kilograms,/mnt/e/Database/七大老年健康数据库数据/3. HRS  美国/HRS_美国/Temp_data/HRS.dta,metadata mention; manual mapping required
HRS,weight,stata_label,s11mweight,s11mweight:w11 s weight measurement in kilograms,/mnt/e/Database/七大老年健康数据库数据/3. HRS  美国/HRS_美国/Temp_data/HRS.dta,metadata mention; manual mapping required
HRS,weight,stata_label,s12mweight,s12mweight:w12 s weight measurement in kilograms,/mnt/e/Database/七大老年健康数据库数据/3. HRS  美国/HRS_美国/Temp_data/HRS.dta,metadata mention; manual mapping required
HRS,weight,stata_label,s13mweight,s13mweight:w13 s weight measurement in kilograms,/mnt/e/Database/七大老年健康数据库数据/3. HRS  美国/HRS_美国/Temp_data/HRS.dta,metadata mention; manual mapping required
HRS,weight,stata_label,s14mweight,s14mweight:w14 s weight measurement in kilograms,/mnt/e/Database/七大老年健康数据库数据/3. HRS  美国/HRS_美国/Temp_data/HRS.dta,metadata mention; manual mapping required
HRS,weight,stata_label,r7wtcomp,r7wtcomp:w7 r willing and able to complete weight measurement ,/mnt/e/Database/七大老年健康数据库数据/3. HRS  美国/HRS_美国/Temp_data/HRS.dta,metadata mention; manual mapping required
HRS,weight,stata_label,r8wtcomp,r8wtcomp:w8 r willing and able to complete weight measurement ,/mnt/e/Database/七大老年健康数据库数据/3. HRS  美国/HRS_美国/Temp_data/HRS.dta,metadata mention; manual mapping required
HRS,weight,stata_label,r9wtcomp,r9wtcomp:w9 r willing and able to complete weight measurement ,/mnt/e/Database/七大老年健康数据库数据/3. HRS  美国/HRS_美国/Temp_data/HRS.dta,metadata mention; manual mapping required
HRS,weight,stata_label,r10wtcomp,r10wtcomp:w10 r willing and able to complete weight measurement ,/mnt/e/Database/七大老年健康数据库数据/3. HRS  美国/HRS_美国/Temp_data/HRS.dta,metadata mention; manual mapping required
HRS,weight,stata_label,r11wtcomp,r11wtcomp:w11 r willing and able to complete weight measurement ,/mnt/e/Database/七大老年健康数据库数据/3. HRS  美国/HRS_美国/Temp_data/HRS.dta,metadata mention; manual mapping required
HRS,weight,stata_label,r12wtcomp,r12wtcomp:w12 r willing and able to complete weight measurement ,/mnt/e/Database/七大老年健康数据库数据/3. HRS  美国/HRS_美国/Temp_data/HRS.dta,metadata mention; manual mapping required
HRS,weight,stata_label,r13wtcomp,r13wtcomp:w13 r willing and able to complete weight measurement ,/mnt/e/Database/七大老年健康数据库数据/3. HRS  美国/HRS_美国/Temp_data/HRS.dta,metadata mention; manual mapping required
HRS,weight,stata_label,r14wtcomp,r14wtcomp:w14 r willing and able to complete weight measurement ,/mnt/e/Database/七大老年健康数据库数据/3. HRS  美国/HRS_美国/Temp_data/HRS.dta,metadata mention; manual mapping required
HRS,weight,stata_label,s7wtcomp,s7wtcomp:w7 s willing and able to complete weight measurement ,/mnt/e/Database/七大老年健康数据库数据/3. HRS  美国/HRS_美国/Temp_data/HRS.dta,metadata mention; manual mapping required
HRS,weight,stata_label,s8wtcomp,s8wtcomp:w8 s willing and able to complete weight measurement ,/mnt/e/Database/七大老年健康数据库数据/3. HRS  美国/HRS_美国/Temp_data/HRS.dta,metadata mention; manual mapping required
HRS,weight,stata_label,s9wtcomp,s9wtcomp:w9 s willing and able to complete weight measurement ,/mnt/e/Database/七大老年健康数据库数据/3. HRS  美国/HRS_美国/Temp_data/HRS.dta,metadata mention; manual mapping required
HRS,weight,stata_label,s10wtcomp,s10wtcomp:w10 s willing and able to complete weight measurement ,/mnt/e/Database/七大老年健康数据库数据/3. HRS  美国/HRS_美国/Temp_data/HRS.dta,metadata mention; manual mapping required
HRS,weight,stata_label,s11wtcomp,s11wtcomp:w11 s willing and able to complete weight measurement ,/mnt/e/Database/七大老年健康数据库数据/3. HRS  美国/HRS_美国/Temp_data/HRS.dta,metadata mention; manual mapping required
HRS,weight,stata_label,s12wtcomp,s12wtcomp:w12 s willing and able to complete weight measurement ,/mnt/e/Database/七大老年健康数据库数据/3. HRS  美国/HRS_美国/Temp_data/HRS.dta,metadata mention; manual mapping required
HRS,weight,stata_label,s13wtcomp,s13wtcomp:w13 s willing and able to complete weight measurement ,/mnt/e/Database/七大老年健康数据库数据/3. HRS  美国/HRS_美国/Temp_data/HRS.dta,metadata mention; manual mapping required
HRS,weight,stata_label,s14wtcomp,s14wtcomp:w14 s willing and able to complete weight measurement ,/mnt/e/Database/七大老年健康数据库数据/3. HRS  美国/HRS_美国/Temp_data/HRS.dta,metadata mention; manual mapping required
HRS,weight,stata_label,r8wtcompl,r8wtcompl:w8 r compliance during weight measurement,/mnt/e/Database/七大老年健康数据库数据/3. HRS  美国/HRS_美国/Temp_data/HRS.dta,metadata mention; manual mapping required
HRS,weight,stata_label,r9wtcompl,r9wtcompl:w9 r compliance during weight measurement,/mnt/e/Database/七大老年健康数据库数据/3. HRS  美国/HRS_美国/Temp_data/HRS.dta,metadata mention; manual mapping required
HRS,weight,stata_label,r10wtcompl,r10wtcompl:w10 r compliance during weight measurement,/mnt/e/Database/七大老年健康数据库数据/3. HRS  美国/HRS_美国/Temp_data/HRS.dta,metadata mention; manual mapping required
HRS,weight,stata_label,r11wtcompl,r11wtcompl:w11 r compliance during weight measurement,/mnt/e/Database/七大老年健康数据库数据/3. HRS  美国/HRS_美国/Temp_data/HRS.dta,metadata mention; manual mapping required
HRS,weight,stata_label,s8wtcompl,s8wtcompl:w8 s compliance during weight measurement,/mnt/e/Database/七大老年健康数据库数据/3. HRS  美国/HRS_美国/Temp_data/HRS.dta,metadata mention; manual mapping required
HRS,weight,stata_label,s9wtcompl,s9wtcompl:w9 s compliance during weight measurement,/mnt/e/Database/七大老年健康数据库数据/3. HRS  美国/HRS_美国/Temp_data/HRS.dta,metadata mention; manual mapping required
HRS,weight,stata_label,s10wtcompl,s10wtcompl:w10 s compliance during weight measurement,/mnt/e/Database/七大老年健康数据库数据/3. HRS  美国/HRS_美国/Temp_data/HRS.dta,metadata mention; manual mapping required
HRS,weight,stata_label,s11wtcompl,s11wtcompl:w11 s compliance during weight measurement,/mnt/e/Database/七大老年健康数据库数据/3. HRS  美国/HRS_美国/Temp_data/HRS.dta,metadata mention; manual mapping required
HRS,weight,stata_label,r7wtflr,r7wtflr:w7 floor surface r's weight measurement,/mnt/e/Database/七大老年健康数据库数据/3. HRS  美国/HRS_美国/Temp_data/HRS.dta,metadata mention; manual mapping required
HRS,weight,stata_label,r8wtflr,r8wtflr:w8 floor surface r's weight measurement,/mnt/e/Database/七大老年健康数据库数据/3. HRS  美国/HRS_美国/Temp_data/HRS.dta,metadata mention; manual mapping required
HRS,weight,stata_label,r9wtflr,r9wtflr:w9 floor surface r's weight measurement,/mnt/e/Database/七大老年健康数据库数据/3. HRS  美国/HRS_美国/Temp_data/HRS.dta,metadata mention; manual mapping required
HRS,weight,stata_label,r10wtflr,r10wtflr:w10 floor surface r's weight measurement,/mnt/e/Database/七大老年健康数据库数据/3. HRS  美国/HRS_美国/Temp_data/HRS.dta,metadata mention; manual mapping required
HRS,weight,stata_label,r11wtflr,r11wtflr:w11 floor surface r's weight measurement,/mnt/e/Database/七大老年健康数据库数据/3. HRS  美国/HRS_美国/Temp_data/HRS.dta,metadata mention; manual mapping required
HRS,weight,stata_label,r12wtflr,r12wtflr:w12 floor surface r's weight measurement,/mnt/e/Database/七大老年健康数据库数据/3. HRS  美国/HRS_美国/Temp_data/HRS.dta,metadata mention; manual mapping required
HRS,weight,stata_label,r13wtflr,r13wtflr:w13 floor surface r's weight measurement,/mnt/e/Database/七大老年健康数据库数据/3. HRS  美国/HRS_美国/Temp_data/HRS.dta,metadata mention; manual mapping required
HRS,weight,stata_label,r14wtflr,r14wtflr:w14 floor surface r's weight measurement,/mnt/e/Database/七大老年健康数据库数据/3. HRS  美国/HRS_美国/Temp_data/HRS.dta,metadata mention; manual mapping required
HRS,weight,stata_label,s7wtflr,s7wtflr:w7 floor surface s's weight measurement,/mnt/e/Database/七大老年健康数据库数据/3. HRS  美国/HRS_美国/Temp_data/HRS.dta,metadata mention; manual mapping required
HRS,weight,stata_label,s8wtflr,s8wtflr:w8 floor surface s's weight measurement,/mnt/e/Database/七大老年健康数据库数据/3. HRS  美国/HRS_美国/Temp_data/HRS.dta,metadata mention; manual mapping required
HRS,weight,stata_label,s9wtflr,s9wtflr:w9 floor surface s's weight measurement,/mnt/e/Database/七大老年健康数据库数据/3. HRS  美国/HRS_美国/Temp_data/HRS.dta,metadata mention; manual mapping required
HRS,weight,stata_label,s10wtflr,s10wtflr:w10 floor surface s's weight measurement,/mnt/e/Database/七大老年健康数据库数据/3. HRS  美国/HRS_美国/Temp_data/HRS.dta,metadata mention; manual mapping required
HRS,weight,stata_label,s11wtflr,s11wtflr:w11 floor surface s's weight measurement,/mnt/e/Database/七大老年健康数据库数据/3. HRS  美国/HRS_美国/Temp_data/HRS.dta,metadata mention; manual mapping required
HRS,weight,stata_label,s12wtflr,s12wtflr:w12 floor surface s's weight measurement,/mnt/e/Database/七大老年健康数据库数据/3. HRS  美国/HRS_美国/Temp_data/HRS.dta,metadata mention; manual mapping required
HRS,weight,stata_label,s13wtflr,s13wtflr:w13 floor surface s's weight measurement,/mnt/e/Database/七大老年健康数据库数据/3. HRS  美国/HRS_美国/Temp_data/HRS.dta,metadata mention; manual mapping required
HRS,weight,stata_label,s14wtflr,s14wtflr:w14 floor surface s's weight measurement,/mnt/e/Database/七大老年健康数据库数据/3. HRS  美国/HRS_美国/Temp_data/HRS.dta,metadata mention; manual mapping required
HRS,weight,stata_label,r7shoew,r7shoew:w7 r if wearing shoes (weight),/mnt/e/Database/七大老年健康数据库数据/3. HRS  美国/HRS_美国/Temp_data/HRS.dta,metadata mention; manual mapping required
HRS,weight,stata_label,r8shoew,r8shoew:w8 r if wearing shoes (weight),/mnt/e/Database/七大老年健康数据库数据/3. HRS  美国/HRS_美国/Temp_data/HRS.dta,metadata mention; manual mapping required
HRS,weight,stata_label,r9shoew,r9shoew:w9 r if wearing shoes (weight),/mnt/e/Database/七大老年健康数据库数据/3. HRS  美国/HRS_美国/Temp_data/HRS.dta,metadata mention; manual mapping required
HRS,weight,stata_label,r10shoew,r10shoew:w10 r if wearing shoes (weight),/mnt/e/Database/七大老年健康数据库数据/3. HRS  美国/HRS_美国/Temp_data/HRS.dta,metadata mention; manual mapping required
HRS,weight,stata_label,r11shoew,r11shoew:w11 r if wearing shoes (weight),/mnt/e/Database/七大老年健康数据库数据/3. HRS  美国/HRS_美国/Temp_data/HRS.dta,metadata mention; manual mapping required
HRS,weight,stata_label,r12shoew,r12shoew:w12 r if wearing shoes (weight),/mnt/e/Database/七大老年健康数据库数据/3. HRS  美国/HRS_美国/Temp_data/HRS.dta,metadata mention; manual mapping required
HRS,weight,stata_label,r13shoew,r13shoew:w13 r if wearing shoes (weight),/mnt/e/Database/七大老年健康数据库数据/3. HRS  美国/HRS_美国/Temp_data/HRS.dta,metadata mention; manual mapping required
HRS,weight,stata_label,r14shoew,r14shoew:w14 r if wearing shoes (weight),/mnt/e/Database/七大老年健康数据库数据/3. HRS  美国/HRS_美国/Temp_data/HRS.dta,metadata mention; manual mapping required
HRS,weight,stata_label,s7shoew,s7shoew:w7 s if wearing shoes (weight),/mnt/e/Database/七大老年健康数据库数据/3. HRS  美国/HRS_美国/Temp_data/HRS.dta,metadata mention; manual mapping required
HRS,weight,stata_label,s8shoew,s8shoew:w8 s if wearing shoes (weight),/mnt/e/Database/七大老年健康数据库数据/3. HRS  美国/HRS_美国/Temp_data/HRS.dta,metadata mention; manual mapping required
HRS,weight,stata_label,s9shoew,s9shoew:w9 s if wearing shoes (weight),/mnt/e/Database/七大老年健康数据库数据/3. HRS  美国/HRS_美国/Temp_data/HRS.dta,metadata mention; manual mapping required
HRS,weight,stata_label,s10shoew,s10shoew:w10 s if wearing shoes (weight),/mnt/e/Database/七大老年健康数据库数据/3. HRS  美国/HRS_美国/Temp_data/HRS.dta,metadata mention; manual mapping required
HRS,weight,stata_label,s11shoew,s11shoew:w11 s if wearing shoes (weight),/mnt/e/Database/七大老年健康数据库数据/3. HRS  美国/HRS_美国/Temp_data/HRS.dta,metadata mention; manual mapping required
HRS,weight,stata_label,s12shoew,s12shoew:w12 s if wearing shoes (weight),/mnt/e/Database/七大老年健康数据库数据/3. HRS  美国/HRS_美国/Temp_data/HRS.dta,metadata mention; manual mapping required
HRS,weight,stata_label,s13shoew,s13shoew:w13 s if wearing shoes (weight),/mnt/e/Database/七大老年健康数据库数据/3. HRS  美国/HRS_美国/Temp_data/HRS.dta,metadata mention; manual mapping required
HRS,weight,stata_label,s14shoew,s14shoew:w14 s if wearing shoes (weight),/mnt/e/Database/七大老年健康数据库数据/3. HRS  美国/HRS_美国/Temp_data/HRS.dta,metadata mention; manual mapping required
HRS,weight,stata_label,r7wghtsft,r7wghtsft:w7 r didn't complete weight: unsafe/health reason,/mnt/e/Database/七大老年健康数据库数据/3. HRS  美国/HRS_美国/Temp_data/HRS.dta,metadata mention; manual mapping required
HRS,weight,stata_label,r8wghtsft,r8wghtsft:w8 r didn't complete weight: unsafe/health reason,/mnt/e/Database/七大老年健康数据库数据/3. HRS  美国/HRS_美国/Temp_data/HRS.dta,metadata mention; manual mapping required
HRS,weight,stata_label,r9wghtsft,r9wghtsft:w9 r didn't complete weight: unsafe/health reason,/mnt/e/Database/七大老年健康数据库数据/3. HRS  美国/HRS_美国/Temp_data/HRS.dta,metadata mention; manual mapping required
HRS,weight,stata_label,r10wghtsft,r10wghtsft:w10 r didn't complete weight: unsafe/health reason,/mnt/e/Database/七大老年健康数据库数据/3. HRS  美国/HRS_美国/Temp_data/HRS.dta,metadata mention; manual mapping required
HRS,weight,stata_label,r11wghtsft,r11wghtsft:w11 r didn't complete weight: unsafe/health reason,/mnt/e/Database/七大老年健康数据库数据/3. HRS  美国/HRS_美国/Temp_data/HRS.dta,metadata mention; manual mapping required
HRS,weight,stata_label,r12wghtsft,r12wghtsft:w12 r didn't complete weight: unsafe/health reason,/mnt/e/Database/七大老年健康数据库数据/3. HRS  美国/HRS_美国/Temp_data/HRS.dta,metadata mention; manual mapping required
HRS,weight,stata_label,r13wghtsft,r13wghtsft:w13 r didn't complete weight: unsafe/health reason,/mnt/e/Database/七大老年健康数据库数据/3. HRS  美国/HRS_美国/Temp_data/HRS.dta,metadata mention; manual mapping required
HRS,weight,stata_label,r14wghtsft,r14wghtsft:w14 r didn't complete weight: unsafe/health reason,/mnt/e/Database/七大老年健康数据库数据/3. HRS  美国/HRS_美国/Temp_data/HRS.dta,metadata mention; manual mapping required
HRS,weight,stata_label,s7wghtsft,s7wghtsft:w7 s didn't complete weight: unsafe/health reason,/mnt/e/Database/七大老年健康数据库数据/3. HRS  美国/HRS_美国/Temp_data/HRS.dta,metadata mention; manual mapping required
HRS,weight,stata_label,s8wghtsft,s8wghtsft:w8 s didn't complete weight: unsafe/health reason,/mnt/e/Database/七大老年健康数据库数据/3. HRS  美国/HRS_美国/Temp_data/HRS.dta,metadata mention; manual mapping required
HRS,weight,stata_label,s9wghtsft,s9wghtsft:w9 s didn't complete weight: unsafe/health reason,/mnt/e/Database/七大老年健康数据库数据/3. HRS  美国/HRS_美国/Temp_data/HRS.dta,metadata mention; manual mapping required
HRS,weight,stata_label,s10wghtsft,s10wghtsft:w10 s didn't complete weight: unsafe/health reason,/mnt/e/Database/七大老年健康数据库数据/3. HRS  美国/HRS_美国/Temp_data/HRS.dta,metadata mention; manual mapping required
HRS,weight,stata_label,s11wghtsft,s11wghtsft:w11 s didn't complete weight: unsafe/health reason,/mnt/e/Database/七大老年健康数据库数据/3. HRS  美国/HRS_美国/Temp_data/HRS.dta,metadata mention; manual mapping required
HRS,weight,stata_label,s12wghtsft,s12wghtsft:w12 s didn't complete weight: unsafe/health reason,/mnt/e/Database/七大老年健康数据库数据/3. HRS  美国/HRS_美国/Temp_data/HRS.dta,metadata mention; manual mapping required
HRS,weight,stata_label,s13wghtsft,s13wghtsft:w13 s didn't complete weight: unsafe/health reason,/mnt/e/Database/七大老年健康数据库数据/3. HRS  美国/HRS_美国/Temp_data/HRS.dta,metadata mention; manual mapping required
HRS,weight,stata_label,s14wghtsft,s14wghtsft:w14 s didn't complete weight: unsafe/health reason,/mnt/e/Database/七大老年健康数据库数据/3. HRS  美国/HRS_美国/Temp_data/HRS.dta,metadata mention; manual mapping required
HRS,weight,stata_label,r7wghtref,r7wghtref:w7 r didn't complete weight: refused,/mnt/e/Database/七大老年健康数据库数据/3. HRS  美国/HRS_美国/Temp_data/HRS.dta,metadata mention; manual mapping required
HRS,weight,stata_label,r8wghtref,r8wghtref:w8 r didn't complete weight: refused,/mnt/e/Database/七大老年健康数据库数据/3. HRS  美国/HRS_美国/Temp_data/HRS.dta,metadata mention; manual mapping required
HRS,weight,stata_label,r9wghtref,r9wghtref:w9 r didn't complete weight: refused,/mnt/e/Database/七大老年健康数据库数据/3. HRS  美国/HRS_美国/Temp_data/HRS.dta,metadata mention; manual mapping required
HRS,weight,stata_label,r10wghtref,r10wghtref:w10 r didn't complete weight: refused,/mnt/e/Database/七大老年健康数据库数据/3. HRS  美国/HRS_美国/Temp_data/HRS.dta,metadata mention; manual mapping required
HRS,weight,stata_label,r11wghtref,r11wghtref:w11 r didn't complete weight: refused,/mnt/e/Database/七大老年健康数据库数据/3. HRS  美国/HRS_美国/Temp_data/HRS.dta,metadata mention; manual mapping required
HRS,weight,stata_label,r12wghtref,r12wghtref:w12 r didn't complete weight: refused,/mnt/e/Database/七大老年健康数据库数据/3. HRS  美国/HRS_美国/Temp_data/HRS.dta,metadata mention; manual mapping required
HRS,weight,stata_label,r13wghtref,r13wghtref:w13 r didn't complete weight: refused,/mnt/e/Database/七大老年健康数据库数据/3. HRS  美国/HRS_美国/Temp_data/HRS.dta,metadata mention; manual mapping required
HRS,weight,stata_label,r14wghtref,r14wghtref:w14 r didn't complete weight: refused,/mnt/e/Database/七大老年健康数据库数据/3. HRS  美国/HRS_美国/Temp_data/HRS.dta,metadata mention; manual mapping required
HRS,weight,stata_label,s7wghtref,s7wghtref:w7 s didn't complete weight: refused,/mnt/e/Database/七大老年健康数据库数据/3. HRS  美国/HRS_美国/Temp_data/HRS.dta,metadata mention; manual mapping required
HRS,weight,stata_label,s8wghtref,s8wghtref:w8 s didn't complete weight: refused,/mnt/e/Database/七大老年健康数据库数据/3. HRS  美国/HRS_美国/Temp_data/HRS.dta,metadata mention; manual mapping required
HRS,weight,stata_label,s9wghtref,s9wghtref:w9 s didn't complete weight: refused,/mnt/e/Database/七大老年健康数据库数据/3. HRS  美国/HRS_美国/Temp_data/HRS.dta,metadata mention; manual mapping required
HRS,weight,stata_label,s10wghtref,s10wghtref:w10 s didn't complete weight: refused,/mnt/e/Database/七大老年健康数据库数据/3. HRS  美国/HRS_美国/Temp_data/HRS.dta,metadata mention; manual mapping required
HRS,weight,stata_label,s11wghtref,s11wghtref:w11 s didn't complete weight: refused,/mnt/e/Database/七大老年健康数据库数据/3. HRS  美国/HRS_美国/Temp_data/HRS.dta,metadata mention; manual mapping required
HRS,weight,stata_label,s12wghtref,s12wghtref:w12 s didn't complete weight: refused,/mnt/e/Database/七大老年健康数据库数据/3. HRS  美国/HRS_美国/Temp_data/HRS.dta,metadata mention; manual mapping required
HRS,weight,stata_label,s13wghtref,s13wghtref:w13 s didn't complete weight: refused,/mnt/e/Database/七大老年健康数据库数据/3. HRS  美国/HRS_美国/Temp_data/HRS.dta,metadata mention; manual mapping required
HRS,weight,stata_label,s14wghtref,s14wghtref:w14 s didn't complete weight: refused,/mnt/e/Database/七大老年健康数据库数据/3. HRS  美国/HRS_美国/Temp_data/HRS.dta,metadata mention; manual mapping required
HRS,weight,stata_label,r7wghttryu,r7wghttryu:w7 r didn't complete weight: tried but unable,/mnt/e/Database/七大老年健康数据库数据/3. HRS  美国/HRS_美国/Temp_data/HRS.dta,metadata mention; manual mapping required
HRS,weight,stata_label,r8wghttryu,r8wghttryu:w8 r didn't complete weight: tried but unable,/mnt/e/Database/七大老年健康数据库数据/3. HRS  美国/HRS_美国/Temp_data/HRS.dta,metadata mention; manual mapping required
HRS,weight,stata_label,r9wghttryu,r9wghttryu:w9 r didn't complete weight: tried but unable,/mnt/e/Database/七大老年健康数据库数据/3. HRS  美国/HRS_美国/Temp_data/HRS.dta,metadata mention; manual mapping required
HRS,weight,stata_label,r10wghttryu,r10wghttryu:w10 r didn't complete weight: tried but unable,/mnt/e/Database/七大老年健康数据库数据/3. HRS  美国/HRS_美国/Temp_data/HRS.dta,metadata mention; manual mapping required
HRS,weight,stata_label,r11wghttryu,r11wghttryu:w11 r didn't complete weight: tried but unable,/mnt/e/Database/七大老年健康数据库数据/3. HRS  美国/HRS_美国/Temp_data/HRS.dta,metadata mention; manual mapping required
HRS,weight,stata_label,r12wghttryu,r12wghttryu:w12 r didn't complete weight: tried but unable,/mnt/e/Database/七大老年健康数据库数据/3. HRS  美国/HRS_美国/Temp_data/HRS.dta,metadata mention; manual mapping required
HRS,weight,stata_label,r13wghttryu,r13wghttryu:w13 r didn't complete weight: tried but unable,/mnt/e/Database/七大老年健康数据库数据/3. HRS  美国/HRS_美国/Temp_data/HRS.dta,metadata mention; manual mapping required
HRS,weight,stata_label,r14wghttryu,r14wghttryu:w14 r didn't complete weight: tried but unable,/mnt/e/Database/七大老年健康数据库数据/3. HRS  美国/HRS_美国/Temp_data/HRS.dta,metadata mention; manual mapping required
HRS,weight,stata_label,s7wghttryu,s7wghttryu:w7 s didn't complete weight: tried but unable,/mnt/e/Database/七大老年健康数据库数据/3. HRS  美国/HRS_美国/Temp_data/HRS.dta,metadata mention; manual mapping required
HRS,weight,stata_label,s8wghttryu,s8wghttryu:w8 s didn't complete weight: tried but unable,/mnt/e/Database/七大老年健康数据库数据/3. HRS  美国/HRS_美国/Temp_data/HRS.dta,metadata mention; manual mapping required
HRS,weight,stata_label,s9wghttryu,s9wghttryu:w9 s didn't complete weight: tried but unable,/mnt/e/Database/七大老年健康数据库数据/3. HRS  美国/HRS_美国/Temp_data/HRS.dta,metadata mention; manual mapping required
HRS,weight,stata_label,s10wghttryu,s10wghttryu:w10 s didn't complete weight: tried but unable,/mnt/e/Database/七大老年健康数据库数据/3. HRS  美国/HRS_美国/Temp_data/HRS.dta,metadata mention; manual mapping required
HRS,weight,stata_label,s11wghttryu,s11wghttryu:w11 s didn't complete weight: tried but unable,/mnt/e/Database/七大老年健康数据库数据/3. HRS  美国/HRS_美国/Temp_data/HRS.dta,metadata mention; manual mapping required
HRS,weight,stata_label,s12wghttryu,s12wghttryu:w12 s didn't complete weight: tried but unable,/mnt/e/Database/七大老年健康数据库数据/3. HRS  美国/HRS_美国/Temp_data/HRS.dta,metadata mention; manual mapping required
HRS,weight,stata_label,s13wghttryu,s13wghttryu:w13 s didn't complete weight: tried but unable,/mnt/e/Database/七大老年健康数据库数据/3. HRS  美国/HRS_美国/Temp_data/HRS.dta,metadata mention; manual mapping required
HRS,weight,stata_label,s14wghttryu,s14wghttryu:w14 s didn't complete weight: tried but unable,/mnt/e/Database/七大老年健康数据库数据/3. HRS  美国/HRS_美国/Temp_data/HRS.dta,metadata mention; manual mapping required
HRS,weight,stata_label,r7wghtequp,r7wghtequp:w7 r didn't complete weight: faulty equipment/space issue,/mnt/e/Database/七大老年健康数据库数据/3. HRS  美国/HRS_美国/Temp_data/HRS.dta,metadata mention; manual mapping required
HRS,weight,stata_label,r8wghtequp,r8wghtequp:w8 r didn't complete weight: faulty equipment/space issue,/mnt/e/Database/七大老年健康数据库数据/3. HRS  美国/HRS_美国/Temp_data/HRS.dta,metadata mention; manual mapping required
HRS,weight,stata_label,r9wghtequp,r9wghtequp:w9 r didn't complete weight: faulty equipment/space issue,/mnt/e/Database/七大老年健康数据库数据/3. HRS  美国/HRS_美国/Temp_data/HRS.dta,metadata mention; manual mapping required
HRS,weight,stata_label,r10wghtequp,r10wghtequp:w10 r didn't complete weight: faulty equipment/space issue,/mnt/e/Database/七大老年健康数据库数据/3. HRS  美国/HRS_美国/Temp_data/HRS.dta,metadata mention; manual mapping required
HRS,weight,stata_label,r11wghtequp,r11wghtequp:w11 r didn't complete weight: faulty equipment/space issue,/mnt/e/Database/七大老年健康数据库数据/3. HRS  美国/HRS_美国/Temp_data/HRS.dta,metadata mention; manual mapping required
HRS,weight,stata_label,r12wghtequp,r12wghtequp:w12 r didn't complete weight: faulty equipment/space issue,/mnt/e/Database/七大老年健康数据库数据/3. HRS  美国/HRS_美国/Temp_data/HRS.dta,metadata mention; manual mapping required
HRS,weight,stata_label,r13wghtequp,r13wghtequp:w13 r didn't complete weight: faulty equipment/space issue,/mnt/e/Database/七大老年健康数据库数据/3. HRS  美国/HRS_美国/Temp_data/HRS.dta,metadata mention; manual mapping required
HRS,weight,stata_label,r14wghtequp,r14wghtequp:w14 r didn't complete weight: faulty equipment/space issue,/mnt/e/Database/七大老年健康数据库数据/3. HRS  美国/HRS_美国/Temp_data/HRS.dta,metadata mention; manual mapping required
HRS,weight,stata_label,s7wghtequp,s7wghtequp:w7 s didn't complete weight: faulty equipment/space issue,/mnt/e/Database/七大老年健康数据库数据/3. HRS  美国/HRS_美国/Temp_data/HRS.dta,metadata mention; manual mapping required
HRS,weight,stata_label,s8wghtequp,s8wghtequp:w8 s didn't complete weight: faulty equipment/space issue,/mnt/e/Database/七大老年健康数据库数据/3. HRS  美国/HRS_美国/Temp_data/HRS.dta,metadata mention; manual mapping required
HRS,weight,stata_label,s9wghtequp,s9wghtequp:w9 s didn't complete weight: faulty equipment/space issue,/mnt/e/Database/七大老年健康数据库数据/3. HRS  美国/HRS_美国/Temp_data/HRS.dta,metadata mention; manual mapping required
HRS,weight,stata_label,s10wghtequp,s10wghtequp:w10 s didn't complete weight: faulty equipment/space issue,/mnt/e/Database/七大老年健康数据库数据/3. HRS  美国/HRS_美国/Temp_data/HRS.dta,metadata mention; manual mapping required
HRS,weight,stata_label,s11wghtequp,s11wghtequp:w11 s didn't complete weight: faulty equipment/space issue,/mnt/e/Database/七大老年健康数据库数据/3. HRS  美国/HRS_美国/Temp_data/HRS.dta,metadata mention; manual mapping required
HRS,weight,stata_label,s12wghtequp,s12wghtequp:w12 s didn't complete weight: faulty equipment/space issue,/mnt/e/Database/七大老年健康数据库数据/3. HRS  美国/HRS_美国/Temp_data/HRS.dta,metadata mention; manual mapping required
HRS,weight,stata_label,s13wghtequp,s13wghtequp:w13 s didn't complete weight: faulty equipment/space issue,/mnt/e/Database/七大老年健康数据库数据/3. HRS  美国/HRS_美国/Temp_data/HRS.dta,metadata mention; manual mapping required
HRS,weight,stata_label,s14wghtequp,s14wghtequp:w14 s didn't complete weight: faulty equipment/space issue,/mnt/e/Database/七大老年健康数据库数据/3. HRS  美国/HRS_美国/Temp_data/HRS.dta,metadata mention; manual mapping required
HRS,weight,stata_label,r7wghtothr,r7wghtothr:w7 r didn't complete weight: other reason,/mnt/e/Database/七大老年健康数据库数据/3. HRS  美国/HRS_美国/Temp_data/HRS.dta,metadata mention; manual mapping required
HRS,weight,stata_label,r8wghtothr,r8wghtothr:w8 r didn't complete weight: other reason,/mnt/e/Database/七大老年健康数据库数据/3. HRS  美国/HRS_美国/Temp_data/HRS.dta,metadata mention; manual mapping required
HRS,weight,stata_label,r9wghtothr,r9wghtothr:w9 r didn't complete weight: other reason,/mnt/e/Database/七大老年健康数据库数据/3. HRS  美国/HRS_美国/Temp_data/HRS.dta,metadata mention; manual mapping required
HRS,weight,stata_label,r10wghtothr,r10wghtothr:w10 r didn't complete weight: other reason,/mnt/e/Database/七大老年健康数据库数据/3. HRS  美国/HRS_美国/Temp_data/HRS.dta,metadata mention; manual mapping required
HRS,weight,stata_label,r11wghtothr,r11wghtothr:w11 r didn't complete weight: other reason,/mnt/e/Database/七大老年健康数据库数据/3. HRS  美国/HRS_美国/Temp_data/HRS.dta,metadata mention; manual mapping required
HRS,weight,stata_label,r12wghtothr,r12wghtothr:w12 r didn't complete weight: other reason,/mnt/e/Database/七大老年健康数据库数据/3. HRS  美国/HRS_美国/Temp_data/HRS.dta,metadata mention; manual mapping required
HRS,weight,stata_label,r13wghtothr,r13wghtothr:w13 r didn't complete weight: other reason,/mnt/e/Database/七大老年健康数据库数据/3. HRS  美国/HRS_美国/Temp_data/HRS.dta,metadata mention; manual mapping required
HRS,weight,stata_label,r14wghtothr,r14wghtothr:w14 r didn't complete weight: other reason,/mnt/e/Database/七大老年健康数据库数据/3. HRS  美国/HRS_美国/Temp_data/HRS.dta,metadata mention; manual mapping required
HRS,weight,stata_label,s7wghtothr,s7wghtothr:w7 s didn't complete weight: other reason,/mnt/e/Database/七大老年健康数据库数据/3. HRS  美国/HRS_美国/Temp_data/HRS.dta,metadata mention; manual mapping required
HRS,weight,stata_label,s8wghtothr,s8wghtothr:w8 s didn't complete weight: other reason,/mnt/e/Database/七大老年健康数据库数据/3. HRS  美国/HRS_美国/Temp_data/HRS.dta,metadata mention; manual mapping required
HRS,weight,stata_label,s9wghtothr,s9wghtothr:w9 s didn't complete weight: other reason,/mnt/e/Database/七大老年健康数据库数据/3. HRS  美国/HRS_美国/Temp_data/HRS.dta,metadata mention; manual mapping required
HRS,weight,stata_label,s10wghtothr,s10wghtothr:w10 s didn't complete weight: other reason,/mnt/e/Database/七大老年健康数据库数据/3. HRS  美国/HRS_美国/Temp_data/HRS.dta,metadata mention; manual mapping required
HRS,weight,stata_label,s11wghtothr,s11wghtothr:w11 s didn't complete weight: other reason,/mnt/e/Database/七大老年健康数据库数据/3. HRS  美国/HRS_美国/Temp_data/HRS.dta,metadata mention; manual mapping required
HRS,weight,stata_label,s12wghtothr,s12wghtothr:w12 s didn't complete weight: other reason,/mnt/e/Database/七大老年健康数据库数据/3. HRS  美国/HRS_美国/Temp_data/HRS.dta,metadata mention; manual mapping required
HRS,weight,stata_label,s13wghtothr,s13wghtothr:w13 s didn't complete weight: other reason,/mnt/e/Database/七大老年健康数据库数据/3. HRS  美国/HRS_美国/Temp_data/HRS.dta,metadata mention; manual mapping required
HRS,weight,stata_label,s14wghtothr,s14wghtothr:w14 s didn't complete weight: other reason,/mnt/e/Database/七大老年健康数据库数据/3. HRS  美国/HRS_美国/Temp_data/HRS.dta,metadata mention; manual mapping required
HRS,weight,stata_label,r8dcwegt,r8dcwegt:w8 r discrimination reason:weight,/mnt/e/Database/七大老年健康数据库数据/3. HRS  美国/HRS_美国/Temp_data/HRS.dta,metadata mention; manual mapping required
HRS,weight,stata_label,r9dcwegt,r9dcwegt:w9 r discrimination reason:weight,/mnt/e/Database/七大老年健康数据库数据/3. HRS  美国/HRS_美国/Temp_data/HRS.dta,metadata mention; manual mapping required
HRS,weight,stata_label,r10dcwegt,r10dcwegt:w10 r discrimination reason:weight,/mnt/e/Database/七大老年健康数据库数据/3. HRS  美国/HRS_美国/Temp_data/HRS.dta,metadata mention; manual mapping required
HRS,weight,stata_label,r11dcwegt,r11dcwegt:w11 r discrimination reason:weight,/mnt/e/Database/七大老年健康数据库数据/3. HRS  美国/HRS_美国/Temp_data/HRS.dta,metadata mention; manual mapping required
HRS,weight,stata_label,r12dcwegt,r12dcwegt:w12 r discrimination reason:weight,/mnt/e/Database/七大老年健康数据库数据/3. HRS  美国/HRS_美国/Temp_data/HRS.dta,metadata mention; manual mapping required
HRS,weight,stata_label,r13dcwegt,r13dcwegt:w13 r discrimination reason:weight,/mnt/e/Database/七大老年健康数据库数据/3. HRS  美国/HRS_美国/Temp_data/HRS.dta,metadata mention; manual mapping required
HRS,weight,stata_label,r14dcwegt,r14dcwegt:w14 r discrimination reason:weight,/mnt/e/Database/七大老年健康数据库数据/3. HRS  美国/HRS_美国/Temp_data/HRS.dta,metadata mention; manual mapping required
HRS,weight,stata_label,r15dcwegt,r15dcwegt:w15 r discrimination reason:weight,/mnt/e/Database/七大老年健康数据库数据/3. HRS  美国/HRS_美国/Temp_data/HRS.dta,metadata mention; manual mapping required
HRS,weight,stata_label,s8dcwegt,s8dcwegt:w8 s discrimination reason:weight,/mnt/e/Database/七大老年健康数据库数据/3. HRS  美国/HRS_美国/Temp_data/HRS.dta,metadata mention; manual mapping required
HRS,weight,stata_label,s9dcwegt,s9dcwegt:w9 s discrimination reason:weight,/mnt/e/Database/七大老年健康数据库数据/3. HRS  美国/HRS_美国/Temp_data/HRS.dta,metadata mention; manual mapping required
HRS,weight,stata_label,s10dcwegt,s10dcwegt:w10 s discrimination reason:weight,/mnt/e/Database/七大老年健康数据库数据/3. HRS  美国/HRS_美国/Temp_data/HRS.dta,metadata mention; manual mapping required
HRS,weight,stata_label,s11dcwegt,s11dcwegt:w11 s discrimination reason:weight,/mnt/e/Database/七大老年健康数据库数据/3. HRS  美国/HRS_美国/Temp_data/HRS.dta,metadata mention; manual mapping required
HRS,weight,stata_label,s12dcwegt,s12dcwegt:w12 s discrimination reason:weight,/mnt/e/Database/七大老年健康数据库数据/3. HRS  美国/HRS_美国/Temp_data/HRS.dta,metadata mention; manual mapping required
HRS,weight,stata_label,s13dcwegt,s13dcwegt:w13 s discrimination reason:weight,/mnt/e/Database/七大老年健康数据库数据/3. HRS  美国/HRS_美国/Temp_data/HRS.dta,metadata mention; manual mapping required
HRS,weight,stata_label,s14dcwegt,s14dcwegt:w14 s discrimination reason:weight,/mnt/e/Database/七大老年健康数据库数据/3. HRS  美国/HRS_美国/Temp_data/HRS.dta,metadata mention; manual mapping required
HRS,weight,stata_label,s15dcwegt,s15dcwegt:w15 s discrimination reason:weight,/mnt/e/Database/七大老年健康数据库数据/3. HRS  美国/HRS_美国/Temp_data/HRS.dta,metadata mention; manual mapping required
HRS,weight,stata_label,MC139,WEIGHT IN POUNDS,/mnt/e/Database/七大老年健康数据库数据/3. HRS  美国/HRS_美国/Temp_data/hrs_wave10.dta,metadata mention; manual mapping required
HRS,weight,stata_label,MC140,WEIGHT GAIN/LOSS 10 LBS. SINCE PREV WAVE,/mnt/e/Database/七大老年健康数据库数据/3. HRS  美国/HRS_美国/Temp_data/hrs_wave10.dta,metadata mention; manual mapping required
HRS,weight,stata_label,MG011,DIFFICULTY- LIFTING WEIGHTS,/mnt/e/Database/七大老年健康数据库数据/3. HRS  美国/HRS_美国/Temp_data/hrs_wave10.dta,metadata mention; manual mapping required
HRS,weight,stata_label,MI838,WEIGHT ABLE TO MEASURE,/mnt/e/Database/七大老年健康数据库数据/3. HRS  美国/HRS_美国/Temp_data/hrs_wave10.dta,metadata mention; manual mapping required
HRS,weight,stata_label,MI839M1,WEIGHT REASON NOT COMPLETE -1,/mnt/e/Database/七大老年健康数据库数据/3. HRS  美国/HRS_美国/Temp_data/hrs_wave10.dta,metadata mention; manual mapping required
HRS,weight,stata_label,MI839M2,WEIGHT REASON NOT COMPLETE -2,/mnt/e/Database/七大老年健康数据库数据/3. HRS  美国/HRS_美国/Temp_data/hrs_wave10.dta,metadata mention; manual mapping required
HRS,weight,stata_label,MI839M3,WEIGHT REASON NOT COMPLETE -3,/mnt/e/Database/七大老年健康数据库数据/3. HRS  美国/HRS_美国/Temp_data/hrs_wave10.dta,metadata mention; manual mapping required
HRS,weight,stata_label,MI839M4,WEIGHT REASON NOT COMPLETE -4,/mnt/e/Database/七大老年健康数据库数据/3. HRS  美国/HRS_美国/Temp_data/hrs_wave10.dta,metadata mention; manual mapping required
HRS,weight,stata_label,MI839M5,WEIGHT REASON NOT COMPLETE -5,/mnt/e/Database/七大老年健康数据库数据/3. HRS  美国/HRS_美国/Temp_data/hrs_wave10.dta,metadata mention; manual mapping required
HRS,weight,stata_label,MI841,WEIGHT POUNDS MEASURMENT,/mnt/e/Database/七大老年健康数据库数据/3. HRS  美国/HRS_美国/Temp_data/hrs_wave10.dta,metadata mention; manual mapping required
HRS,weight,stata_label,MI842,WEIGHT FLOOR SURFACE,/mnt/e/Database/七大老年健康数据库数据/3. HRS  美国/HRS_美国/Temp_data/hrs_wave10.dta,metadata mention; manual mapping required
HRS,weight,stata_label,MI844,WEIGHT WEARING SHOES,/mnt/e/Database/七大老年健康数据库数据/3. HRS  美国/HRS_美国/Temp_data/hrs_wave10.dta,metadata mention; manual mapping required
HRS,weight,stata_label,MI947,WEIGHT COMPLIANCE,/mnt/e/Database/七大老年健康数据库数据/3. HRS  美国/HRS_美国/Temp_data/hrs_wave10.dta,metadata mention; manual mapping required
HRS,weight,stata_label,NC139,WEIGHT IN POUNDS,/mnt/e/Database/七大老年健康数据库数据/3. HRS  美国/HRS_美国/Temp_data/hrs_wave11.dta,metadata mention; manual mapping required
HRS,weight,stata_label,NC140,WEIGHT GAIN/LOSS 10 LBS. SINCE PREV WAVE,/mnt/e/Database/七大老年健康数据库数据/3. HRS  美国/HRS_美国/Temp_data/hrs_wave11.dta,metadata mention; manual mapping required
HRS,weight,stata_label,NG011,DIFFICULTY- LIFTING WEIGHTS,/mnt/e/Database/七大老年健康数据库数据/3. HRS  美国/HRS_美国/Temp_data/hrs_wave11.dta,metadata mention; manual mapping required
HRS,weight,stata_label,NI838,WEIGHT ABLE TO MEASURE,/mnt/e/Database/七大老年健康数据库数据/3. HRS  美国/HRS_美国/Temp_data/hrs_wave11.dta,metadata mention; manual mapping required
HRS,weight,stata_label,NI839M1,WEIGHT REASON NOT COMPLETE -1,/mnt/e/Database/七大老年健康数据库数据/3. HRS  美国/HRS_美国/Temp_data/hrs_wave11.dta,metadata mention; manual mapping required
HRS,weight,stata_label,NI839M2,WEIGHT REASON NOT COMPLETE -2,/mnt/e/Database/七大老年健康数据库数据/3. HRS  美国/HRS_美国/Temp_data/hrs_wave11.dta,metadata mention; manual mapping required
HRS,weight,stata_label,NI839M3,WEIGHT REASON NOT COMPLETE -3,/mnt/e/Database/七大老年健康数据库数据/3. HRS  美国/HRS_美国/Temp_data/hrs_wave11.dta,metadata mention; manual mapping required
HRS,weight,stata_label,NI839M4,WEIGHT REASON NOT COMPLETE -4,/mnt/e/Database/七大老年健康数据库数据/3. HRS  美国/HRS_美国/Temp_data/hrs_wave11.dta,metadata mention; manual mapping required
HRS,weight,stata_label,NI839M5,WEIGHT REASON NOT COMPLETE -5,/mnt/e/Database/七大老年健康数据库数据/3. HRS  美国/HRS_美国/Temp_data/hrs_wave11.dta,metadata mention; manual mapping required
HRS,weight,stata_label,NI841,WEIGHT POUNDS MEASURMENT,/mnt/e/Database/七大老年健康数据库数据/3. HRS  美国/HRS_美国/Temp_data/hrs_wave11.dta,metadata mention; manual mapping required
HRS,weight,stata_label,NI842,WEIGHT FLOOR SURFACE,/mnt/e/Database/七大老年健康数据库数据/3. HRS  美国/HRS_美国/Temp_data/hrs_wave11.dta,metadata mention; manual mapping required
HRS,weight,stata_label,NI844,WEIGHT WEARING SHOES,/mnt/e/Database/七大老年健康数据库数据/3. HRS  美国/HRS_美国/Temp_data/hrs_wave11.dta,metadata mention; manual mapping required
HRS,weight,stata_label,NI947,WEIGHT COMPLIANCE,/mnt/e/Database/七大老年健康数据库数据/3. HRS  美国/HRS_美国/Temp_data/hrs_wave11.dta,metadata mention; manual mapping required
HRS,weight,stata_label,NV155,LOST WEIGHT WITHOUT TRYING LAST 3 MONTHS,/mnt/e/Database/七大老年健康数据库数据/3. HRS  美国/HRS_美国/Temp_data/hrs_wave11.dta,metadata mention; manual mapping required
HRS,weight,stata_label,NV224,PROGRAM AT WORK TO HELP LOSE WEIGHT,/mnt/e/Database/七大老年健康数据库数据/3. HRS  美国/HRS_美国/Temp_data/hrs_wave11.dta,metadata mention; manual mapping required
HRS,weight,stata_label,NV225,PARTICIPATE IN PROGRAM TO HELP LOSE WEIGHT,/mnt/e/Database/七大老年健康数据库数据/3. HRS  美国/HRS_美国/Temp_data/hrs_wave11.dta,metadata mention; manual mapping required
HRS,weight,stata_label,NV360,WORRY DOCTOR JUDGES BASED ON WEIGHT,/mnt/e/Database/七大老年健康数据库数据/3. HRS  美国/HRS_美国/Temp_data/hrs_wave11.dta,metadata mention; manual mapping required
HRS,weight,stata_label,NV361,ACT IN WAYS JUSTIFYING WEIGHT JUDGMENTS,/mnt/e/Database/七大老年健康数据库数据/3. HRS  美国/HRS_美国/Temp_data/hrs_wave11.dta,metadata mention; manual mapping required
HRS,weight,stata_label,NV362,JUDGMENTS OF WEIGHT AFFECT MEDICAL CARE,/mnt/e/Database/七大老年健康数据库数据/3. HRS  美国/HRS_美国/Temp_data/hrs_wave11.dta,metadata mention; manual mapping required
HRS,weight,stata_label,OC139,WEIGHT IN POUNDS,/mnt/e/Database/七大老年健康数据库数据/3. HRS  美国/HRS_美国/Temp_data/hrs_wave12.dta,metadata mention; manual mapping required
HRS,weight,stata_label,OC140,WEIGHT GAIN/LOSS 10 LBS. SINCE PREV WAVE,/mnt/e/Database/七大老年健康数据库数据/3. HRS  美国/HRS_美国/Temp_data/hrs_wave12.dta,metadata mention; manual mapping required
HRS,weight,stata_label,OG011,DIFFICULTY- LIFTING WEIGHTS,/mnt/e/Database/七大老年健康数据库数据/3. HRS  美国/HRS_美国/Temp_data/hrs_wave12.dta,metadata mention; manual mapping required
HRS,weight,stata_label,OI982,R UNDERSTANDING OF WEIGHT MEASUREMENT PROCEDURE,/mnt/e/Database/七大老年健康数据库数据/3. HRS  美国/HRS_美国/Temp_data/hrs_wave12.dta,metadata mention; manual mapping required
HRS,weight,stata_label,OI838,WEIGHT ABLE TO MEASURE,/mnt/e/Database/七大老年健康数据库数据/3. HRS  美国/HRS_美国/Temp_data/hrs_wave12.dta,metadata mention; manual mapping required
HRS,weight,stata_label,OI841,WEIGHT POUNDS MEASURMENT,/mnt/e/Database/七大老年健康数据库数据/3. HRS  美国/HRS_美国/Temp_data/hrs_wave12.dta,metadata mention; manual mapping required
HRS,weight,stata_label,OI842,WEIGHT FLOOR SURFACE,/mnt/e/Database/七大老年健康数据库数据/3. HRS  美国/HRS_美国/Temp_data/hrs_wave12.dta,metadata mention; manual mapping required
HRS,weight,stata_label,OI844,WEIGHT WEARING SHOES,/mnt/e/Database/七大老年健康数据库数据/3. HRS  美国/HRS_美国/Temp_data/hrs_wave12.dta,metadata mention; manual mapping required
HRS,weight,stata_label,OI839M1,WEIGHT REASON NOT COMPLETE -1,/mnt/e/Database/七大老年健康数据库数据/3. HRS  美国/HRS_美国/Temp_data/hrs_wave12.dta,metadata mention; manual mapping required
HRS,weight,stata_label,OI839M2,WEIGHT REASON NOT COMPLETE -2,/mnt/e/Database/七大老年健康数据库数据/3. HRS  美国/HRS_美国/Temp_data/hrs_wave12.dta,metadata mention; manual mapping required
HRS,weight,stata_label,OI839M3,WEIGHT REASON NOT COMPLETE -3,/mnt/e/Database/七大老年健康数据库数据/3. HRS  美国/HRS_美国/Temp_data/hrs_wave12.dta,metadata mention; manual mapping required
HRS,weight,stata_label,OI839M4,WEIGHT REASON NOT COMPLETE -4,/mnt/e/Database/七大老年健康数据库数据/3. HRS  美国/HRS_美国/Temp_data/hrs_wave12.dta,metadata mention; manual mapping required
HRS,weight,stata_label,OI839M5,WEIGHT REASON NOT COMPLETE -5,/mnt/e/Database/七大老年健康数据库数据/3. HRS  美国/HRS_美国/Temp_data/hrs_wave12.dta,metadata mention; manual mapping required
HRS,weight,stata_label,OI839M6,WEIGHT REASON NOT COMPLETE -6,/mnt/e/Database/七大老年健康数据库数据/3. HRS  美国/HRS_美国/Temp_data/hrs_wave12.dta,metadata mention; manual mapping required
HRS,weight,stata_label,PC139,WEIGHT IN POUNDS,/mnt/e/Database/七大老年健康数据库数据/3. HRS  美国/HRS_美国/Temp_data/hrs_wave13.dta,metadata mention; manual mapping required
HRS,weight,stata_label,PC140,WEIGHT GAIN/LOSS 10 LBS. SINCE PREV WAVE,/mnt/e/Database/七大老年健康数据库数据/3. HRS  美国/HRS_美国/Temp_data/hrs_wave13.dta,metadata mention; manual mapping required
HRS,weight,stata_label,PG011,DIFFICULTY- LIFTING WEIGHTS,/mnt/e/Database/七大老年健康数据库数据/3. HRS  美国/HRS_美国/Temp_data/hrs_wave13.dta,metadata mention; manual mapping required
HRS,weight,stata_label,PI838,WEIGHT ABLE TO MEASURE,/mnt/e/Database/七大老年健康数据库数据/3. HRS  美国/HRS_美国/Temp_data/hrs_wave13.dta,metadata mention; manual mapping required
HRS,weight,stata_label,PI841,WEIGHT POUNDS MEASURMENT,/mnt/e/Database/七大老年健康数据库数据/3. HRS  美国/HRS_美国/Temp_data/hrs_wave13.dta,metadata mention; manual mapping required
HRS,weight,stata_label,PI842,WEIGHT FLOOR SURFACE,/mnt/e/Database/七大老年健康数据库数据/3. HRS  美国/HRS_美国/Temp_data/hrs_wave13.dta,metadata mention; manual mapping required
HRS,weight,stata_label,PI844,WEIGHT WEARING SHOES,/mnt/e/Database/七大老年健康数据库数据/3. HRS  美国/HRS_美国/Temp_data/hrs_wave13.dta,metadata mention; manual mapping required
HRS,weight,stata_label,PI839M1,WEIGHT REASON NOT COMPLETE -1,/mnt/e/Database/七大老年健康数据库数据/3. HRS  美国/HRS_美国/Temp_data/hrs_wave13.dta,metadata mention; manual mapping required
HRS,weight,stata_label,PI839M2,WEIGHT REASON NOT COMPLETE -2,/mnt/e/Database/七大老年健康数据库数据/3. HRS  美国/HRS_美国/Temp_data/hrs_wave13.dta,metadata mention; manual mapping required
HRS,weight,stata_label,PI839M3,WEIGHT REASON NOT COMPLETE -3,/mnt/e/Database/七大老年健康数据库数据/3. HRS  美国/HRS_美国/Temp_data/hrs_wave13.dta,metadata mention; manual mapping required
HRS,weight,stata_label,PI839M4,WEIGHT REASON NOT COMPLETE -4,/mnt/e/Database/七大老年健康数据库数据/3. HRS  美国/HRS_美国/Temp_data/hrs_wave13.dta,metadata mention; manual mapping required
HRS,weight,stata_label,QC139,WEIGHT IN POUNDS,/mnt/e/Database/七大老年健康数据库数据/3. HRS  美国/HRS_美国/Temp_data/hrs_wave14.dta,metadata mention; manual mapping required
HRS,weight,stata_label,QC140,WEIGHT GAIN/LOSS 10 LBS. SINCE PREV WAVE,/mnt/e/Database/七大老年健康数据库数据/3. HRS  美国/HRS_美国/Temp_data/hrs_wave14.dta,metadata mention; manual mapping required
HRS,weight,stata_label,QG011,DIFFICULTY- LIFTING WEIGHTS,/mnt/e/Database/七大老年健康数据库数据/3. HRS  美国/HRS_美国/Temp_data/hrs_wave14.dta,metadata mention; manual mapping required
HRS,weight,stata_label,QI838,WEIGHT ABLE TO MEASURE,/mnt/e/Database/七大老年健康数据库数据/3. HRS  美国/HRS_美国/Temp_data/hrs_wave14.dta,metadata mention; manual mapping required
HRS,weight,stata_label,QI841,WEIGHT POUNDS MEASURMENT,/mnt/e/Database/七大老年健康数据库数据/3. HRS  美国/HRS_美国/Temp_data/hrs_wave14.dta,metadata mention; manual mapping required
HRS,weight,stata_label,QI842,WEIGHT FLOOR SURFACE,/mnt/e/Database/七大老年健康数据库数据/3. HRS  美国/HRS_美国/Temp_data/hrs_wave14.dta,metadata mention; manual mapping required
HRS,weight,stata_label,QI844,WEIGHT WEARING SHOES,/mnt/e/Database/七大老年健康数据库数据/3. HRS  美国/HRS_美国/Temp_data/hrs_wave14.dta,metadata mention; manual mapping required
HRS,weight,stata_label,QI839M1,WEIGHT REASON NOT COMPLETE -1,/mnt/e/Database/七大老年健康数据库数据/3. HRS  美国/HRS_美国/Temp_data/hrs_wave14.dta,metadata mention; manual mapping required
HRS,weight,stata_label,QI839M2,WEIGHT REASON NOT COMPLETE -2,/mnt/e/Database/七大老年健康数据库数据/3. HRS  美国/HRS_美国/Temp_data/hrs_wave14.dta,metadata mention; manual mapping required
HRS,weight,stata_label,QI839M3,WEIGHT REASON NOT COMPLETE -3,/mnt/e/Database/七大老年健康数据库数据/3. HRS  美国/HRS_美国/Temp_data/hrs_wave14.dta,metadata mention; manual mapping required
HRS,weight,stata_label,QI839M4,WEIGHT REASON NOT COMPLETE -4,/mnt/e/Database/七大老年健康数据库数据/3. HRS  美国/HRS_美国/Temp_data/hrs_wave14.dta,metadata mention; manual mapping required
HRS,weight,stata_label,QI839M5,WEIGHT REASON NOT COMPLETE - 5,/mnt/e/Database/七大老年健康数据库数据/3. HRS  美国/HRS_美国/Temp_data/hrs_wave14.dta,metadata mention; manual mapping required
HRS,weight,stata_label,QI839M6,WEIGHT REASON NOT COMPLETE - 6,/mnt/e/Database/七大老年健康数据库数据/3. HRS  美国/HRS_美国/Temp_data/hrs_wave14.dta,metadata mention; manual mapping required
HRS,weight,stata_label,RC139,WEIGHT IN POUNDS,/mnt/e/Database/七大老年健康数据库数据/3. HRS  美国/HRS_美国/Temp_data/hrs_wave15.dta,metadata mention; manual mapping required
HRS,weight,stata_label,RC140,WEIGHT GAIN/LOSS 10 LBS. SINCE PREV WAVE,/mnt/e/Database/七大老年健康数据库数据/3. HRS  美国/HRS_美国/Temp_data/hrs_wave15.dta,metadata mention; manual mapping required
HRS,weight,stata_label,RG011,DIFFICULTY- LIFTING WEIGHTS,/mnt/e/Database/七大老年健康数据库数据/3. HRS  美国/HRS_美国/Temp_data/hrs_wave15.dta,metadata mention; manual mapping required
HRS,weight,stata_label,KC139,WEIGHT IN POUNDS,/mnt/e/Database/七大老年健康数据库数据/3. HRS  美国/HRS_美国/Temp_data/hrs_wave8.dta,metadata mention; manual mapping required
HRS,weight,stata_label,KC140,WEIGHT GAIN/LOSS 10 LBS. SINCE PREV WAVE,/mnt/e/Database/七大老年健康数据库数据/3. HRS  美国/HRS_美国/Temp_data/hrs_wave8.dta,metadata mention; manual mapping required
HRS,weight,stata_label,KG011,DIFFICULTY- LIFTING WEIGHTS,/mnt/e/Database/七大老年健康数据库数据/3. HRS  美国/HRS_美国/Temp_data/hrs_wave8.dta,metadata mention; manual mapping required
HRS,weight,stata_label,KI838,WEIGHT ABLE TO MEASURE,/mnt/e/Database/七大老年健康数据库数据/3. HRS  美国/HRS_美国/Temp_data/hrs_wave8.dta,metadata mention; manual mapping required
HRS,weight,stata_label,KI839M1,WEIGHT REASON NOT COMPLETE-1,/mnt/e/Database/七大老年健康数据库数据/3. HRS  美国/HRS_美国/Temp_data/hrs_wave8.dta,metadata mention; manual mapping required
HRS,weight,stata_label,KI839M2,WEIGHT REASON NOT COMPLETE-2,/mnt/e/Database/七大老年健康数据库数据/3. HRS  美国/HRS_美国/Temp_data/hrs_wave8.dta,metadata mention; manual mapping required
HRS,weight,stata_label,KI839M3,WEIGHT REASON NOT COMPLETE-3,/mnt/e/Database/七大老年健康数据库数据/3. HRS  美国/HRS_美国/Temp_data/hrs_wave8.dta,metadata mention; manual mapping required
HRS,weight,stata_label,KI839M4,WEIGHT REASON NOT COMPLETE-4,/mnt/e/Database/七大老年健康数据库数据/3. HRS  美国/HRS_美国/Temp_data/hrs_wave8.dta,metadata mention; manual mapping required
HRS,weight,stata_label,KI839M5,WEIGHT REASON NOT COMPLETE-5,/mnt/e/Database/七大老年健康数据库数据/3. HRS  美国/HRS_美国/Temp_data/hrs_wave8.dta,metadata mention; manual mapping required
HRS,weight,stata_label,KI841,WEIGHT POUNDS MEASURMENT,/mnt/e/Database/七大老年健康数据库数据/3. HRS  美国/HRS_美国/Temp_data/hrs_wave8.dta,metadata mention; manual mapping required
HRS,weight,stata_label,KFLAG_WEIGHT,CHANGES MADE TO WEIGHT VARIABLE,/mnt/e/Database/七大老年健康数据库数据/3. HRS  美国/HRS_美国/Temp_data/hrs_wave8.dta,metadata mention; manual mapping required
HRS,weight,stata_label,KI842,WEIGHT FLOOR SURFACE,/mnt/e/Database/七大老年健康数据库数据/3. HRS  美国/HRS_美国/Temp_data/hrs_wave8.dta,metadata mention; manual mapping required
HRS,weight,stata_label,KI844,WEIGHT WEARING SHOES,/mnt/e/Database/七大老年健康数据库数据/3. HRS  美国/HRS_美国/Temp_data/hrs_wave8.dta,metadata mention; manual mapping required
HRS,weight,stata_label,KI947,WEIGHT COMPLIANCE,/mnt/e/Database/七大老年健康数据库数据/3. HRS  美国/HRS_美国/Temp_data/hrs_wave8.dta,metadata mention; manual mapping required
HRS,weight,stata_label,LC139,WEIGHT IN POUNDS,/mnt/e/Database/七大老年健康数据库数据/3. HRS  美国/HRS_美国/Temp_data/hrs_wave9.dta,metadata mention; manual mapping required
HRS,weight,stata_label,LC140,WEIGHT GAIN/LOSS 10 LBS. SINCE PREV WAVE,/mnt/e/Database/七大老年健康数据库数据/3. HRS  美国/HRS_美国/Temp_data/hrs_wave9.dta,metadata mention; manual mapping required
HRS,weight,stata_label,LG011,DIFFICULTY- LIFTING WEIGHTS,/mnt/e/Database/七大老年健康数据库数据/3. HRS  美国/HRS_美国/Temp_data/hrs_wave9.dta,metadata mention; manual mapping required
HRS,weight,stata_label,LI838,WEIGHT ABLE TO MEASURE,/mnt/e/Database/七大老年健康数据库数据/3. HRS  美国/HRS_美国/Temp_data/hrs_wave9.dta,metadata mention; manual mapping required
HRS,weight,stata_label,LI839M1,WEIGHT REASON NOT COMPLETE -1,/mnt/e/Database/七大老年健康数据库数据/3. HRS  美国/HRS_美国/Temp_data/hrs_wave9.dta,metadata mention; manual mapping required
HRS,weight,stata_label,LI839M2,WEIGHT REASON NOT COMPLETE -2,/mnt/e/Database/七大老年健康数据库数据/3. HRS  美国/HRS_美国/Temp_data/hrs_wave9.dta,metadata mention; manual mapping required
HRS,weight,stata_label,LI839M3,WEIGHT REASON NOT COMPLETE -3,/mnt/e/Database/七大老年健康数据库数据/3. HRS  美国/HRS_美国/Temp_data/hrs_wave9.dta,metadata mention; manual mapping required
HRS,weight,stata_label,LI839M4,WEIGHT REASON NOT COMPLETE -4,/mnt/e/Database/七大老年健康数据库数据/3. HRS  美国/HRS_美国/Temp_data/hrs_wave9.dta,metadata mention; manual mapping required
HRS,weight,stata_label,LI839M5,WEIGHT REASON NOT COMPLETE -5,/mnt/e/Database/七大老年健康数据库数据/3. HRS  美国/HRS_美国/Temp_data/hrs_wave9.dta,metadata mention; manual mapping required
HRS,weight,stata_label,LI841,WEIGHT POUNDS MEASURMENT,/mnt/e/Database/七大老年健康数据库数据/3. HRS  美国/HRS_美国/Temp_data/hrs_wave9.dta,metadata mention; manual mapping required
HRS,weight,stata_label,LI842,WEIGHT FLOOR SURFACE,/mnt/e/Database/七大老年健康数据库数据/3. HRS  美国/HRS_美国/Temp_data/hrs_wave9.dta,metadata mention; manual mapping required
HRS,weight,stata_label,LI844,WEIGHT WEARING SHOES,/mnt/e/Database/七大老年健康数据库数据/3. HRS  美国/HRS_美国/Temp_data/hrs_wave9.dta,metadata mention; manual mapping required
HRS,weight,stata_label,LI947,WEIGHT COMPLIANCE,/mnt/e/Database/七大老年健康数据库数据/3. HRS  美国/HRS_美国/Temp_data/hrs_wave9.dta,metadata mention; manual mapping required
HRS,weight,stata_label,LV151,WEIGHT COMPARED TO OTHERS DURING CHILDHD,/mnt/e/Database/七大老年健康数据库数据/3. HRS  美国/HRS_美国/Temp_data/hrs_wave9.dta,metadata mention; manual mapping required
HRS,weight,stata_label,LV153,WEIGHT AT AGE 18,/mnt/e/Database/七大老年健康数据库数据/3. HRS  美国/HRS_美国/Temp_data/hrs_wave9.dta,metadata mention; manual mapping required
HRS,weight,stata_label,LV156,POUNDS BEFORE NOTICE WEIGHT GAIN,/mnt/e/Database/七大老年健康数据库数据/3. HRS  美国/HRS_美国/Temp_data/hrs_wave9.dta,metadata mention; manual mapping required
HRS,weight,stata_label,LV159,WEIGHT CYCLING - AT LEAST 3 TIMES,/mnt/e/Database/七大老年健康数据库数据/3. HRS  美国/HRS_美国/Temp_data/hrs_wave9.dta,metadata mention; manual mapping required
HRS,weight,stata_label,LV160,WEIGHT CYCLING - NUMBER OF TIMES,/mnt/e/Database/七大老年健康数据库数据/3. HRS  美国/HRS_美国/Temp_data/hrs_wave9.dta,metadata mention; manual mapping required
HRS,weight,stata_label,LV163_1,WAS WEIGHT LOSS INTENTIONAL -1,/mnt/e/Database/七大老年健康数据库数据/3. HRS  美国/HRS_美国/Temp_data/hrs_wave9.dta,metadata mention; manual mapping required
HRS,weight,stata_label,LV163_2,WAS WEIGHT LOSS INTENTIONAL -2,/mnt/e/Database/七大老年健康数据库数据/3. HRS  美国/HRS_美国/Temp_data/hrs_wave9.dta,metadata mention; manual mapping required
HRS,weight,stata_label,LV163_3,WAS WEIGHT LOSS INTENTIONAL -3,/mnt/e/Database/七大老年健康数据库数据/3. HRS  美国/HRS_美国/Temp_data/hrs_wave9.dta,metadata mention; manual mapping required
HRS,weight,stata_label,LV163_4,WAS WEIGHT LOSS INTENTIONAL -4,/mnt/e/Database/七大老年健康数据库数据/3. HRS  美国/HRS_美国/Temp_data/hrs_wave9.dta,metadata mention; manual mapping required
HRS,weight,stata_label,LV163_5,WAS WEIGHT LOSS INTENTIONAL -5,/mnt/e/Database/七大老年健康数据库数据/3. HRS  美国/HRS_美国/Temp_data/hrs_wave9.dta,metadata mention; manual mapping required
HRS,weight,stata_label,LV164,WEIGHT AT AGE 25,/mnt/e/Database/七大老年健康数据库数据/3. HRS  美国/HRS_美国/Temp_data/hrs_wave9.dta,metadata mention; manual mapping required
HRS,weight,stata_label,LV167,WEIGHT AT AGE 45,/mnt/e/Database/七大老年健康数据库数据/3. HRS  美国/HRS_美国/Temp_data/hrs_wave9.dta,metadata mention; manual mapping required
HRS,weight,stata_label,LV168,WEIGHT AT AGE 65,/mnt/e/Database/七大老年健康数据库数据/3. HRS  美国/HRS_美国/Temp_data/hrs_wave9.dta,metadata mention; manual mapping required
HRS,weight,stata_label,LV169,PROBABILITY LOSE WEIGHT IN 2 YEARS,/mnt/e/Database/七大老年健康数据库数据/3. HRS  美国/HRS_美国/Temp_data/hrs_wave9.dta,metadata mention; manual mapping required
HRS,weight,stata_label,LV170,PROBABILITY GAIN WEIGHT IN 2 YEARS,/mnt/e/Database/七大老年健康数据库数据/3. HRS  美国/HRS_美国/Temp_data/hrs_wave9.dta,metadata mention; manual mapping required
HRS,weight,stata_label,LV171,PROBABILITY STAY SAME WEIGHT IN 2 YEARS,/mnt/e/Database/七大老年健康数据库数据/3. HRS  美国/HRS_美国/Temp_data/hrs_wave9.dta,metadata mention; manual mapping required
HRS,weight,stata_label,wtresp,个体权重,/mnt/e/Database/七大老年健康数据库数据/3. HRS  美国/HRS_美国/Working_data/hrs.dta,metadata mention; manual mapping required
HRS,weight,stata_label,r7nwtresp,"r7nwtresp:w7 r person-level weight, physical measures sample",/mnt/e/Database/七大老年健康数据库数据/3. HRS  美国/HRS_美国/Raw_data/Gateway Harmonized HRS/H_HRS_d.dta,metadata mention; manual mapping required
HRS,weight,stata_label,r8nwtresp,"r8nwtresp:w8 r person-level weight, physical measures sample",/mnt/e/Database/七大老年健康数据库数据/3. HRS  美国/HRS_美国/Raw_data/Gateway Harmonized HRS/H_HRS_d.dta,metadata mention; manual mapping required
HRS,weight,stata_label,r9nwtresp,"r9nwtresp:w9 r person-level weight, physical measures sample",/mnt/e/Database/七大老年健康数据库数据/3. HRS  美国/HRS_美国/Raw_data/Gateway Harmonized HRS/H_HRS_d.dta,metadata mention; manual mapping required
HRS,weight,stata_label,r10nwtresp,"r10nwtresp:w10 r person-level weight, physical measures sample",/mnt/e/Database/七大老年健康数据库数据/3. HRS  美国/HRS_美国/Raw_data/Gateway Harmonized HRS/H_HRS_d.dta,metadata mention; manual mapping required
HRS,weight,stata_label,r11nwtresp,"r11nwtresp:w11 r person-level weight, physical measures sample",/mnt/e/Database/七大老年健康数据库数据/3. HRS  美国/HRS_美国/Raw_data/Gateway Harmonized HRS/H_HRS_d.dta,metadata mention; manual mapping required
HRS,weight,stata_label,r12nwtresp,"r12nwtresp:w12 r person-level weight, physical measures sample",/mnt/e/Database/七大老年健康数据库数据/3. HRS  美国/HRS_美国/Raw_data/Gateway Harmonized HRS/H_HRS_d.dta,metadata mention; manual mapping required
HRS,weight,stata_label,r13nwtresp,"r13nwtresp:w13 r person-level weight, physical measures sample",/mnt/e/Database/七大老年健康数据库数据/3. HRS  美国/HRS_美国/Raw_data/Gateway Harmonized HRS/H_HRS_d.dta,metadata mention; manual mapping required
HRS,weight,stata_label,r14nwtresp,"r14nwtresp:w14 r person-level weight, physical measures sample",/mnt/e/Database/七大老年健康数据库数据/3. HRS  美国/HRS_美国/Raw_data/Gateway Harmonized HRS/H_HRS_d.dta,metadata mention; manual mapping required
HRS,weight,stata_label,s7nwtresp,"s7nwtresp:w7 s person-level weight, physical measures sample",/mnt/e/Database/七大老年健康数据库数据/3. HRS  美国/HRS_美国/Raw_data/Gateway Harmonized HRS/H_HRS_d.dta,metadata mention; manual mapping required
HRS,weight,stata_label,s8nwtresp,"s8nwtresp:w8 s person-level weight, physical measures sample",/mnt/e/Database/七大老年健康数据库数据/3. HRS  美国/HRS_美国/Raw_data/Gateway Harmonized HRS/H_HRS_d.dta,metadata mention; manual mapping required
HRS,weight,stata_label,s9nwtresp,"s9nwtresp:w9 s person-level weight, physical measures sample",/mnt/e/Database/七大老年健康数据库数据/3. HRS  美国/HRS_美国/Raw_data/Gateway Harmonized HRS/H_HRS_d.dta,metadata mention; manual mapping required
HRS,weight,stata_label,s10nwtresp,"s10nwtresp:w10 s person-level weight, physical measures sample",/mnt/e/Database/七大老年健康数据库数据/3. HRS  美国/HRS_美国/Raw_data/Gateway Harmonized HRS/H_HRS_d.dta,metadata mention; manual mapping required
HRS,weight,stata_label,s11nwtresp,"s11nwtresp:w11 s person-level weight, physical measures sample",/mnt/e/Database/七大老年健康数据库数据/3. HRS  美国/HRS_美国/Raw_data/Gateway Harmonized HRS/H_HRS_d.dta,metadata mention; manual mapping required
HRS,weight,stata_label,s12nwtresp,"s12nwtresp:w12 s person-level weight, physical measures sample",/mnt/e/Database/七大老年健康数据库数据/3. HRS  美国/HRS_美国/Raw_data/Gateway Harmonized HRS/H_HRS_d.dta,metadata mention; manual mapping required
HRS,weight,stata_label,s13nwtresp,"s13nwtresp:w13 s person-level weight, physical measures sample",/mnt/e/Database/七大老年健康数据库数据/3. HRS  美国/HRS_美国/Raw_data/Gateway Harmonized HRS/H_HRS_d.dta,metadata mention; manual mapping required
HRS,weight,stata_label,s14nwtresp,"s14nwtresp:w14 s person-level weight, physical measures sample",/mnt/e/Database/七大老年健康数据库数据/3. HRS  美国/HRS_美国/Raw_data/Gateway Harmonized HRS/H_HRS_d.dta,metadata mention; manual mapping required
HRS,weight,stata_label,r7scwtresp,"r7scwtresp:w7 r person-level weight, psychosocial sample",/mnt/e/Database/七大老年健康数据库数据/3. HRS  美国/HRS_美国/Raw_data/Gateway Harmonized HRS/H_HRS_d.dta,metadata mention; manual mapping required
HRS,weight,stata_label,r8scwtresp,"r8scwtresp:w8 r person-level weight, leave behind sample",/mnt/e/Database/七大老年健康数据库数据/3. HRS  美国/HRS_美国/Raw_data/Gateway Harmonized HRS/H_HRS_d.dta,metadata mention; manual mapping required
HRS,weight,stata_label,r9scwtresp,"r9scwtresp:w9 r person-level weight, psychosocial sample",/mnt/e/Database/七大老年健康数据库数据/3. HRS  美国/HRS_美国/Raw_data/Gateway Harmonized HRS/H_HRS_d.dta,metadata mention; manual mapping required
HRS,weight,stata_label,r10scwtresp,"r10scwtresp:w10 r person-level weight, leave behind sample",/mnt/e/Database/七大老年健康数据库数据/3. HRS  美国/HRS_美国/Raw_data/Gateway Harmonized HRS/H_HRS_d.dta,metadata mention; manual mapping required
HRS,weight,stata_label,r11scwtresp,"r11scwtresp:w11 r person-level weight, leave behind sample",/mnt/e/Database/七大老年健康数据库数据/3. HRS  美国/HRS_美国/Raw_data/Gateway Harmonized HRS/H_HRS_d.dta,metadata mention; manual mapping required
HRS,weight,stata_label,r12scwtresp,"r12scwtresp:w12 r person-level weight, leave behind sample",/mnt/e/Database/七大老年健康数据库数据/3. HRS  美国/HRS_美国/Raw_data/Gateway Harmonized HRS/H_HRS_d.dta,metadata mention; manual mapping required
HRS,weight,stata_label,r13scwtresp,"r13scwtresp:w13 r person-level weight, leave behind sample",/mnt/e/Database/七大老年健康数据库数据/3. HRS  美国/HRS_美国/Raw_data/Gateway Harmonized HRS/H_HRS_d.dta,metadata mention; manual mapping required
HRS,weight,stata_label,r14scwtresp,"r14scwtresp:w14 r person-level weight, leave behind sample",/mnt/e/Database/七大老年健康数据库数据/3. HRS  美国/HRS_美国/Raw_data/Gateway Harmonized HRS/H_HRS_d.dta,metadata mention; manual mapping required
HRS,weight,stata_label,r15scwtresp,"r15scwtresp:w15 r person-level weight, leave behind sample",/mnt/e/Database/七大老年健康数据库数据/3. HRS  美国/HRS_美国/Raw_data/Gateway Harmonized HRS/H_HRS_d.dta,metadata mention; manual mapping required
HRS,weight,stata_label,s7scwtresp,"s7scwtresp:w7 s person-level weight, psychosocial sample",/mnt/e/Database/七大老年健康数据库数据/3. HRS  美国/HRS_美国/Raw_data/Gateway Harmonized HRS/H_HRS_d.dta,metadata mention; manual mapping required
HRS,weight,stata_label,s8scwtresp,"s8scwtresp:w8 s person-level weight, leave behind sample",/mnt/e/Database/七大老年健康数据库数据/3. HRS  美国/HRS_美国/Raw_data/Gateway Harmonized HRS/H_HRS_d.dta,metadata mention; manual mapping required
HRS,weight,stata_label,s9scwtresp,"s9scwtresp:w9 s person-level weight, psychosocial sample",/mnt/e/Database/七大老年健康数据库数据/3. HRS  美国/HRS_美国/Raw_data/Gateway Harmonized HRS/H_HRS_d.dta,metadata mention; manual mapping required
HRS,weight,stata_label,s10scwtresp,"s10scwtresp:w10 s person-level weight, leave behind sample",/mnt/e/Database/七大老年健康数据库数据/3. HRS  美国/HRS_美国/Raw_data/Gateway Harmonized HRS/H_HRS_d.dta,metadata mention; manual mapping required
HRS,weight,stata_label,s11scwtresp,"s11scwtresp:w11 s person-level weight, leave behind sample",/mnt/e/Database/七大老年健康数据库数据/3. HRS  美国/HRS_美国/Raw_data/Gateway Harmonized HRS/H_HRS_d.dta,metadata mention; manual mapping required
HRS,weight,stata_label,s12scwtresp,"s12scwtresp:w12 s person-level weight, leave behind sample",/mnt/e/Database/七大老年健康数据库数据/3. HRS  美国/HRS_美国/Raw_data/Gateway Harmonized HRS/H_HRS_d.dta,metadata mention; manual mapping required
HRS,weight,stata_label,s13scwtresp,"s13scwtresp:w13 s person-level weight, leave behind sample",/mnt/e/Database/七大老年健康数据库数据/3. HRS  美国/HRS_美国/Raw_data/Gateway Harmonized HRS/H_HRS_d.dta,metadata mention; manual mapping required
HRS,weight,stata_label,s14scwtresp,"s14scwtresp:w14 s person-level weight, leave behind sample",/mnt/e/Database/七大老年健康数据库数据/3. HRS  美国/HRS_美国/Raw_data/Gateway Harmonized HRS/H_HRS_d.dta,metadata mention; manual mapping required
HRS,weight,stata_label,s15scwtresp,"s15scwtresp:w15 s person-level weight, leave behind sample",/mnt/e/Database/七大老年健康数据库数据/3. HRS  美国/HRS_美国/Raw_data/Gateway Harmonized HRS/H_HRS_d.dta,metadata mention; manual mapping required
HRS,weight,stata_label,r7mweight,r7mweight:w7 r weight measurement in kilograms,/mnt/e/Database/七大老年健康数据库数据/3. HRS  美国/HRS_美国/Raw_data/Gateway Harmonized HRS/H_HRS_d.dta,metadata mention; manual mapping required
HRS,weight,stata_label,r8mweight,r8mweight:w8 r weight measurement in kilograms,/mnt/e/Database/七大老年健康数据库数据/3. HRS  美国/HRS_美国/Raw_data/Gateway Harmonized HRS/H_HRS_d.dta,metadata mention; manual mapping required
HRS,weight,stata_label,r9mweight,r9mweight:w9 r weight measurement in kilograms,/mnt/e/Database/七大老年健康数据库数据/3. HRS  美国/HRS_美国/Raw_data/Gateway Harmonized HRS/H_HRS_d.dta,metadata mention; manual mapping required
HRS,weight,stata_label,r10mweight,r10mweight:w10 r weight measurement in kilograms,/mnt/e/Database/七大老年健康数据库数据/3. HRS  美国/HRS_美国/Raw_data/Gateway Harmonized HRS/H_HRS_d.dta,metadata mention; manual mapping required
HRS,weight,stata_label,r11mweight,r11mweight:w11 r weight measurement in kilograms,/mnt/e/Database/七大老年健康数据库数据/3. HRS  美国/HRS_美国/Raw_data/Gateway Harmonized HRS/H_HRS_d.dta,metadata mention; manual mapping required
HRS,weight,stata_label,r12mweight,r12mweight:w12 r weight measurement in kilograms,/mnt/e/Database/七大老年健康数据库数据/3. HRS  美国/HRS_美国/Raw_data/Gateway Harmonized HRS/H_HRS_d.dta,metadata mention; manual mapping required
HRS,weight,stata_label,r13mweight,r13mweight:w13 r weight measurement in kilograms,/mnt/e/Database/七大老年健康数据库数据/3. HRS  美国/HRS_美国/Raw_data/Gateway Harmonized HRS/H_HRS_d.dta,metadata mention; manual mapping required
HRS,weight,stata_label,r14mweight,r14mweight:w14 r weight measurement in kilograms,/mnt/e/Database/七大老年健康数据库数据/3. HRS  美国/HRS_美国/Raw_data/Gateway Harmonized HRS/H_HRS_d.dta,metadata mention; manual mapping required
HRS,weight,stata_label,s7mweight,s7mweight:w7 s weight measurement in kilograms,/mnt/e/Database/七大老年健康数据库数据/3. HRS  美国/HRS_美国/Raw_data/Gateway Harmonized HRS/H_HRS_d.dta,metadata mention; manual mapping required
HRS,weight,stata_label,s8mweight,s8mweight:w8 s weight measurement in kilograms,/mnt/e/Database/七大老年健康数据库数据/3. HRS  美国/HRS_美国/Raw_data/Gateway Harmonized HRS/H_HRS_d.dta,metadata mention; manual mapping required
HRS,weight,stata_label,s9mweight,s9mweight:w9 s weight measurement in kilograms,/mnt/e/Database/七大老年健康数据库数据/3. HRS  美国/HRS_美国/Raw_data/Gateway Harmonized HRS/H_HRS_d.dta,metadata mention; manual mapping required
HRS,weight,stata_label,s10mweight,s10mweight:w10 s weight measurement in kilograms,/mnt/e/Database/七大老年健康数据库数据/3. HRS  美国/HRS_美国/Raw_data/Gateway Harmonized HRS/H_HRS_d.dta,metadata mention; manual mapping required
HRS,weight,stata_label,s11mweight,s11mweight:w11 s weight measurement in kilograms,/mnt/e/Database/七大老年健康数据库数据/3. HRS  美国/HRS_美国/Raw_data/Gateway Harmonized HRS/H_HRS_d.dta,metadata mention; manual mapping required
HRS,weight,stata_label,s12mweight,s12mweight:w12 s weight measurement in kilograms,/mnt/e/Database/七大老年健康数据库数据/3. HRS  美国/HRS_美国/Raw_data/Gateway Harmonized HRS/H_HRS_d.dta,metadata mention; manual mapping required
HRS,weight,stata_label,s13mweight,s13mweight:w13 s weight measurement in kilograms,/mnt/e/Database/七大老年健康数据库数据/3. HRS  美国/HRS_美国/Raw_data/Gateway Harmonized HRS/H_HRS_d.dta,metadata mention; manual mapping required
HRS,weight,stata_label,s14mweight,s14mweight:w14 s weight measurement in kilograms,/mnt/e/Database/七大老年健康数据库数据/3. HRS  美国/HRS_美国/Raw_data/Gateway Harmonized HRS/H_HRS_d.dta,metadata mention; manual mapping required
HRS,weight,stata_label,r7wtcomp,r7wtcomp:w7 r willing and able to complete weight measurement ,/mnt/e/Database/七大老年健康数据库数据/3. HRS  美国/HRS_美国/Raw_data/Gateway Harmonized HRS/H_HRS_d.dta,metadata mention; manual mapping required
HRS,weight,stata_label,r8wtcomp,r8wtcomp:w8 r willing and able to complete weight measurement ,/mnt/e/Database/七大老年健康数据库数据/3. HRS  美国/HRS_美国/Raw_data/Gateway Harmonized HRS/H_HRS_d.dta,metadata mention; manual mapping required
HRS,weight,stata_label,r9wtcomp,r9wtcomp:w9 r willing and able to complete weight measurement ,/mnt/e/Database/七大老年健康数据库数据/3. HRS  美国/HRS_美国/Raw_data/Gateway Harmonized HRS/H_HRS_d.dta,metadata mention; manual mapping required
HRS,weight,stata_label,r10wtcomp,r10wtcomp:w10 r willing and able to complete weight measurement ,/mnt/e/Database/七大老年健康数据库数据/3. HRS  美国/HRS_美国/Raw_data/Gateway Harmonized HRS/H_HRS_d.dta,metadata mention; manual mapping required
HRS,weight,stata_label,r11wtcomp,r11wtcomp:w11 r willing and able to complete weight measurement ,/mnt/e/Database/七大老年健康数据库数据/3. HRS  美国/HRS_美国/Raw_data/Gateway Harmonized HRS/H_HRS_d.dta,metadata mention; manual mapping required
HRS,weight,stata_label,r12wtcomp,r12wtcomp:w12 r willing and able to complete weight measurement ,/mnt/e/Database/七大老年健康数据库数据/3. HRS  美国/HRS_美国/Raw_data/Gateway Harmonized HRS/H_HRS_d.dta,metadata mention; manual mapping required
HRS,weight,stata_label,r13wtcomp,r13wtcomp:w13 r willing and able to complete weight measurement ,/mnt/e/Database/七大老年健康数据库数据/3. HRS  美国/HRS_美国/Raw_data/Gateway Harmonized HRS/H_HRS_d.dta,metadata mention; manual mapping required
HRS,weight,stata_label,r14wtcomp,r14wtcomp:w14 r willing and able to complete weight measurement ,/mnt/e/Database/七大老年健康数据库数据/3. HRS  美国/HRS_美国/Raw_data/Gateway Harmonized HRS/H_HRS_d.dta,metadata mention; manual mapping required
HRS,weight,stata_label,s7wtcomp,s7wtcomp:w7 s willing and able to complete weight measurement ,/mnt/e/Database/七大老年健康数据库数据/3. HRS  美国/HRS_美国/Raw_data/Gateway Harmonized HRS/H_HRS_d.dta,metadata mention; manual mapping required
HRS,weight,stata_label,s8wtcomp,s8wtcomp:w8 s willing and able to complete weight measurement ,/mnt/e/Database/七大老年健康数据库数据/3. HRS  美国/HRS_美国/Raw_data/Gateway Harmonized HRS/H_HRS_d.dta,metadata mention; manual mapping required
HRS,weight,stata_label,s9wtcomp,s9wtcomp:w9 s willing and able to complete weight measurement ,/mnt/e/Database/七大老年健康数据库数据/3. HRS  美国/HRS_美国/Raw_data/Gateway Harmonized HRS/H_HRS_d.dta,metadata mention; manual mapping required
HRS,weight,stata_label,s10wtcomp,s10wtcomp:w10 s willing and able to complete weight measurement ,/mnt/e/Database/七大老年健康数据库数据/3. HRS  美国/HRS_美国/Raw_data/Gateway Harmonized HRS/H_HRS_d.dta,metadata mention; manual mapping required
HRS,weight,stata_label,s11wtcomp,s11wtcomp:w11 s willing and able to complete weight measurement ,/mnt/e/Database/七大老年健康数据库数据/3. HRS  美国/HRS_美国/Raw_data/Gateway Harmonized HRS/H_HRS_d.dta,metadata mention; manual mapping required
HRS,weight,stata_label,s12wtcomp,s12wtcomp:w12 s willing and able to complete weight measurement ,/mnt/e/Database/七大老年健康数据库数据/3. HRS  美国/HRS_美国/Raw_data/Gateway Harmonized HRS/H_HRS_d.dta,metadata mention; manual mapping required
HRS,weight,stata_label,s13wtcomp,s13wtcomp:w13 s willing and able to complete weight measurement ,/mnt/e/Database/七大老年健康数据库数据/3. HRS  美国/HRS_美国/Raw_data/Gateway Harmonized HRS/H_HRS_d.dta,metadata mention; manual mapping required
HRS,weight,stata_label,s14wtcomp,s14wtcomp:w14 s willing and able to complete weight measurement ,/mnt/e/Database/七大老年健康数据库数据/3. HRS  美国/HRS_美国/Raw_data/Gateway Harmonized HRS/H_HRS_d.dta,metadata mention; manual mapping required
HRS,weight,stata_label,r8wtcompl,r8wtcompl:w8 r compliance during weight measurement,/mnt/e/Database/七大老年健康数据库数据/3. HRS  美国/HRS_美国/Raw_data/Gateway Harmonized HRS/H_HRS_d.dta,metadata mention; manual mapping required
HRS,weight,stata_label,r9wtcompl,r9wtcompl:w9 r compliance during weight measurement,/mnt/e/Database/七大老年健康数据库数据/3. HRS  美国/HRS_美国/Raw_data/Gateway Harmonized HRS/H_HRS_d.dta,metadata mention; manual mapping required
HRS,weight,stata_label,r10wtcompl,r10wtcompl:w10 r compliance during weight measurement,/mnt/e/Database/七大老年健康数据库数据/3. HRS  美国/HRS_美国/Raw_data/Gateway Harmonized HRS/H_HRS_d.dta,metadata mention; manual mapping required
HRS,weight,stata_label,r11wtcompl,r11wtcompl:w11 r compliance during weight measurement,/mnt/e/Database/七大老年健康数据库数据/3. HRS  美国/HRS_美国/Raw_data/Gateway Harmonized HRS/H_HRS_d.dta,metadata mention; manual mapping required
HRS,weight,stata_label,s8wtcompl,s8wtcompl:w8 s compliance during weight measurement,/mnt/e/Database/七大老年健康数据库数据/3. HRS  美国/HRS_美国/Raw_data/Gateway Harmonized HRS/H_HRS_d.dta,metadata mention; manual mapping required
HRS,weight,stata_label,s9wtcompl,s9wtcompl:w9 s compliance during weight measurement,/mnt/e/Database/七大老年健康数据库数据/3. HRS  美国/HRS_美国/Raw_data/Gateway Harmonized HRS/H_HRS_d.dta,metadata mention; manual mapping required
HRS,weight,stata_label,s10wtcompl,s10wtcompl:w10 s compliance during weight measurement,/mnt/e/Database/七大老年健康数据库数据/3. HRS  美国/HRS_美国/Raw_data/Gateway Harmonized HRS/H_HRS_d.dta,metadata mention; manual mapping required
HRS,weight,stata_label,s11wtcompl,s11wtcompl:w11 s compliance during weight measurement,/mnt/e/Database/七大老年健康数据库数据/3. HRS  美国/HRS_美国/Raw_data/Gateway Harmonized HRS/H_HRS_d.dta,metadata mention; manual mapping required
HRS,weight,stata_label,r7wtflr,r7wtflr:w7 floor surface r's weight measurement,/mnt/e/Database/七大老年健康数据库数据/3. HRS  美国/HRS_美国/Raw_data/Gateway Harmonized HRS/H_HRS_d.dta,metadata mention; manual mapping required
HRS,weight,stata_label,r8wtflr,r8wtflr:w8 floor surface r's weight measurement,/mnt/e/Database/七大老年健康数据库数据/3. HRS  美国/HRS_美国/Raw_data/Gateway Harmonized HRS/H_HRS_d.dta,metadata mention; manual mapping required
HRS,weight,stata_label,r9wtflr,r9wtflr:w9 floor surface r's weight measurement,/mnt/e/Database/七大老年健康数据库数据/3. HRS  美国/HRS_美国/Raw_data/Gateway Harmonized HRS/H_HRS_d.dta,metadata mention; manual mapping required
HRS,weight,stata_label,r10wtflr,r10wtflr:w10 floor surface r's weight measurement,/mnt/e/Database/七大老年健康数据库数据/3. HRS  美国/HRS_美国/Raw_data/Gateway Harmonized HRS/H_HRS_d.dta,metadata mention; manual mapping required
HRS,weight,stata_label,r11wtflr,r11wtflr:w11 floor surface r's weight measurement,/mnt/e/Database/七大老年健康数据库数据/3. HRS  美国/HRS_美国/Raw_data/Gateway Harmonized HRS/H_HRS_d.dta,metadata mention; manual mapping required
HRS,weight,stata_label,r12wtflr,r12wtflr:w12 floor surface r's weight measurement,/mnt/e/Database/七大老年健康数据库数据/3. HRS  美国/HRS_美国/Raw_data/Gateway Harmonized HRS/H_HRS_d.dta,metadata mention; manual mapping required
HRS,weight,stata_label,r13wtflr,r13wtflr:w13 floor surface r's weight measurement,/mnt/e/Database/七大老年健康数据库数据/3. HRS  美国/HRS_美国/Raw_data/Gateway Harmonized HRS/H_HRS_d.dta,metadata mention; manual mapping required
HRS,weight,stata_label,r14wtflr,r14wtflr:w14 floor surface r's weight measurement,/mnt/e/Database/七大老年健康数据库数据/3. HRS  美国/HRS_美国/Raw_data/Gateway Harmonized HRS/H_HRS_d.dta,metadata mention; manual mapping required
HRS,weight,stata_label,s7wtflr,s7wtflr:w7 floor surface s's weight measurement,/mnt/e/Database/七大老年健康数据库数据/3. HRS  美国/HRS_美国/Raw_data/Gateway Harmonized HRS/H_HRS_d.dta,metadata mention; manual mapping required
HRS,weight,stata_label,s8wtflr,s8wtflr:w8 floor surface s's weight measurement,/mnt/e/Database/七大老年健康数据库数据/3. HRS  美国/HRS_美国/Raw_data/Gateway Harmonized HRS/H_HRS_d.dta,metadata mention; manual mapping required
HRS,weight,stata_label,s9wtflr,s9wtflr:w9 floor surface s's weight measurement,/mnt/e/Database/七大老年健康数据库数据/3. HRS  美国/HRS_美国/Raw_data/Gateway Harmonized HRS/H_HRS_d.dta,metadata mention; manual mapping required
HRS,weight,stata_label,s10wtflr,s10wtflr:w10 floor surface s's weight measurement,/mnt/e/Database/七大老年健康数据库数据/3. HRS  美国/HRS_美国/Raw_data/Gateway Harmonized HRS/H_HRS_d.dta,metadata mention; manual mapping required
HRS,weight,stata_label,s11wtflr,s11wtflr:w11 floor surface s's weight measurement,/mnt/e/Database/七大老年健康数据库数据/3. HRS  美国/HRS_美国/Raw_data/Gateway Harmonized HRS/H_HRS_d.dta,metadata mention; manual mapping required
HRS,weight,stata_label,s12wtflr,s12wtflr:w12 floor surface s's weight measurement,/mnt/e/Database/七大老年健康数据库数据/3. HRS  美国/HRS_美国/Raw_data/Gateway Harmonized HRS/H_HRS_d.dta,metadata mention; manual mapping required
HRS,weight,stata_label,s13wtflr,s13wtflr:w13 floor surface s's weight measurement,/mnt/e/Database/七大老年健康数据库数据/3. HRS  美国/HRS_美国/Raw_data/Gateway Harmonized HRS/H_HRS_d.dta,metadata mention; manual mapping required
HRS,weight,stata_label,s14wtflr,s14wtflr:w14 floor surface s's weight measurement,/mnt/e/Database/七大老年健康数据库数据/3. HRS  美国/HRS_美国/Raw_data/Gateway Harmonized HRS/H_HRS_d.dta,metadata mention; manual mapping required
HRS,weight,stata_label,r7shoew,r7shoew:w7 r if wearing shoes (weight),/mnt/e/Database/七大老年健康数据库数据/3. HRS  美国/HRS_美国/Raw_data/Gateway Harmonized HRS/H_HRS_d.dta,metadata mention; manual mapping required
HRS,weight,stata_label,r8shoew,r8shoew:w8 r if wearing shoes (weight),/mnt/e/Database/七大老年健康数据库数据/3. HRS  美国/HRS_美国/Raw_data/Gateway Harmonized HRS/H_HRS_d.dta,metadata mention; manual mapping required
HRS,weight,stata_label,r9shoew,r9shoew:w9 r if wearing shoes (weight),/mnt/e/Database/七大老年健康数据库数据/3. HRS  美国/HRS_美国/Raw_data/Gateway Harmonized HRS/H_HRS_d.dta,metadata mention; manual mapping required
HRS,weight,stata_label,r10shoew,r10shoew:w10 r if wearing shoes (weight),/mnt/e/Database/七大老年健康数据库数据/3. HRS  美国/HRS_美国/Raw_data/Gateway Harmonized HRS/H_HRS_d.dta,metadata mention; manual mapping required
HRS,weight,stata_label,r11shoew,r11shoew:w11 r if wearing shoes (weight),/mnt/e/Database/七大老年健康数据库数据/3. HRS  美国/HRS_美国/Raw_data/Gateway Harmonized HRS/H_HRS_d.dta,metadata mention; manual mapping required
HRS,weight,stata_label,r12shoew,r12shoew:w12 r if wearing shoes (weight),/mnt/e/Database/七大老年健康数据库数据/3. HRS  美国/HRS_美国/Raw_data/Gateway Harmonized HRS/H_HRS_d.dta,metadata mention; manual mapping required
HRS,weight,stata_label,r13shoew,r13shoew:w13 r if wearing shoes (weight),/mnt/e/Database/七大老年健康数据库数据/3. HRS  美国/HRS_美国/Raw_data/Gateway Harmonized HRS/H_HRS_d.dta,metadata mention; manual mapping required
HRS,weight,stata_label,r14shoew,r14shoew:w14 r if wearing shoes (weight),/mnt/e/Database/七大老年健康数据库数据/3. HRS  美国/HRS_美国/Raw_data/Gateway Harmonized HRS/H_HRS_d.dta,metadata mention; manual mapping required
HRS,weight,stata_label,s7shoew,s7shoew:w7 s if wearing shoes (weight),/mnt/e/Database/七大老年健康数据库数据/3. HRS  美国/HRS_美国/Raw_data/Gateway Harmonized HRS/H_HRS_d.dta,metadata mention; manual mapping required
HRS,weight,stata_label,s8shoew,s8shoew:w8 s if wearing shoes (weight),/mnt/e/Database/七大老年健康数据库数据/3. HRS  美国/HRS_美国/Raw_data/Gateway Harmonized HRS/H_HRS_d.dta,metadata mention; manual mapping required
HRS,weight,stata_label,s9shoew,s9shoew:w9 s if wearing shoes (weight),/mnt/e/Database/七大老年健康数据库数据/3. HRS  美国/HRS_美国/Raw_data/Gateway Harmonized HRS/H_HRS_d.dta,metadata mention; manual mapping required
HRS,weight,stata_label,s10shoew,s10shoew:w10 s if wearing shoes (weight),/mnt/e/Database/七大老年健康数据库数据/3. HRS  美国/HRS_美国/Raw_data/Gateway Harmonized HRS/H_HRS_d.dta,metadata mention; manual mapping required
HRS,weight,stata_label,s11shoew,s11shoew:w11 s if wearing shoes (weight),/mnt/e/Database/七大老年健康数据库数据/3. HRS  美国/HRS_美国/Raw_data/Gateway Harmonized HRS/H_HRS_d.dta,metadata mention; manual mapping required
HRS,weight,stata_label,s12shoew,s12shoew:w12 s if wearing shoes (weight),/mnt/e/Database/七大老年健康数据库数据/3. HRS  美国/HRS_美国/Raw_data/Gateway Harmonized HRS/H_HRS_d.dta,metadata mention; manual mapping required
HRS,weight,stata_label,s13shoew,s13shoew:w13 s if wearing shoes (weight),/mnt/e/Database/七大老年健康数据库数据/3. HRS  美国/HRS_美国/Raw_data/Gateway Harmonized HRS/H_HRS_d.dta,metadata mention; manual mapping required
HRS,weight,stata_label,s14shoew,s14shoew:w14 s if wearing shoes (weight),/mnt/e/Database/七大老年健康数据库数据/3. HRS  美国/HRS_美国/Raw_data/Gateway Harmonized HRS/H_HRS_d.dta,metadata mention; manual mapping required
HRS,weight,stata_label,r7wghtsft,r7wghtsft:w7 r didn't complete weight: unsafe/health reason,/mnt/e/Database/七大老年健康数据库数据/3. HRS  美国/HRS_美国/Raw_data/Gateway Harmonized HRS/H_HRS_d.dta,metadata mention; manual mapping required
HRS,weight,stata_label,r8wghtsft,r8wghtsft:w8 r didn't complete weight: unsafe/health reason,/mnt/e/Database/七大老年健康数据库数据/3. HRS  美国/HRS_美国/Raw_data/Gateway Harmonized HRS/H_HRS_d.dta,metadata mention; manual mapping required
HRS,weight,stata_label,r9wghtsft,r9wghtsft:w9 r didn't complete weight: unsafe/health reason,/mnt/e/Database/七大老年健康数据库数据/3. HRS  美国/HRS_美国/Raw_data/Gateway Harmonized HRS/H_HRS_d.dta,metadata mention; manual mapping required
HRS,weight,stata_label,r10wghtsft,r10wghtsft:w10 r didn't complete weight: unsafe/health reason,/mnt/e/Database/七大老年健康数据库数据/3. HRS  美国/HRS_美国/Raw_data/Gateway Harmonized HRS/H_HRS_d.dta,metadata mention; manual mapping required
HRS,weight,stata_label,r11wghtsft,r11wghtsft:w11 r didn't complete weight: unsafe/health reason,/mnt/e/Database/七大老年健康数据库数据/3. HRS  美国/HRS_美国/Raw_data/Gateway Harmonized HRS/H_HRS_d.dta,metadata mention; manual mapping required
HRS,weight,stata_label,r12wghtsft,r12wghtsft:w12 r didn't complete weight: unsafe/health reason,/mnt/e/Database/七大老年健康数据库数据/3. HRS  美国/HRS_美国/Raw_data/Gateway Harmonized HRS/H_HRS_d.dta,metadata mention; manual mapping required
HRS,weight,stata_label,r13wghtsft,r13wghtsft:w13 r didn't complete weight: unsafe/health reason,/mnt/e/Database/七大老年健康数据库数据/3. HRS  美国/HRS_美国/Raw_data/Gateway Harmonized HRS/H_HRS_d.dta,metadata mention; manual mapping required
HRS,weight,stata_label,r14wghtsft,r14wghtsft:w14 r didn't complete weight: unsafe/health reason,/mnt/e/Database/七大老年健康数据库数据/3. HRS  美国/HRS_美国/Raw_data/Gateway Harmonized HRS/H_HRS_d.dta,metadata mention; manual mapping required
HRS,weight,stata_label,s7wghtsft,s7wghtsft:w7 s didn't complete weight: unsafe/health reason,/mnt/e/Database/七大老年健康数据库数据/3. HRS  美国/HRS_美国/Raw_data/Gateway Harmonized HRS/H_HRS_d.dta,metadata mention; manual mapping required
HRS,weight,stata_label,s8wghtsft,s8wghtsft:w8 s didn't complete weight: unsafe/health reason,/mnt/e/Database/七大老年健康数据库数据/3. HRS  美国/HRS_美国/Raw_data/Gateway Harmonized HRS/H_HRS_d.dta,metadata mention; manual mapping required
HRS,weight,stata_label,s9wghtsft,s9wghtsft:w9 s didn't complete weight: unsafe/health reason,/mnt/e/Database/七大老年健康数据库数据/3. HRS  美国/HRS_美国/Raw_data/Gateway Harmonized HRS/H_HRS_d.dta,metadata mention; manual mapping required
HRS,weight,stata_label,s10wghtsft,s10wghtsft:w10 s didn't complete weight: unsafe/health reason,/mnt/e/Database/七大老年健康数据库数据/3. HRS  美国/HRS_美国/Raw_data/Gateway Harmonized HRS/H_HRS_d.dta,metadata mention; manual mapping required
HRS,weight,stata_label,s11wghtsft,s11wghtsft:w11 s didn't complete weight: unsafe/health reason,/mnt/e/Database/七大老年健康数据库数据/3. HRS  美国/HRS_美国/Raw_data/Gateway Harmonized HRS/H_HRS_d.dta,metadata mention; manual mapping required
HRS,weight,stata_label,s12wghtsft,s12wghtsft:w12 s didn't complete weight: unsafe/health reason,/mnt/e/Database/七大老年健康数据库数据/3. HRS  美国/HRS_美国/Raw_data/Gateway Harmonized HRS/H_HRS_d.dta,metadata mention; manual mapping required
HRS,weight,stata_label,s13wghtsft,s13wghtsft:w13 s didn't complete weight: unsafe/health reason,/mnt/e/Database/七大老年健康数据库数据/3. HRS  美国/HRS_美国/Raw_data/Gateway Harmonized HRS/H_HRS_d.dta,metadata mention; manual mapping required
HRS,weight,stata_label,s14wghtsft,s14wghtsft:w14 s didn't complete weight: unsafe/health reason,/mnt/e/Database/七大老年健康数据库数据/3. HRS  美国/HRS_美国/Raw_data/Gateway Harmonized HRS/H_HRS_d.dta,metadata mention; manual mapping required
HRS,weight,stata_label,r7wghtref,r7wghtref:w7 r didn't complete weight: refused,/mnt/e/Database/七大老年健康数据库数据/3. HRS  美国/HRS_美国/Raw_data/Gateway Harmonized HRS/H_HRS_d.dta,metadata mention; manual mapping required
HRS,weight,stata_label,r8wghtref,r8wghtref:w8 r didn't complete weight: refused,/mnt/e/Database/七大老年健康数据库数据/3. HRS  美国/HRS_美国/Raw_data/Gateway Harmonized HRS/H_HRS_d.dta,metadata mention; manual mapping required
HRS,weight,stata_label,r9wghtref,r9wghtref:w9 r didn't complete weight: refused,/mnt/e/Database/七大老年健康数据库数据/3. HRS  美国/HRS_美国/Raw_data/Gateway Harmonized HRS/H_HRS_d.dta,metadata mention; manual mapping required
HRS,weight,stata_label,r10wghtref,r10wghtref:w10 r didn't complete weight: refused,/mnt/e/Database/七大老年健康数据库数据/3. HRS  美国/HRS_美国/Raw_data/Gateway Harmonized HRS/H_HRS_d.dta,metadata mention; manual mapping required
HRS,weight,stata_label,r11wghtref,r11wghtref:w11 r didn't complete weight: refused,/mnt/e/Database/七大老年健康数据库数据/3. HRS  美国/HRS_美国/Raw_data/Gateway Harmonized HRS/H_HRS_d.dta,metadata mention; manual mapping required
HRS,weight,stata_label,r12wghtref,r12wghtref:w12 r didn't complete weight: refused,/mnt/e/Database/七大老年健康数据库数据/3. HRS  美国/HRS_美国/Raw_data/Gateway Harmonized HRS/H_HRS_d.dta,metadata mention; manual mapping required
HRS,weight,stata_label,r13wghtref,r13wghtref:w13 r didn't complete weight: refused,/mnt/e/Database/七大老年健康数据库数据/3. HRS  美国/HRS_美国/Raw_data/Gateway Harmonized HRS/H_HRS_d.dta,metadata mention; manual mapping required
HRS,weight,stata_label,r14wghtref,r14wghtref:w14 r didn't complete weight: refused,/mnt/e/Database/七大老年健康数据库数据/3. HRS  美国/HRS_美国/Raw_data/Gateway Harmonized HRS/H_HRS_d.dta,metadata mention; manual mapping required
HRS,weight,stata_label,s7wghtref,s7wghtref:w7 s didn't complete weight: refused,/mnt/e/Database/七大老年健康数据库数据/3. HRS  美国/HRS_美国/Raw_data/Gateway Harmonized HRS/H_HRS_d.dta,metadata mention; manual mapping required
HRS,weight,stata_label,s8wghtref,s8wghtref:w8 s didn't complete weight: refused,/mnt/e/Database/七大老年健康数据库数据/3. HRS  美国/HRS_美国/Raw_data/Gateway Harmonized HRS/H_HRS_d.dta,metadata mention; manual mapping required
HRS,weight,stata_label,s9wghtref,s9wghtref:w9 s didn't complete weight: refused,/mnt/e/Database/七大老年健康数据库数据/3. HRS  美国/HRS_美国/Raw_data/Gateway Harmonized HRS/H_HRS_d.dta,metadata mention; manual mapping required
HRS,weight,stata_label,s10wghtref,s10wghtref:w10 s didn't complete weight: refused,/mnt/e/Database/七大老年健康数据库数据/3. HRS  美国/HRS_美国/Raw_data/Gateway Harmonized HRS/H_HRS_d.dta,metadata mention; manual mapping required
HRS,weight,stata_label,s11wghtref,s11wghtref:w11 s didn't complete weight: refused,/mnt/e/Database/七大老年健康数据库数据/3. HRS  美国/HRS_美国/Raw_data/Gateway Harmonized HRS/H_HRS_d.dta,metadata mention; manual mapping required
HRS,weight,stata_label,s12wghtref,s12wghtref:w12 s didn't complete weight: refused,/mnt/e/Database/七大老年健康数据库数据/3. HRS  美国/HRS_美国/Raw_data/Gateway Harmonized HRS/H_HRS_d.dta,metadata mention; manual mapping required
HRS,weight,stata_label,s13wghtref,s13wghtref:w13 s didn't complete weight: refused,/mnt/e/Database/七大老年健康数据库数据/3. HRS  美国/HRS_美国/Raw_data/Gateway Harmonized HRS/H_HRS_d.dta,metadata mention; manual mapping required
HRS,weight,stata_label,s14wghtref,s14wghtref:w14 s didn't complete weight: refused,/mnt/e/Database/七大老年健康数据库数据/3. HRS  美国/HRS_美国/Raw_data/Gateway Harmonized HRS/H_HRS_d.dta,metadata mention; manual mapping required
HRS,weight,stata_label,r7wghttryu,r7wghttryu:w7 r didn't complete weight: tried but unable,/mnt/e/Database/七大老年健康数据库数据/3. HRS  美国/HRS_美国/Raw_data/Gateway Harmonized HRS/H_HRS_d.dta,metadata mention; manual mapping required
HRS,weight,stata_label,r8wghttryu,r8wghttryu:w8 r didn't complete weight: tried but unable,/mnt/e/Database/七大老年健康数据库数据/3. HRS  美国/HRS_美国/Raw_data/Gateway Harmonized HRS/H_HRS_d.dta,metadata mention; manual mapping required
HRS,weight,stata_label,r9wghttryu,r9wghttryu:w9 r didn't complete weight: tried but unable,/mnt/e/Database/七大老年健康数据库数据/3. HRS  美国/HRS_美国/Raw_data/Gateway Harmonized HRS/H_HRS_d.dta,metadata mention; manual mapping required
HRS,weight,stata_label,r10wghttryu,r10wghttryu:w10 r didn't complete weight: tried but unable,/mnt/e/Database/七大老年健康数据库数据/3. HRS  美国/HRS_美国/Raw_data/Gateway Harmonized HRS/H_HRS_d.dta,metadata mention; manual mapping required
HRS,weight,stata_label,r11wghttryu,r11wghttryu:w11 r didn't complete weight: tried but unable,/mnt/e/Database/七大老年健康数据库数据/3. HRS  美国/HRS_美国/Raw_data/Gateway Harmonized HRS/H_HRS_d.dta,metadata mention; manual mapping required
HRS,weight,stata_label,r12wghttryu,r12wghttryu:w12 r didn't complete weight: tried but unable,/mnt/e/Database/七大老年健康数据库数据/3. HRS  美国/HRS_美国/Raw_data/Gateway Harmonized HRS/H_HRS_d.dta,metadata mention; manual mapping required
HRS,weight,stata_label,r13wghttryu,r13wghttryu:w13 r didn't complete weight: tried but unable,/mnt/e/Database/七大老年健康数据库数据/3. HRS  美国/HRS_美国/Raw_data/Gateway Harmonized HRS/H_HRS_d.dta,metadata mention; manual mapping required
HRS,weight,stata_label,r14wghttryu,r14wghttryu:w14 r didn't complete weight: tried but unable,/mnt/e/Database/七大老年健康数据库数据/3. HRS  美国/HRS_美国/Raw_data/Gateway Harmonized HRS/H_HRS_d.dta,metadata mention; manual mapping required
HRS,weight,stata_label,s7wghttryu,s7wghttryu:w7 s didn't complete weight: tried but unable,/mnt/e/Database/七大老年健康数据库数据/3. HRS  美国/HRS_美国/Raw_data/Gateway Harmonized HRS/H_HRS_d.dta,metadata mention; manual mapping required
HRS,weight,stata_label,s8wghttryu,s8wghttryu:w8 s didn't complete weight: tried but unable,/mnt/e/Database/七大老年健康数据库数据/3. HRS  美国/HRS_美国/Raw_data/Gateway Harmonized HRS/H_HRS_d.dta,metadata mention; manual mapping required
HRS,weight,stata_label,s9wghttryu,s9wghttryu:w9 s didn't complete weight: tried but unable,/mnt/e/Database/七大老年健康数据库数据/3. HRS  美国/HRS_美国/Raw_data/Gateway Harmonized HRS/H_HRS_d.dta,metadata mention; manual mapping required
HRS,weight,stata_label,s10wghttryu,s10wghttryu:w10 s didn't complete weight: tried but unable,/mnt/e/Database/七大老年健康数据库数据/3. HRS  美国/HRS_美国/Raw_data/Gateway Harmonized HRS/H_HRS_d.dta,metadata mention; manual mapping required
HRS,weight,stata_label,s11wghttryu,s11wghttryu:w11 s didn't complete weight: tried but unable,/mnt/e/Database/七大老年健康数据库数据/3. HRS  美国/HRS_美国/Raw_data/Gateway Harmonized HRS/H_HRS_d.dta,metadata mention; manual mapping required
HRS,weight,stata_label,s12wghttryu,s12wghttryu:w12 s didn't complete weight: tried but unable,/mnt/e/Database/七大老年健康数据库数据/3. HRS  美国/HRS_美国/Raw_data/Gateway Harmonized HRS/H_HRS_d.dta,metadata mention; manual mapping required
HRS,weight,stata_label,s13wghttryu,s13wghttryu:w13 s didn't complete weight: tried but unable,/mnt/e/Database/七大老年健康数据库数据/3. HRS  美国/HRS_美国/Raw_data/Gateway Harmonized HRS/H_HRS_d.dta,metadata mention; manual mapping required
HRS,weight,stata_label,s14wghttryu,s14wghttryu:w14 s didn't complete weight: tried but unable,/mnt/e/Database/七大老年健康数据库数据/3. HRS  美国/HRS_美国/Raw_data/Gateway Harmonized HRS/H_HRS_d.dta,metadata mention; manual mapping required
HRS,weight,stata_label,r7wghtequp,r7wghtequp:w7 r didn't complete weight: faulty equipment/space issue,/mnt/e/Database/七大老年健康数据库数据/3. HRS  美国/HRS_美国/Raw_data/Gateway Harmonized HRS/H_HRS_d.dta,metadata mention; manual mapping required
HRS,weight,stata_label,r8wghtequp,r8wghtequp:w8 r didn't complete weight: faulty equipment/space issue,/mnt/e/Database/七大老年健康数据库数据/3. HRS  美国/HRS_美国/Raw_data/Gateway Harmonized HRS/H_HRS_d.dta,metadata mention; manual mapping required
HRS,weight,stata_label,r9wghtequp,r9wghtequp:w9 r didn't complete weight: faulty equipment/space issue,/mnt/e/Database/七大老年健康数据库数据/3. HRS  美国/HRS_美国/Raw_data/Gateway Harmonized HRS/H_HRS_d.dta,metadata mention; manual mapping required
HRS,weight,stata_label,r10wghtequp,r10wghtequp:w10 r didn't complete weight: faulty equipment/space issue,/mnt/e/Database/七大老年健康数据库数据/3. HRS  美国/HRS_美国/Raw_data/Gateway Harmonized HRS/H_HRS_d.dta,metadata mention; manual mapping required
HRS,weight,stata_label,r11wghtequp,r11wghtequp:w11 r didn't complete weight: faulty equipment/space issue,/mnt/e/Database/七大老年健康数据库数据/3. HRS  美国/HRS_美国/Raw_data/Gateway Harmonized HRS/H_HRS_d.dta,metadata mention; manual mapping required
HRS,weight,stata_label,r12wghtequp,r12wghtequp:w12 r didn't complete weight: faulty equipment/space issue,/mnt/e/Database/七大老年健康数据库数据/3. HRS  美国/HRS_美国/Raw_data/Gateway Harmonized HRS/H_HRS_d.dta,metadata mention; manual mapping required
HRS,weight,stata_label,r13wghtequp,r13wghtequp:w13 r didn't complete weight: faulty equipment/space issue,/mnt/e/Database/七大老年健康数据库数据/3. HRS  美国/HRS_美国/Raw_data/Gateway Harmonized HRS/H_HRS_d.dta,metadata mention; manual mapping required
HRS,weight,stata_label,r14wghtequp,r14wghtequp:w14 r didn't complete weight: faulty equipment/space issue,/mnt/e/Database/七大老年健康数据库数据/3. HRS  美国/HRS_美国/Raw_data/Gateway Harmonized HRS/H_HRS_d.dta,metadata mention; manual mapping required
HRS,weight,stata_label,s7wghtequp,s7wghtequp:w7 s didn't complete weight: faulty equipment/space issue,/mnt/e/Database/七大老年健康数据库数据/3. HRS  美国/HRS_美国/Raw_data/Gateway Harmonized HRS/H_HRS_d.dta,metadata mention; manual mapping required
HRS,weight,stata_label,s8wghtequp,s8wghtequp:w8 s didn't complete weight: faulty equipment/space issue,/mnt/e/Database/七大老年健康数据库数据/3. HRS  美国/HRS_美国/Raw_data/Gateway Harmonized HRS/H_HRS_d.dta,metadata mention; manual mapping required
HRS,weight,stata_label,s9wghtequp,s9wghtequp:w9 s didn't complete weight: faulty equipment/space issue,/mnt/e/Database/七大老年健康数据库数据/3. HRS  美国/HRS_美国/Raw_data/Gateway Harmonized HRS/H_HRS_d.dta,metadata mention; manual mapping required
HRS,weight,stata_label,s10wghtequp,s10wghtequp:w10 s didn't complete weight: faulty equipment/space issue,/mnt/e/Database/七大老年健康数据库数据/3. HRS  美国/HRS_美国/Raw_data/Gateway Harmonized HRS/H_HRS_d.dta,metadata mention; manual mapping required
HRS,weight,stata_label,s11wghtequp,s11wghtequp:w11 s didn't complete weight: faulty equipment/space issue,/mnt/e/Database/七大老年健康数据库数据/3. HRS  美国/HRS_美国/Raw_data/Gateway Harmonized HRS/H_HRS_d.dta,metadata mention; manual mapping required
HRS,weight,stata_label,s12wghtequp,s12wghtequp:w12 s didn't complete weight: faulty equipment/space issue,/mnt/e/Database/七大老年健康数据库数据/3. HRS  美国/HRS_美国/Raw_data/Gateway Harmonized HRS/H_HRS_d.dta,metadata mention; manual mapping required
HRS,weight,stata_label,s13wghtequp,s13wghtequp:w13 s didn't complete weight: faulty equipment/space issue,/mnt/e/Database/七大老年健康数据库数据/3. HRS  美国/HRS_美国/Raw_data/Gateway Harmonized HRS/H_HRS_d.dta,metadata mention; manual mapping required
HRS,weight,stata_label,s14wghtequp,s14wghtequp:w14 s didn't complete weight: faulty equipment/space issue,/mnt/e/Database/七大老年健康数据库数据/3. HRS  美国/HRS_美国/Raw_data/Gateway Harmonized HRS/H_HRS_d.dta,metadata mention; manual mapping required
HRS,weight,stata_label,r7wghtothr,r7wghtothr:w7 r didn't complete weight: other reason,/mnt/e/Database/七大老年健康数据库数据/3. HRS  美国/HRS_美国/Raw_data/Gateway Harmonized HRS/H_HRS_d.dta,metadata mention; manual mapping required
HRS,weight,stata_label,r8wghtothr,r8wghtothr:w8 r didn't complete weight: other reason,/mnt/e/Database/七大老年健康数据库数据/3. HRS  美国/HRS_美国/Raw_data/Gateway Harmonized HRS/H_HRS_d.dta,metadata mention; manual mapping required
HRS,weight,stata_label,r9wghtothr,r9wghtothr:w9 r didn't complete weight: other reason,/mnt/e/Database/七大老年健康数据库数据/3. HRS  美国/HRS_美国/Raw_data/Gateway Harmonized HRS/H_HRS_d.dta,metadata mention; manual mapping required
HRS,weight,stata_label,r10wghtothr,r10wghtothr:w10 r didn't complete weight: other reason,/mnt/e/Database/七大老年健康数据库数据/3. HRS  美国/HRS_美国/Raw_data/Gateway Harmonized HRS/H_HRS_d.dta,metadata mention; manual mapping required
HRS,weight,stata_label,r11wghtothr,r11wghtothr:w11 r didn't complete weight: other reason,/mnt/e/Database/七大老年健康数据库数据/3. HRS  美国/HRS_美国/Raw_data/Gateway Harmonized HRS/H_HRS_d.dta,metadata mention; manual mapping required
HRS,weight,stata_label,r12wghtothr,r12wghtothr:w12 r didn't complete weight: other reason,/mnt/e/Database/七大老年健康数据库数据/3. HRS  美国/HRS_美国/Raw_data/Gateway Harmonized HRS/H_HRS_d.dta,metadata mention; manual mapping required
HRS,weight,stata_label,r13wghtothr,r13wghtothr:w13 r didn't complete weight: other reason,/mnt/e/Database/七大老年健康数据库数据/3. HRS  美国/HRS_美国/Raw_data/Gateway Harmonized HRS/H_HRS_d.dta,metadata mention; manual mapping required
HRS,weight,stata_label,r14wghtothr,r14wghtothr:w14 r didn't complete weight: other reason,/mnt/e/Database/七大老年健康数据库数据/3. HRS  美国/HRS_美国/Raw_data/Gateway Harmonized HRS/H_HRS_d.dta,metadata mention; manual mapping required
HRS,weight,stata_label,s7wghtothr,s7wghtothr:w7 s didn't complete weight: other reason,/mnt/e/Database/七大老年健康数据库数据/3. HRS  美国/HRS_美国/Raw_data/Gateway Harmonized HRS/H_HRS_d.dta,metadata mention; manual mapping required
HRS,weight,stata_label,s8wghtothr,s8wghtothr:w8 s didn't complete weight: other reason,/mnt/e/Database/七大老年健康数据库数据/3. HRS  美国/HRS_美国/Raw_data/Gateway Harmonized HRS/H_HRS_d.dta,metadata mention; manual mapping required
HRS,weight,stata_label,s9wghtothr,s9wghtothr:w9 s didn't complete weight: other reason,/mnt/e/Database/七大老年健康数据库数据/3. HRS  美国/HRS_美国/Raw_data/Gateway Harmonized HRS/H_HRS_d.dta,metadata mention; manual mapping required
HRS,weight,stata_label,s10wghtothr,s10wghtothr:w10 s didn't complete weight: other reason,/mnt/e/Database/七大老年健康数据库数据/3. HRS  美国/HRS_美国/Raw_data/Gateway Harmonized HRS/H_HRS_d.dta,metadata mention; manual mapping required
HRS,weight,stata_label,s11wghtothr,s11wghtothr:w11 s didn't complete weight: other reason,/mnt/e/Database/七大老年健康数据库数据/3. HRS  美国/HRS_美国/Raw_data/Gateway Harmonized HRS/H_HRS_d.dta,metadata mention; manual mapping required
HRS,weight,stata_label,s12wghtothr,s12wghtothr:w12 s didn't complete weight: other reason,/mnt/e/Database/七大老年健康数据库数据/3. HRS  美国/HRS_美国/Raw_data/Gateway Harmonized HRS/H_HRS_d.dta,metadata mention; manual mapping required
HRS,weight,stata_label,s13wghtothr,s13wghtothr:w13 s didn't complete weight: other reason,/mnt/e/Database/七大老年健康数据库数据/3. HRS  美国/HRS_美国/Raw_data/Gateway Harmonized HRS/H_HRS_d.dta,metadata mention; manual mapping required
HRS,weight,stata_label,s14wghtothr,s14wghtothr:w14 s didn't complete weight: other reason,/mnt/e/Database/七大老年健康数据库数据/3. HRS  美国/HRS_美国/Raw_data/Gateway Harmonized HRS/H_HRS_d.dta,metadata mention; manual mapping required
HRS,weight,stata_label,r8dcwegt,r8dcwegt:w8 r discrimination reason:weight,/mnt/e/Database/七大老年健康数据库数据/3. HRS  美国/HRS_美国/Raw_data/Gateway Harmonized HRS/H_HRS_d.dta,metadata mention; manual mapping required
HRS,weight,stata_label,r9dcwegt,r9dcwegt:w9 r discrimination reason:weight,/mnt/e/Database/七大老年健康数据库数据/3. HRS  美国/HRS_美国/Raw_data/Gateway Harmonized HRS/H_HRS_d.dta,metadata mention; manual mapping required
HRS,weight,stata_label,r10dcwegt,r10dcwegt:w10 r discrimination reason:weight,/mnt/e/Database/七大老年健康数据库数据/3. HRS  美国/HRS_美国/Raw_data/Gateway Harmonized HRS/H_HRS_d.dta,metadata mention; manual mapping required
HRS,weight,stata_label,r11dcwegt,r11dcwegt:w11 r discrimination reason:weight,/mnt/e/Database/七大老年健康数据库数据/3. HRS  美国/HRS_美国/Raw_data/Gateway Harmonized HRS/H_HRS_d.dta,metadata mention; manual mapping required
HRS,weight,stata_label,r12dcwegt,r12dcwegt:w12 r discrimination reason:weight,/mnt/e/Database/七大老年健康数据库数据/3. HRS  美国/HRS_美国/Raw_data/Gateway Harmonized HRS/H_HRS_d.dta,metadata mention; manual mapping required
HRS,weight,stata_label,r13dcwegt,r13dcwegt:w13 r discrimination reason:weight,/mnt/e/Database/七大老年健康数据库数据/3. HRS  美国/HRS_美国/Raw_data/Gateway Harmonized HRS/H_HRS_d.dta,metadata mention; manual mapping required
HRS,weight,stata_label,r14dcwegt,r14dcwegt:w14 r discrimination reason:weight,/mnt/e/Database/七大老年健康数据库数据/3. HRS  美国/HRS_美国/Raw_data/Gateway Harmonized HRS/H_HRS_d.dta,metadata mention; manual mapping required
HRS,weight,stata_label,r15dcwegt,r15dcwegt:w15 r discrimination reason:weight,/mnt/e/Database/七大老年健康数据库数据/3. HRS  美国/HRS_美国/Raw_data/Gateway Harmonized HRS/H_HRS_d.dta,metadata mention; manual mapping required
HRS,weight,stata_label,s8dcwegt,s8dcwegt:w8 s discrimination reason:weight,/mnt/e/Database/七大老年健康数据库数据/3. HRS  美国/HRS_美国/Raw_data/Gateway Harmonized HRS/H_HRS_d.dta,metadata mention; manual mapping required
HRS,weight,stata_label,s9dcwegt,s9dcwegt:w9 s discrimination reason:weight,/mnt/e/Database/七大老年健康数据库数据/3. HRS  美国/HRS_美国/Raw_data/Gateway Harmonized HRS/H_HRS_d.dta,metadata mention; manual mapping required
HRS,weight,stata_label,s10dcwegt,s10dcwegt:w10 s discrimination reason:weight,/mnt/e/Database/七大老年健康数据库数据/3. HRS  美国/HRS_美国/Raw_data/Gateway Harmonized HRS/H_HRS_d.dta,metadata mention; manual mapping required
HRS,weight,stata_label,s11dcwegt,s11dcwegt:w11 s discrimination reason:weight,/mnt/e/Database/七大老年健康数据库数据/3. HRS  美国/HRS_美国/Raw_data/Gateway Harmonized HRS/H_HRS_d.dta,metadata mention; manual mapping required
HRS,weight,stata_label,s12dcwegt,s12dcwegt:w12 s discrimination reason:weight,/mnt/e/Database/七大老年健康数据库数据/3. HRS  美国/HRS_美国/Raw_data/Gateway Harmonized HRS/H_HRS_d.dta,metadata mention; manual mapping required
HRS,weight,stata_label,s13dcwegt,s13dcwegt:w13 s discrimination reason:weight,/mnt/e/Database/七大老年健康数据库数据/3. HRS  美国/HRS_美国/Raw_data/Gateway Harmonized HRS/H_HRS_d.dta,metadata mention; manual mapping required
HRS,weight,stata_label,s14dcwegt,s14dcwegt:w14 s discrimination reason:weight,/mnt/e/Database/七大老年健康数据库数据/3. HRS  美国/HRS_美国/Raw_data/Gateway Harmonized HRS/H_HRS_d.dta,metadata mention; manual mapping required
HRS,weight,stata_label,s15dcwegt,s15dcwegt:w15 s discrimination reason:weight,/mnt/e/Database/七大老年健康数据库数据/3. HRS  美国/HRS_美国/Raw_data/Gateway Harmonized HRS/H_HRS_d.dta,metadata mention; manual mapping required
HRS,weight,stata_label,r1cwtresp,r1cwtresp:r1 COVID: r respondent level weight,/mnt/e/Database/七大老年健康数据库数据/3. HRS  美国/HRS_美国/Raw_data/Gateway Harmonized HRS COVID/H_HRS_COVID_b.dta,metadata mention; manual mapping required
HRS,weight,stata_label,s1cwtresp,s1cwtresp:r1 COVID: s respondent level weight,/mnt/e/Database/七大老年健康数据库数据/3. HRS  美国/HRS_美国/Raw_data/Gateway Harmonized HRS COVID/H_HRS_COVID_b.dta,metadata mention; manual mapping required
HRS,weight,stata_label,r1cwthh,r1cwthh:r1 COVID: r household level weight,/mnt/e/Database/七大老年健康数据库数据/3. HRS  美国/HRS_美国/Raw_data/Gateway Harmonized HRS COVID/H_HRS_COVID_b.dta,metadata mention; manual mapping required
HRS,weight,stata_label,r1cscwtresp,r1cscwtresp:r1 COVID: r respondent level self-completion weight,/mnt/e/Database/七大老年健康数据库数据/3. HRS  美国/HRS_美国/Raw_data/Gateway Harmonized HRS COVID/H_HRS_COVID_b.dta,metadata mention; manual mapping required
HRS,weight,stata_label,s1cscwtresp,s1cscwtresp:r1 COVID: s respondent level self-completion weight,/mnt/e/Database/七大老年健康数据库数据/3. HRS  美国/HRS_美国/Raw_data/Gateway Harmonized HRS COVID/H_HRS_COVID_b.dta,metadata mention; manual mapping required
LASI,weight,stata_label,r1wtresp,r1wtresp:w1 r person-level post-stratified analysis weight,/mnt/e/Database/七大老年健康数据库数据/5. LASI 印度/LASI_印度/Temp_data/lasi.dta,metadata mention; manual mapping required
LASI,weight,stata_label,s1wtresp,s1wtresp:w1 s person-level post-stratified analysis weight,/mnt/e/Database/七大老年健康数据库数据/5. LASI 印度/LASI_印度/Temp_data/lasi.dta,metadata mention; manual mapping required
LASI,weight,stata_label,hh1wthh,hh1wthh:w1 household-level post-stratified analysis weight,/mnt/e/Database/七大老年健康数据库数据/5. LASI 印度/LASI_印度/Temp_data/lasi.dta,metadata mention; manual mapping required
LASI,weight,stata_label,r1nwtresp,r1nwtresp:w1 r person-level biomarker weight,/mnt/e/Database/七大老年健康数据库数据/5. LASI 印度/LASI_印度/Temp_data/lasi.dta,metadata mention; manual mapping required
LASI,weight,stata_label,s1nwtresp,s1nwtresp:w1 s person-level biomarker weight,/mnt/e/Database/七大老年健康数据库数据/5. LASI 印度/LASI_印度/Temp_data/lasi.dta,metadata mention; manual mapping required
LASI,weight,stata_label,r1mweight,r1mweight:w1 r weight measurement in kilograms,/mnt/e/Database/七大老年健康数据库数据/5. LASI 印度/LASI_印度/Temp_data/lasi.dta,metadata mention; manual mapping required
LASI,weight,stata_label,s1mweight,s1mweight:w1 s weight measurement in kilograms,/mnt/e/Database/七大老年健康数据库数据/5. LASI 印度/LASI_印度/Temp_data/lasi.dta,metadata mention; manual mapping required
LASI,weight,stata_label,r1wtcomp,r1wtcomp:w1 r willing and able to complete weight measurement,/mnt/e/Database/七大老年健康数据库数据/5. LASI 印度/LASI_印度/Temp_data/lasi.dta,metadata mention; manual mapping required
LASI,weight,stata_label,s1wtcomp,s1wtcomp:w1 s willing and able to complete weight measurement,/mnt/e/Database/七大老年健康数据库数据/5. LASI 印度/LASI_印度/Temp_data/lasi.dta,metadata mention; manual mapping required
LASI,weight,stata_label,r1wtlimbs,r1wtlimbs:w1 r wearing artificial limb/orthosis for weight measure,/mnt/e/Database/七大老年健康数据库数据/5. LASI 印度/LASI_印度/Temp_data/lasi.dta,metadata mention; manual mapping required
LASI,weight,stata_label,s1wtlimbs,s1wtlimbs:w1 s wearing artificial limb/orthosis for weight measure,/mnt/e/Database/七大老年健康数据库数据/5. LASI 印度/LASI_印度/Temp_data/lasi.dta,metadata mention; manual mapping required
LASI,weight,stata_label,r1wtcompl,r1wtcompl:w1 r compliance during weight measurement ,/mnt/e/Database/七大老年健康数据库数据/5. LASI 印度/LASI_印度/Temp_data/lasi.dta,metadata mention; manual mapping required
LASI,weight,stata_label,s1wtcompl,s1wtcompl:w1 s compliance during weight measurement ,/mnt/e/Database/七大老年健康数据库数据/5. LASI 印度/LASI_印度/Temp_data/lasi.dta,metadata mention; manual mapping required
LASI,weight,stata_label,r1dcwegt,r1dcwegt:w1 r discrimination reason:weight,/mnt/e/Database/七大老年健康数据库数据/5. LASI 印度/LASI_印度/Temp_data/lasi.dta,metadata mention; manual mapping required
LASI,weight,stata_label,s1dcwegt,s1dcwegt:w1 s discrimination reason:weight,/mnt/e/Database/七大老年健康数据库数据/5. LASI 印度/LASI_印度/Temp_data/lasi.dta,metadata mention; manual mapping required
LASI,psu,stata_label,r0psu,r0psu: w0 Psu variable,/mnt/e/Database/七大老年健康数据库数据/5. LASI 印度/LASI_印度/Raw_data/Harmonized LASI (2010 Pilot)/H_LASI.dta,metadata mention; manual mapping required
LASI,strata,stata_label,s0psu,s0strat:w0 Strata variable,/mnt/e/Database/七大老年健康数据库数据/5. LASI 印度/LASI_印度/Raw_data/Harmonized LASI (2010 Pilot)/H_LASI.dta,metadata mention; manual mapping required
LASI,strata,stata_label,r0strat,r0strat: w0 Strata variable,/mnt/e/Database/七大老年健康数据库数据/5. LASI 印度/LASI_印度/Raw_data/Harmonized LASI (2010 Pilot)/H_LASI.dta,metadata mention; manual mapping required
LASI,strata,stata_label,s0strat,s0strat:w0 Strata variable,/mnt/e/Database/七大老年健康数据库数据/5. LASI 印度/LASI_印度/Raw_data/Harmonized LASI (2010 Pilot)/H_LASI.dta,metadata mention; manual mapping required
LASI,weight,stata_label,h0pwthh,h0pwthh: w0 Pooled Household weight,/mnt/e/Database/七大老年健康数据库数据/5. LASI 印度/LASI_印度/Raw_data/Harmonized LASI (2010 Pilot)/H_LASI.dta,metadata mention; manual mapping required
LASI,weight,stata_label,h0swthh,h0swthh: w0 State Household weight,/mnt/e/Database/七大老年健康数据库数据/5. LASI 印度/LASI_印度/Raw_data/Harmonized LASI (2010 Pilot)/H_LASI.dta,metadata mention; manual mapping required
LASI,weight,stata_label,r0pwtresp,r0pwtresp: w0 Pooled person-level weight,/mnt/e/Database/七大老年健康数据库数据/5. LASI 印度/LASI_印度/Raw_data/Harmonized LASI (2010 Pilot)/H_LASI.dta,metadata mention; manual mapping required
LASI,weight,stata_label,s0pwtresp,s0pwtresp: w0 Pooled person-level weight,/mnt/e/Database/七大老年健康数据库数据/5. LASI 印度/LASI_印度/Raw_data/Harmonized LASI (2010 Pilot)/H_LASI.dta,metadata mention; manual mapping required
LASI,weight,stata_label,r0swtresp,r0swtresp: w0 State person-level weight,/mnt/e/Database/七大老年健康数据库数据/5. LASI 印度/LASI_印度/Raw_data/Harmonized LASI (2010 Pilot)/H_LASI.dta,metadata mention; manual mapping required
LASI,weight,stata_label,s0swtresp,s0swtresp: w0 State person-level weight,/mnt/e/Database/七大老年健康数据库数据/5. LASI 印度/LASI_印度/Raw_data/Harmonized LASI (2010 Pilot)/H_LASI.dta,metadata mention; manual mapping required
LASI,weight,stata_label,r0weight,r0weight: weight in kilograms,/mnt/e/Database/七大老年健康数据库数据/5. LASI 印度/LASI_印度/Raw_data/Harmonized LASI (2010 Pilot)/H_LASI.dta,metadata mention; manual mapping required
LASI,weight,stata_label,s0weight,s0weight: w0 weight in kilograms,/mnt/e/Database/七大老年健康数据库数据/5. LASI 印度/LASI_印度/Raw_data/Harmonized LASI (2010 Pilot)/H_LASI.dta,metadata mention; manual mapping required
LASI,weight,stata_label,r1wtresp,r1wtresp:w1 r person-level post-stratified analysis weight,/mnt/e/Database/七大老年健康数据库数据/5. LASI 印度/LASI_印度/Raw_data/Harmonized LASI (A.2)/H_LASI_a2.dta,metadata mention; manual mapping required
LASI,weight,stata_label,s1wtresp,s1wtresp:w1 s person-level post-stratified analysis weight,/mnt/e/Database/七大老年健康数据库数据/5. LASI 印度/LASI_印度/Raw_data/Harmonized LASI (A.2)/H_LASI_a2.dta,metadata mention; manual mapping required
LASI,weight,stata_label,hh1wthh,hh1wthh:w1 household-level post-stratified analysis weight,/mnt/e/Database/七大老年健康数据库数据/5. LASI 印度/LASI_印度/Raw_data/Harmonized LASI (A.2)/H_LASI_a2.dta,metadata mention; manual mapping required
LASI,weight,stata_label,r1mweight,r1mweight:w1 r weight measurement in kilograms,/mnt/e/Database/七大老年健康数据库数据/5. LASI 印度/LASI_印度/Raw_data/Harmonized LASI (A.2)/H_LASI_a2.dta,metadata mention; manual mapping required
LASI,weight,stata_label,s1mweight,s1mweight:w1 s weight measurement in kilograms,/mnt/e/Database/七大老年健康数据库数据/5. LASI 印度/LASI_印度/Raw_data/Harmonized LASI (A.2)/H_LASI_a2.dta,metadata mention; manual mapping required
LASI,weight,stata_label,r1wtcomp,r1wtcomp:w1 r willing and able to complete weight measurement,/mnt/e/Database/七大老年健康数据库数据/5. LASI 印度/LASI_印度/Raw_data/Harmonized LASI (A.2)/H_LASI_a2.dta,metadata mention; manual mapping required
LASI,weight,stata_label,s1wtcomp,s1wtcomp:w1 s willing and able to complete weight measurement,/mnt/e/Database/七大老年健康数据库数据/5. LASI 印度/LASI_印度/Raw_data/Harmonized LASI (A.2)/H_LASI_a2.dta,metadata mention; manual mapping required
LASI,weight,stata_label,r1wtlimbs,r1wtlimbs:w1 r wearing artificial limb/orthosis for weight measure,/mnt/e/Database/七大老年健康数据库数据/5. LASI 印度/LASI_印度/Raw_data/Harmonized LASI (A.2)/H_LASI_a2.dta,metadata mention; manual mapping required
LASI,weight,stata_label,s1wtlimbs,s1wtlimbs:w1 s wearing artificial limb/orthosis for weight measure,/mnt/e/Database/七大老年健康数据库数据/5. LASI 印度/LASI_印度/Raw_data/Harmonized LASI (A.2)/H_LASI_a2.dta,metadata mention; manual mapping required
LASI,weight,stata_label,r1wtcompl,r1wtcompl:w1 r compliance during weight measurement ,/mnt/e/Database/七大老年健康数据库数据/5. LASI 印度/LASI_印度/Raw_data/Harmonized LASI (A.2)/H_LASI_a2.dta,metadata mention; manual mapping required
LASI,weight,stata_label,s1wtcompl,s1wtcompl:w1 s compliance during weight measurement ,/mnt/e/Database/七大老年健康数据库数据/5. LASI 印度/LASI_印度/Raw_data/Harmonized LASI (A.2)/H_LASI_a2.dta,metadata mention; manual mapping required
LASI,weight,stata_label,r1dcwegt,r1dcwegt:w1 r discrimination reason:weight,/mnt/e/Database/七大老年健康数据库数据/5. LASI 印度/LASI_印度/Raw_data/Harmonized LASI (A.2)/H_LASI_a2.dta,metadata mention; manual mapping required
LASI,weight,stata_label,s1dcwegt,s1dcwegt:w1 s discrimination reason:weight,/mnt/e/Database/七大老年健康数据库数据/5. LASI 印度/LASI_印度/Raw_data/Harmonized LASI (A.2)/H_LASI_a2.dta,metadata mention; manual mapping required
LASI,weight,stata_label,r1wtresp,r1wtresp:w1 r person-level post-stratified analysis weight,/mnt/e/Database/七大老年健康数据库数据/5. LASI 印度/LASI_印度/Raw_data/Harmonized LASI (A.3)/H_LASI_a3.dta,metadata mention; manual mapping required
LASI,weight,stata_label,s1wtresp,s1wtresp:w1 s person-level post-stratified analysis weight,/mnt/e/Database/七大老年健康数据库数据/5. LASI 印度/LASI_印度/Raw_data/Harmonized LASI (A.3)/H_LASI_a3.dta,metadata mention; manual mapping required
LASI,weight,stata_label,hh1wthh,hh1wthh:w1 household-level post-stratified analysis weight,/mnt/e/Database/七大老年健康数据库数据/5. LASI 印度/LASI_印度/Raw_data/Harmonized LASI (A.3)/H_LASI_a3.dta,metadata mention; manual mapping required
LASI,weight,stata_label,r1nwtresp,r1nwtresp:w1 r person-level biomarker weight,/mnt/e/Database/七大老年健康数据库数据/5. LASI 印度/LASI_印度/Raw_data/Harmonized LASI (A.3)/H_LASI_a3.dta,metadata mention; manual mapping required
LASI,weight,stata_label,s1nwtresp,s1nwtresp:w1 s person-level biomarker weight,/mnt/e/Database/七大老年健康数据库数据/5. LASI 印度/LASI_印度/Raw_data/Harmonized LASI (A.3)/H_LASI_a3.dta,metadata mention; manual mapping required
LASI,weight,stata_label,r1mweight,r1mweight:w1 r weight measurement in kilograms,/mnt/e/Database/七大老年健康数据库数据/5. LASI 印度/LASI_印度/Raw_data/Harmonized LASI (A.3)/H_LASI_a3.dta,metadata mention; manual mapping required
LASI,weight,stata_label,s1mweight,s1mweight:w1 s weight measurement in kilograms,/mnt/e/Database/七大老年健康数据库数据/5. LASI 印度/LASI_印度/Raw_data/Harmonized LASI (A.3)/H_LASI_a3.dta,metadata mention; manual mapping required
LASI,weight,stata_label,r1wtcomp,r1wtcomp:w1 r willing and able to complete weight measurement,/mnt/e/Database/七大老年健康数据库数据/5. LASI 印度/LASI_印度/Raw_data/Harmonized LASI (A.3)/H_LASI_a3.dta,metadata mention; manual mapping required
LASI,weight,stata_label,s1wtcomp,s1wtcomp:w1 s willing and able to complete weight measurement,/mnt/e/Database/七大老年健康数据库数据/5. LASI 印度/LASI_印度/Raw_data/Harmonized LASI (A.3)/H_LASI_a3.dta,metadata mention; manual mapping required
LASI,weight,stata_label,r1wtlimbs,r1wtlimbs:w1 r wearing artificial limb/orthosis for weight measure,/mnt/e/Database/七大老年健康数据库数据/5. LASI 印度/LASI_印度/Raw_data/Harmonized LASI (A.3)/H_LASI_a3.dta,metadata mention; manual mapping required
LASI,weight,stata_label,s1wtlimbs,s1wtlimbs:w1 s wearing artificial limb/orthosis for weight measure,/mnt/e/Database/七大老年健康数据库数据/5. LASI 印度/LASI_印度/Raw_data/Harmonized LASI (A.3)/H_LASI_a3.dta,metadata mention; manual mapping required
LASI,weight,stata_label,r1wtcompl,r1wtcompl:w1 r compliance during weight measurement ,/mnt/e/Database/七大老年健康数据库数据/5. LASI 印度/LASI_印度/Raw_data/Harmonized LASI (A.3)/H_LASI_a3.dta,metadata mention; manual mapping required
LASI,weight,stata_label,s1wtcompl,s1wtcompl:w1 s compliance during weight measurement ,/mnt/e/Database/七大老年健康数据库数据/5. LASI 印度/LASI_印度/Raw_data/Harmonized LASI (A.3)/H_LASI_a3.dta,metadata mention; manual mapping required
LASI,weight,stata_label,r1dcwegt,r1dcwegt:w1 r discrimination reason:weight,/mnt/e/Database/七大老年健康数据库数据/5. LASI 印度/LASI_印度/Raw_data/Harmonized LASI (A.3)/H_LASI_a3.dta,metadata mention; manual mapping required
LASI,weight,stata_label,s1dcwegt,s1dcwegt:w1 s discrimination reason:weight,/mnt/e/Database/七大老年健康数据库数据/5. LASI 印度/LASI_印度/Raw_data/Harmonized LASI (A.3)/H_LASI_a3.dta,metadata mention; manual mapping required
LASI,weight,stata_label,r1wtresp,r1wtresp:w1 r post-stratification weight,/mnt/e/Database/七大老年健康数据库数据/5. LASI 印度/LASI_印度/Raw_data/Harmonized LASI-DAD/h_dad_w1a3.dta,metadata mention; manual mapping required
LASI,strata,stata_label,r1wtresp,r1wtresp:w1 r post-stratification weight,/mnt/e/Database/七大老年健康数据库数据/5. LASI 印度/LASI_印度/Raw_data/Harmonized LASI-DAD/h_dad_w1a3.dta,metadata mention; manual mapping required
LASI,weight,stata_label,r1wtrespb,r1wtrespb:w1 r base weight,/mnt/e/Database/七大老年健康数据库数据/5. LASI 印度/LASI_印度/Raw_data/Harmonized LASI-DAD/h_dad_w1a3.dta,metadata mention; manual mapping required
LASI,weight,stata_label,r1wtresp0,r1wtresp0:w1 r (old) post-stratification weight,/mnt/e/Database/七大老年健康数据库数据/5. LASI 印度/LASI_印度/Raw_data/Harmonized LASI-DAD/h_dad_w1a3.dta,metadata mention; manual mapping required
LASI,strata,stata_label,r1wtresp0,r1wtresp0:w1 r (old) post-stratification weight,/mnt/e/Database/七大老年健康数据库数据/5. LASI 印度/LASI_印度/Raw_data/Harmonized LASI-DAD/h_dad_w1a3.dta,metadata mention; manual mapping required
LASI,weight,stata_label,r1mweight,r1mweight:w1 r weight measurement in kilograms,/mnt/e/Database/七大老年健康数据库数据/5. LASI 印度/LASI_印度/Raw_data/Harmonized LASI-DAD/h_dad_w1a3.dta,metadata mention; manual mapping required
LASI,weight,stata_label,r1wt_flag,r1wt_flag:w1 Flag: r LASI weight measurement in kilograms,/mnt/e/Database/七大老年健康数据库数据/5. LASI 印度/LASI_印度/Raw_data/Harmonized LASI-DAD/h_dad_w1a3.dta,metadata mention; manual mapping required
LASI,weight,stata_label,r1wtlimbs,r1wtlimbs:w1 r whether wearing artificial limb/orthosis during weight measure,/mnt/e/Database/七大老年健康数据库数据/5. LASI 印度/LASI_印度/Raw_data/Harmonized LASI-DAD/h_dad_w1a3.dta,metadata mention; manual mapping required
LASI,weight,stata_label,r1wtcompl,r1wtcompl:w1 r compliance during weight measurement ,/mnt/e/Database/七大老年健康数据库数据/5. LASI 印度/LASI_印度/Raw_data/Harmonized LASI-DAD/h_dad_w1a3.dta,metadata mention; manual mapping required
LASI,weight,stata_label,r1mna_wloss,r1mna_wloss:w1 r MNA weight loss(0-3),/mnt/e/Database/七大老年健康数据库数据/5. LASI 印度/LASI_印度/Raw_data/Harmonized LASI-DAD/h_dad_w1a3.dta,metadata mention; manual mapping required
MHAS,weight,stata_label,r1wthh,r1wthh: w1 Household Analysis Weight,/mnt/e/Database/七大老年健康数据库数据/6. MHAS 墨西哥/MHAS_墨西哥/Raw_data/Harmonized MHAS File/H_MHAS_c2.dta,metadata mention; manual mapping required
MHAS,weight,stata_label,r2wthh,r2wthh: w2 Household Analysis Weight,/mnt/e/Database/七大老年健康数据库数据/6. MHAS 墨西哥/MHAS_墨西哥/Raw_data/Harmonized MHAS File/H_MHAS_c2.dta,metadata mention; manual mapping required
MHAS,weight,stata_label,r3wthh,r3wthh: w3 Household Analysis Weight,/mnt/e/Database/七大老年健康数据库数据/6. MHAS 墨西哥/MHAS_墨西哥/Raw_data/Harmonized MHAS File/H_MHAS_c2.dta,metadata mention; manual mapping required
MHAS,weight,stata_label,r4wthh,r4wthh: w4 Household Analysis Weight,/mnt/e/Database/七大老年健康数据库数据/6. MHAS 墨西哥/MHAS_墨西哥/Raw_data/Harmonized MHAS File/H_MHAS_c2.dta,metadata mention; manual mapping required
MHAS,weight,stata_label,r5wthh,r5wthh: w5 Household Analysis Weight,/mnt/e/Database/七大老年健康数据库数据/6. MHAS 墨西哥/MHAS_墨西哥/Raw_data/Harmonized MHAS File/H_MHAS_c2.dta,metadata mention; manual mapping required
MHAS,weight,stata_label,r1wtresp,r1wtresp: w1 R Person-Level Analysis Weight,/mnt/e/Database/七大老年健康数据库数据/6. MHAS 墨西哥/MHAS_墨西哥/Raw_data/Harmonized MHAS File/H_MHAS_c2.dta,metadata mention; manual mapping required
MHAS,weight,stata_label,r2wtresp,r2wtresp: w2 R Person-Level Analysis Weight,/mnt/e/Database/七大老年健康数据库数据/6. MHAS 墨西哥/MHAS_墨西哥/Raw_data/Harmonized MHAS File/H_MHAS_c2.dta,metadata mention; manual mapping required
MHAS,weight,stata_label,r3wtresp,r3wtresp: w3 R Person-Level Analysis Weight,/mnt/e/Database/七大老年健康数据库数据/6. MHAS 墨西哥/MHAS_墨西哥/Raw_data/Harmonized MHAS File/H_MHAS_c2.dta,metadata mention; manual mapping required
MHAS,weight,stata_label,r4wtresp,r4wtresp: w4 R Person-Level Analysis Weight,/mnt/e/Database/七大老年健康数据库数据/6. MHAS 墨西哥/MHAS_墨西哥/Raw_data/Harmonized MHAS File/H_MHAS_c2.dta,metadata mention; manual mapping required
MHAS,weight,stata_label,r5wtresp,r5wtresp: w5 R Person-Level Analysis Weight,/mnt/e/Database/七大老年健康数据库数据/6. MHAS 墨西哥/MHAS_墨西哥/Raw_data/Harmonized MHAS File/H_MHAS_c2.dta,metadata mention; manual mapping required
MHAS,weight,stata_label,s1wtresp,s1wtresp: w1 S Person-Level Analysis Weight,/mnt/e/Database/七大老年健康数据库数据/6. MHAS 墨西哥/MHAS_墨西哥/Raw_data/Harmonized MHAS File/H_MHAS_c2.dta,metadata mention; manual mapping required
MHAS,weight,stata_label,s2wtresp,s2wtresp: w2 S Person-Level Analysis Weight,/mnt/e/Database/七大老年健康数据库数据/6. MHAS 墨西哥/MHAS_墨西哥/Raw_data/Harmonized MHAS File/H_MHAS_c2.dta,metadata mention; manual mapping required
MHAS,weight,stata_label,s3wtresp,s3wtresp: w3 S Person-Level Analysis Weight,/mnt/e/Database/七大老年健康数据库数据/6. MHAS 墨西哥/MHAS_墨西哥/Raw_data/Harmonized MHAS File/H_MHAS_c2.dta,metadata mention; manual mapping required
MHAS,weight,stata_label,s4wtresp,s4wtresp: w4 S Person-Level Analysis Weight,/mnt/e/Database/七大老年健康数据库数据/6. MHAS 墨西哥/MHAS_墨西哥/Raw_data/Harmonized MHAS File/H_MHAS_c2.dta,metadata mention; manual mapping required
MHAS,weight,stata_label,s5wtresp,s5wtresp: w5 S Person-Level Analysis Weight,/mnt/e/Database/七大老年健康数据库数据/6. MHAS 墨西哥/MHAS_墨西哥/Raw_data/Harmonized MHAS File/H_MHAS_c2.dta,metadata mention; manual mapping required
MHAS,weight,stata_label,r1weight,r1weight: w1 R Weight in kilograms,/mnt/e/Database/七大老年健康数据库数据/6. MHAS 墨西哥/MHAS_墨西哥/Raw_data/Harmonized MHAS File/H_MHAS_c2.dta,metadata mention; manual mapping required
MHAS,weight,stata_label,r2weight,r2weight: w2 R Weight in kilograms,/mnt/e/Database/七大老年健康数据库数据/6. MHAS 墨西哥/MHAS_墨西哥/Raw_data/Harmonized MHAS File/H_MHAS_c2.dta,metadata mention; manual mapping required
MHAS,weight,stata_label,r3weight,r3weight: w3 R Weight in kilograms,/mnt/e/Database/七大老年健康数据库数据/6. MHAS 墨西哥/MHAS_墨西哥/Raw_data/Harmonized MHAS File/H_MHAS_c2.dta,metadata mention; manual mapping required
MHAS,weight,stata_label,r4weight,r4weight: w4 R Weight in kilograms,/mnt/e/Database/七大老年健康数据库数据/6. MHAS 墨西哥/MHAS_墨西哥/Raw_data/Harmonized MHAS File/H_MHAS_c2.dta,metadata mention; manual mapping required
MHAS,weight,stata_label,r5weight,r5weight: w5 R Weight in kilograms,/mnt/e/Database/七大老年健康数据库数据/6. MHAS 墨西哥/MHAS_墨西哥/Raw_data/Harmonized MHAS File/H_MHAS_c2.dta,metadata mention; manual mapping required
MHAS,weight,stata_label,s1weight,s1weight: w1 S Weight in kilograms,/mnt/e/Database/七大老年健康数据库数据/6. MHAS 墨西哥/MHAS_墨西哥/Raw_data/Harmonized MHAS File/H_MHAS_c2.dta,metadata mention; manual mapping required
MHAS,weight,stata_label,s2weight,s2weight: w2 S Weight in kilograms,/mnt/e/Database/七大老年健康数据库数据/6. MHAS 墨西哥/MHAS_墨西哥/Raw_data/Harmonized MHAS File/H_MHAS_c2.dta,metadata mention; manual mapping required
MHAS,weight,stata_label,s3weight,s3weight: w3 S Weight in kilograms,/mnt/e/Database/七大老年健康数据库数据/6. MHAS 墨西哥/MHAS_墨西哥/Raw_data/Harmonized MHAS File/H_MHAS_c2.dta,metadata mention; manual mapping required
MHAS,weight,stata_label,s4weight,s4weight: w4 S Weight in kilograms,/mnt/e/Database/七大老年健康数据库数据/6. MHAS 墨西哥/MHAS_墨西哥/Raw_data/Harmonized MHAS File/H_MHAS_c2.dta,metadata mention; manual mapping required
MHAS,weight,stata_label,s5weight,s5weight: w5 S Weight in kilograms,/mnt/e/Database/七大老年健康数据库数据/6. MHAS 墨西哥/MHAS_墨西哥/Raw_data/Harmonized MHAS File/H_MHAS_c2.dta,metadata mention; manual mapping required
MHAS,weight,stata_label,r1mweight,r1mweight: w1 R Measured Weight in kilograms,/mnt/e/Database/七大老年健康数据库数据/6. MHAS 墨西哥/MHAS_墨西哥/Raw_data/Harmonized MHAS File/H_MHAS_c2.dta,metadata mention; manual mapping required
MHAS,weight,stata_label,r2mweight,r2mweight: w2 R Measured Weight in kilograms,/mnt/e/Database/七大老年健康数据库数据/6. MHAS 墨西哥/MHAS_墨西哥/Raw_data/Harmonized MHAS File/H_MHAS_c2.dta,metadata mention; manual mapping required
MHAS,weight,stata_label,r3mweight,r3mweight: w3 R Measured Weight in kilograms,/mnt/e/Database/七大老年健康数据库数据/6. MHAS 墨西哥/MHAS_墨西哥/Raw_data/Harmonized MHAS File/H_MHAS_c2.dta,metadata mention; manual mapping required
MHAS,weight,stata_label,s1mweight,s1mweight: w1 S Measured Weight in kilograms,/mnt/e/Database/七大老年健康数据库数据/6. MHAS 墨西哥/MHAS_墨西哥/Raw_data/Harmonized MHAS File/H_MHAS_c2.dta,metadata mention; manual mapping required
MHAS,weight,stata_label,s2mweight,s2mweight: w2 S Measured Weight in kilograms,/mnt/e/Database/七大老年健康数据库数据/6. MHAS 墨西哥/MHAS_墨西哥/Raw_data/Harmonized MHAS File/H_MHAS_c2.dta,metadata mention; manual mapping required
MHAS,weight,stata_label,s3mweight,s3mweight: w3 S Measured Weight in kilograms,/mnt/e/Database/七大老年健康数据库数据/6. MHAS 墨西哥/MHAS_墨西哥/Raw_data/Harmonized MHAS File/H_MHAS_c2.dta,metadata mention; manual mapping required
MHAS,weight,stata_label,r1wtcomp,r1wtcomp: w1 R willing & able to complete weight measurement,/mnt/e/Database/七大老年健康数据库数据/6. MHAS 墨西哥/MHAS_墨西哥/Raw_data/Harmonized MHAS File/H_MHAS_c2.dta,metadata mention; manual mapping required
MHAS,weight,stata_label,r2wtcomp,r2wtcomp: w2 R willing & able to complete weight measurement,/mnt/e/Database/七大老年健康数据库数据/6. MHAS 墨西哥/MHAS_墨西哥/Raw_data/Harmonized MHAS File/H_MHAS_c2.dta,metadata mention; manual mapping required
MHAS,weight,stata_label,r3wtcomp,r3wtcomp: w3 R willing & able to complete weight measurement,/mnt/e/Database/七大老年健康数据库数据/6. MHAS 墨西哥/MHAS_墨西哥/Raw_data/Harmonized MHAS File/H_MHAS_c2.dta,metadata mention; manual mapping required
MHAS,weight,stata_label,s1wtcomp,s1wtcomp: w1 S willing & able to complete weight measurement,/mnt/e/Database/七大老年健康数据库数据/6. MHAS 墨西哥/MHAS_墨西哥/Raw_data/Harmonized MHAS File/H_MHAS_c2.dta,metadata mention; manual mapping required
MHAS,weight,stata_label,s2wtcomp,s2wtcomp: w2 S willing & able to complete weight measurement,/mnt/e/Database/七大老年健康数据库数据/6. MHAS 墨西哥/MHAS_墨西哥/Raw_data/Harmonized MHAS File/H_MHAS_c2.dta,metadata mention; manual mapping required
MHAS,weight,stata_label,s3wtcomp,s3wtcomp: w3 S willing & able to complete weight measurement,/mnt/e/Database/七大老年健康数据库数据/6. MHAS 墨西哥/MHAS_墨西哥/Raw_data/Harmonized MHAS File/H_MHAS_c2.dta,metadata mention; manual mapping required
MHAS,weight,stata_label,r1wghtsft,r1wghtsft: w1 R cannot stand to complete weight measurement,/mnt/e/Database/七大老年健康数据库数据/6. MHAS 墨西哥/MHAS_墨西哥/Raw_data/Harmonized MHAS File/H_MHAS_c2.dta,metadata mention; manual mapping required
MHAS,weight,stata_label,r2wghtsft,r2wghtsft: w2 R cannot stand to complete weight measurement,/mnt/e/Database/七大老年健康数据库数据/6. MHAS 墨西哥/MHAS_墨西哥/Raw_data/Harmonized MHAS File/H_MHAS_c2.dta,metadata mention; manual mapping required
MHAS,weight,stata_label,r3wghtsft,r3wghtsft: w3 R cannot stand to complete weight measurement,/mnt/e/Database/七大老年健康数据库数据/6. MHAS 墨西哥/MHAS_墨西哥/Raw_data/Harmonized MHAS File/H_MHAS_c2.dta,metadata mention; manual mapping required
MHAS,weight,stata_label,s1wghtsft,s1wghtsft: w1 S cannot stand to complete weight measurement,/mnt/e/Database/七大老年健康数据库数据/6. MHAS 墨西哥/MHAS_墨西哥/Raw_data/Harmonized MHAS File/H_MHAS_c2.dta,metadata mention; manual mapping required
MHAS,weight,stata_label,s2wghtsft,s2wghtsft: w2 S cannot stand to complete weight measurement,/mnt/e/Database/七大老年健康数据库数据/6. MHAS 墨西哥/MHAS_墨西哥/Raw_data/Harmonized MHAS File/H_MHAS_c2.dta,metadata mention; manual mapping required
MHAS,weight,stata_label,s3wghtsft,s3wghtsft: w3 S cannot stand to complete weight measurement,/mnt/e/Database/七大老年健康数据库数据/6. MHAS 墨西哥/MHAS_墨西哥/Raw_data/Harmonized MHAS File/H_MHAS_c2.dta,metadata mention; manual mapping required
MHAS,weight,stata_label,r1wghttryu,r1wghttryu: w1 R tried but could not complete weight measurement,/mnt/e/Database/七大老年健康数据库数据/6. MHAS 墨西哥/MHAS_墨西哥/Raw_data/Harmonized MHAS File/H_MHAS_c2.dta,metadata mention; manual mapping required
MHAS,weight,stata_label,r2wghttryu,r2wghttryu: w2 R tried but could not complete weight measurement,/mnt/e/Database/七大老年健康数据库数据/6. MHAS 墨西哥/MHAS_墨西哥/Raw_data/Harmonized MHAS File/H_MHAS_c2.dta,metadata mention; manual mapping required
MHAS,weight,stata_label,r3wghttryu,r3wghttryu: w3 R tried but could not complete weight measurement,/mnt/e/Database/七大老年健康数据库数据/6. MHAS 墨西哥/MHAS_墨西哥/Raw_data/Harmonized MHAS File/H_MHAS_c2.dta,metadata mention; manual mapping required
MHAS,weight,stata_label,s1wghttryu,s1wghttryu: w1 S tried but could not complete weight measurement,/mnt/e/Database/七大老年健康数据库数据/6. MHAS 墨西哥/MHAS_墨西哥/Raw_data/Harmonized MHAS File/H_MHAS_c2.dta,metadata mention; manual mapping required
MHAS,weight,stata_label,s2wghttryu,s2wghttryu: w2 S tried but could not complete weight measurement,/mnt/e/Database/七大老年健康数据库数据/6. MHAS 墨西哥/MHAS_墨西哥/Raw_data/Harmonized MHAS File/H_MHAS_c2.dta,metadata mention; manual mapping required
MHAS,weight,stata_label,s3wghttryu,s3wghttryu: w3 S tried but could not complete weight measurement,/mnt/e/Database/七大老年健康数据库数据/6. MHAS 墨西哥/MHAS_墨西哥/Raw_data/Harmonized MHAS File/H_MHAS_c2.dta,metadata mention; manual mapping required
MHAS,weight,stata_label,r1wghtref,r1wghtref: w1 R refused and did not try to complete weight measurement,/mnt/e/Database/七大老年健康数据库数据/6. MHAS 墨西哥/MHAS_墨西哥/Raw_data/Harmonized MHAS File/H_MHAS_c2.dta,metadata mention; manual mapping required
MHAS,weight,stata_label,r2wghtref,r2wghtref: w2 R refused and did not try to complete weight measurement,/mnt/e/Database/七大老年健康数据库数据/6. MHAS 墨西哥/MHAS_墨西哥/Raw_data/Harmonized MHAS File/H_MHAS_c2.dta,metadata mention; manual mapping required
MHAS,weight,stata_label,r3wghtref,r3wghtref: w3 R refused and did not try to complete weight measurement,/mnt/e/Database/七大老年健康数据库数据/6. MHAS 墨西哥/MHAS_墨西哥/Raw_data/Harmonized MHAS File/H_MHAS_c2.dta,metadata mention; manual mapping required
MHAS,weight,stata_label,s1wghtref,s1wghtref: w1 S refused and did not try to complete weight measurement,/mnt/e/Database/七大老年健康数据库数据/6. MHAS 墨西哥/MHAS_墨西哥/Raw_data/Harmonized MHAS File/H_MHAS_c2.dta,metadata mention; manual mapping required
MHAS,weight,stata_label,s2wghtref,s2wghtref: w2 S refused and did not try to complete weight measurement,/mnt/e/Database/七大老年健康数据库数据/6. MHAS 墨西哥/MHAS_墨西哥/Raw_data/Harmonized MHAS File/H_MHAS_c2.dta,metadata mention; manual mapping required
MHAS,weight,stata_label,s3wghtref,s3wghtref: w3 S refused and did not try to complete weight measurement,/mnt/e/Database/七大老年健康数据库数据/6. MHAS 墨西哥/MHAS_墨西哥/Raw_data/Harmonized MHAS File/H_MHAS_c2.dta,metadata mention; manual mapping required
SHARE,weight,stata_label,weight,Weight,/mnt/e/Database/七大老年健康数据库数据/7.SHARE 欧洲/SHARE_欧洲/Temp_data/share_wave1.dta,metadata mention; manual mapping required
SHARE,weight,stata_label,weight_f,Weight - Flag,/mnt/e/Database/七大老年健康数据库数据/7.SHARE 欧洲/SHARE_欧洲/Temp_data/share_wave1.dta,metadata mention; manual mapping required
SHARE,weight,stata_label,ph012_,Weight of respondent,/mnt/e/Database/七大老年健康数据库数据/7.SHARE 欧洲/SHARE_欧洲/Temp_data/share_wave1.dta,metadata mention; manual mapping required
SHARE,weight,stata_label,ph048d9,Difficulties: lifting or carrying weights over 5 kilos,/mnt/e/Database/七大老年健康数据库数据/7.SHARE 欧洲/SHARE_欧洲/Temp_data/share_wave1.dta,metadata mention; manual mapping required
SHARE,weight,stata_label,q13_e,How often does general practitioner: check your weight,/mnt/e/Database/七大老年健康数据库数据/7.SHARE 欧洲/SHARE_欧洲/Temp_data/share_wave1.dta,metadata mention; manual mapping required
SHARE,weight,stata_label,dw_w1,Design weight - wave 1,/mnt/e/Database/七大老年健康数据库数据/7.SHARE 欧洲/SHARE_欧洲/Temp_data/share_wave1.dta,metadata mention; manual mapping required
SHARE,weight,stata_label,cchw_w1,Calibrated cross-sectional household weight - wave 1,/mnt/e/Database/七大老年健康数据库数据/7.SHARE 欧洲/SHARE_欧洲/Temp_data/share_wave1.dta,metadata mention; manual mapping required
SHARE,weight,stata_label,cciw_w1,Calibrated cross-sectional individual weight - wave 1,/mnt/e/Database/七大老年健康数据库数据/7.SHARE 欧洲/SHARE_欧洲/Temp_data/share_wave1.dta,metadata mention; manual mapping required
SHARE,strata,stata_label,stratum1,Indicator for primary stratum (if any),/mnt/e/Database/七大老年健康数据库数据/7.SHARE 欧洲/SHARE_欧洲/Temp_data/share_wave1.dta,metadata mention; manual mapping required
SHARE,strata,stata_label,stratum2,Indicator for secondary stratum (if any),/mnt/e/Database/七大老年健康数据库数据/7.SHARE 欧洲/SHARE_欧洲/Temp_data/share_wave1.dta,metadata mention; manual mapping required
SHARE,psu,stata_label,psu,Primary sampling unit,/mnt/e/Database/七大老年健康数据库数据/7.SHARE 欧洲/SHARE_欧洲/Temp_data/share_wave1.dta,metadata mention; manual mapping required
SHARE,psu,stata_label,ssu,Secondary sampling unit (if any),/mnt/e/Database/七大老年健康数据库数据/7.SHARE 欧洲/SHARE_欧洲/Temp_data/share_wave1.dta,metadata mention; manual mapping required
SHARE,weight,stata_label,weight,体重,/mnt/e/Database/七大老年健康数据库数据/7.SHARE 欧洲/SHARE_欧洲/Temp_data/share_wave1_CN.dta,metadata mention; manual mapping required
SHARE,psu,stata_label,psu,主要抽样单位,/mnt/e/Database/七大老年健康数据库数据/7.SHARE 欧洲/SHARE_欧洲/Temp_data/share_wave1_CN.dta,metadata mention; manual mapping required
SHARE,weight,stata_label,weight,Weight,/mnt/e/Database/七大老年健康数据库数据/7.SHARE 欧洲/SHARE_欧洲/Temp_data/share_wave2.dta,metadata mention; manual mapping required
SHARE,weight,stata_label,weight_f,Weight - Flag,/mnt/e/Database/七大老年健康数据库数据/7.SHARE 欧洲/SHARE_欧洲/Temp_data/share_wave2.dta,metadata mention; manual mapping required
SHARE,weight,stata_label,ph012_,Weight of respondent,/mnt/e/Database/七大老年健康数据库数据/7.SHARE 欧洲/SHARE_欧洲/Temp_data/share_wave2.dta,metadata mention; manual mapping required
SHARE,weight,stata_label,ph048d9,Difficulties: lifting or carrying weights over 5 kilos,/mnt/e/Database/七大老年健康数据库数据/7.SHARE 欧洲/SHARE_欧洲/Temp_data/share_wave2.dta,metadata mention; manual mapping required
SHARE,weight,stata_label,ph065_,Check: lost weight,/mnt/e/Database/七大老年健康数据库数据/7.SHARE 欧洲/SHARE_欧洲/Temp_data/share_wave2.dta,metadata mention; manual mapping required
SHARE,weight,stata_label,ph066_,Reason lost weight,/mnt/e/Database/七大老年健康数据库数据/7.SHARE 欧洲/SHARE_欧洲/Temp_data/share_wave2.dta,metadata mention; manual mapping required
SHARE,weight,stata_label,dw_w2,Design weight - wave 2,/mnt/e/Database/七大老年健康数据库数据/7.SHARE 欧洲/SHARE_欧洲/Temp_data/share_wave2.dta,metadata mention; manual mapping required
SHARE,weight,stata_label,cchw_w2,Calibrated cross-sectional household weight - wave 2,/mnt/e/Database/七大老年健康数据库数据/7.SHARE 欧洲/SHARE_欧洲/Temp_data/share_wave2.dta,metadata mention; manual mapping required
SHARE,weight,stata_label,cciw_w2,Calibrated cross-sectional individual weight - wave 2,/mnt/e/Database/七大老年健康数据库数据/7.SHARE 欧洲/SHARE_欧洲/Temp_data/share_wave2.dta,metadata mention; manual mapping required
SHARE,strata,stata_label,stratum1,Indicator for primary stratum (if any),/mnt/e/Database/七大老年健康数据库数据/7.SHARE 欧洲/SHARE_欧洲/Temp_data/share_wave2.dta,metadata mention; manual mapping required
SHARE,strata,stata_label,stratum2,Indicator for secondary stratum (if any),/mnt/e/Database/七大老年健康数据库数据/7.SHARE 欧洲/SHARE_欧洲/Temp_data/share_wave2.dta,metadata mention; manual mapping required
SHARE,psu,stata_label,psu,Primary sampling unit,/mnt/e/Database/七大老年健康数据库数据/7.SHARE 欧洲/SHARE_欧洲/Temp_data/share_wave2.dta,metadata mention; manual mapping required
SHARE,psu,stata_label,ssu,Secondary sampling unit (if any),/mnt/e/Database/七大老年健康数据库数据/7.SHARE 欧洲/SHARE_欧洲/Temp_data/share_wave2.dta,metadata mention; manual mapping required
SHARE,weight,stata_label,weight,体重,/mnt/e/Database/七大老年健康数据库数据/7.SHARE 欧洲/SHARE_欧洲/Temp_data/share_wave2_CN.dta,metadata mention; manual mapping required
SHARE,psu,stata_label,psu,主要抽样单位,/mnt/e/Database/七大老年健康数据库数据/7.SHARE 欧洲/SHARE_欧洲/Temp_data/share_wave2_CN.dta,metadata mention; manual mapping required
SHARE,weight,stata_label,weight,Weight,/mnt/e/Database/七大老年健康数据库数据/7.SHARE 欧洲/SHARE_欧洲/Temp_data/share_wave4.dta,metadata mention; manual mapping required
SHARE,weight,stata_label,weight_f,Weight - Flag,/mnt/e/Database/七大老年健康数据库数据/7.SHARE 欧洲/SHARE_欧洲/Temp_data/share_wave4.dta,metadata mention; manual mapping required
SHARE,weight,stata_label,ph012_,Weight of respondent,/mnt/e/Database/七大老年健康数据库数据/7.SHARE 欧洲/SHARE_欧洲/Temp_data/share_wave4.dta,metadata mention; manual mapping required
SHARE,weight,stata_label,ph048d9,Difficulties: lifting or carrying weights over 5 kilos,/mnt/e/Database/七大老年健康数据库数据/7.SHARE 欧洲/SHARE_欧洲/Temp_data/share_wave4.dta,metadata mention; manual mapping required
SHARE,weight,stata_label,ph065_,Check: lost weight,/mnt/e/Database/七大老年健康数据库数据/7.SHARE 欧洲/SHARE_欧洲/Temp_data/share_wave4.dta,metadata mention; manual mapping required
SHARE,weight,stata_label,ph066_,Reason lost weight,/mnt/e/Database/七大老年健康数据库数据/7.SHARE 欧洲/SHARE_欧洲/Temp_data/share_wave4.dta,metadata mention; manual mapping required
SHARE,weight,stata_label,at_q24b,Measuring weight done by yourself,/mnt/e/Database/七大老年健康数据库数据/7.SHARE 欧洲/SHARE_欧洲/Temp_data/share_wave4.dta,metadata mention; manual mapping required
SHARE,weight,stata_label,dw_w4,Design weight - wave 4,/mnt/e/Database/七大老年健康数据库数据/7.SHARE 欧洲/SHARE_欧洲/Temp_data/share_wave4.dta,metadata mention; manual mapping required
SHARE,weight,stata_label,cchw_w4,Calibrated cross-sectional household weight - wave 4,/mnt/e/Database/七大老年健康数据库数据/7.SHARE 欧洲/SHARE_欧洲/Temp_data/share_wave4.dta,metadata mention; manual mapping required
SHARE,weight,stata_label,cciw_w4,Calibrated cross-sectional individual weight - wave 4,/mnt/e/Database/七大老年健康数据库数据/7.SHARE 欧洲/SHARE_欧洲/Temp_data/share_wave4.dta,metadata mention; manual mapping required
SHARE,strata,stata_label,stratum1,Indicator for primary stratum (if any),/mnt/e/Database/七大老年健康数据库数据/7.SHARE 欧洲/SHARE_欧洲/Temp_data/share_wave4.dta,metadata mention; manual mapping required
SHARE,strata,stata_label,stratum2,Indicator for secondary stratum (if any),/mnt/e/Database/七大老年健康数据库数据/7.SHARE 欧洲/SHARE_欧洲/Temp_data/share_wave4.dta,metadata mention; manual mapping required
SHARE,psu,stata_label,psu,Primary sampling unit,/mnt/e/Database/七大老年健康数据库数据/7.SHARE 欧洲/SHARE_欧洲/Temp_data/share_wave4.dta,metadata mention; manual mapping required
SHARE,psu,stata_label,ssu,Secondary sampling unit (if any),/mnt/e/Database/七大老年健康数据库数据/7.SHARE 欧洲/SHARE_欧洲/Temp_data/share_wave4.dta,metadata mention; manual mapping required
SHARE,weight,stata_label,weight,体重,/mnt/e/Database/七大老年健康数据库数据/7.SHARE 欧洲/SHARE_欧洲/Temp_data/share_wave4_CN.dta,metadata mention; manual mapping required
SHARE,psu,stata_label,psu,主要抽样单位,/mnt/e/Database/七大老年健康数据库数据/7.SHARE 欧洲/SHARE_欧洲/Temp_data/share_wave4_CN.dta,metadata mention; manual mapping required
SHARE,weight,stata_label,weight,Weight,/mnt/e/Database/七大老年健康数据库数据/7.SHARE 欧洲/SHARE_欧洲/Temp_data/share_wave5.dta,metadata mention; manual mapping required
SHARE,weight,stata_label,weight_f,Weight - Flag,/mnt/e/Database/七大老年健康数据库数据/7.SHARE 欧洲/SHARE_欧洲/Temp_data/share_wave5.dta,metadata mention; manual mapping required
SHARE,weight,stata_label,ph012_,Weight of respondent,/mnt/e/Database/七大老年健康数据库数据/7.SHARE 欧洲/SHARE_欧洲/Temp_data/share_wave5.dta,metadata mention; manual mapping required
SHARE,weight,stata_label,ph048d9,Difficulties: lifting or carrying weights over 5 kilos,/mnt/e/Database/七大老年健康数据库数据/7.SHARE 欧洲/SHARE_欧洲/Temp_data/share_wave5.dta,metadata mention; manual mapping required
SHARE,weight,stata_label,ph065_,Check: lost weight,/mnt/e/Database/七大老年健康数据库数据/7.SHARE 欧洲/SHARE_欧洲/Temp_data/share_wave5.dta,metadata mention; manual mapping required
SHARE,weight,stata_label,ph066_,Reason lost weight,/mnt/e/Database/七大老年健康数据库数据/7.SHARE 欧洲/SHARE_欧洲/Temp_data/share_wave5.dta,metadata mention; manual mapping required
SHARE,weight,stata_label,dw_w5,Design weight - wave 5,/mnt/e/Database/七大老年健康数据库数据/7.SHARE 欧洲/SHARE_欧洲/Temp_data/share_wave5.dta,metadata mention; manual mapping required
SHARE,weight,stata_label,cchw_w5,Calibrated cross-sectional household weight - wave 5,/mnt/e/Database/七大老年健康数据库数据/7.SHARE 欧洲/SHARE_欧洲/Temp_data/share_wave5.dta,metadata mention; manual mapping required
SHARE,weight,stata_label,cciw_w5,Calibrated cross-sectional individual weight - wave 5,/mnt/e/Database/七大老年健康数据库数据/7.SHARE 欧洲/SHARE_欧洲/Temp_data/share_wave5.dta,metadata mention; manual mapping required
SHARE,strata,stata_label,stratum1,Indicator for primary stratum (if any),/mnt/e/Database/七大老年健康数据库数据/7.SHARE 欧洲/SHARE_欧洲/Temp_data/share_wave5.dta,metadata mention; manual mapping required
SHARE,strata,stata_label,stratum2,Indicator for secondary stratum (if any),/mnt/e/Database/七大老年健康数据库数据/7.SHARE 欧洲/SHARE_欧洲/Temp_data/share_wave5.dta,metadata mention; manual mapping required
SHARE,psu,stata_label,psu,Primary sampling unit,/mnt/e/Database/七大老年健康数据库数据/7.SHARE 欧洲/SHARE_欧洲/Temp_data/share_wave5.dta,metadata mention; manual mapping required
SHARE,psu,stata_label,ssu,Secondary sampling unit (if any),/mnt/e/Database/七大老年健康数据库数据/7.SHARE 欧洲/SHARE_欧洲/Temp_data/share_wave5.dta,metadata mention; manual mapping required
SHARE,weight,stata_label,depmat,Deprivation index - hedonic weights 2 - pvalue,/mnt/e/Database/七大老年健康数据库数据/7.SHARE 欧洲/SHARE_欧洲/Temp_data/share_wave5.dta,metadata mention; manual mapping required
SHARE,weight,stata_label,depsoc,Social deprivation index - hedonic weights,/mnt/e/Database/七大老年健康数据库数据/7.SHARE 欧洲/SHARE_欧洲/Temp_data/share_wave5.dta,metadata mention; manual mapping required
SHARE,weight,stata_label,weight,体重,/mnt/e/Database/七大老年健康数据库数据/7.SHARE 欧洲/SHARE_欧洲/Temp_data/share_wave5_CN.dta,metadata mention; manual mapping required
SHARE,psu,stata_label,psu,主要抽样单位,/mnt/e/Database/七大老年健康数据库数据/7.SHARE 欧洲/SHARE_欧洲/Temp_data/share_wave5_CN.dta,metadata mention; manual mapping required
SHARE,weight,stata_label,weight,Weight,/mnt/e/Database/七大老年健康数据库数据/7.SHARE 欧洲/SHARE_欧洲/Temp_data/share_wave6.dta,metadata mention; manual mapping required
SHARE,weight,stata_label,weight_f,Weight - Flag,/mnt/e/Database/七大老年健康数据库数据/7.SHARE 欧洲/SHARE_欧洲/Temp_data/share_wave6.dta,metadata mention; manual mapping required
SHARE,weight,stata_label,ph012_,Weight of respondent,/mnt/e/Database/七大老年健康数据库数据/7.SHARE 欧洲/SHARE_欧洲/Temp_data/share_wave6.dta,metadata mention; manual mapping required
SHARE,weight,stata_label,ph048d9,Difficulties: lifting or carrying weights over 5 kilos,/mnt/e/Database/七大老年健康数据库数据/7.SHARE 欧洲/SHARE_欧洲/Temp_data/share_wave6.dta,metadata mention; manual mapping required
SHARE,weight,stata_label,ph065_,Check: lost weight,/mnt/e/Database/七大老年健康数据库数据/7.SHARE 欧洲/SHARE_欧洲/Temp_data/share_wave6.dta,metadata mention; manual mapping required
SHARE,weight,stata_label,ph066_,Reason lost weight,/mnt/e/Database/七大老年健康数据库数据/7.SHARE 欧洲/SHARE_欧洲/Temp_data/share_wave6.dta,metadata mention; manual mapping required
SHARE,weight,stata_label,dw_w6,Design weight - wave 6,/mnt/e/Database/七大老年健康数据库数据/7.SHARE 欧洲/SHARE_欧洲/Temp_data/share_wave6.dta,metadata mention; manual mapping required
SHARE,weight,stata_label,cchw_w6,Calibrated cross-sectional household weight - wave 6,/mnt/e/Database/七大老年健康数据库数据/7.SHARE 欧洲/SHARE_欧洲/Temp_data/share_wave6.dta,metadata mention; manual mapping required
SHARE,weight,stata_label,cciw_w6,Calibrated cross-sectional individual weight - wave 6,/mnt/e/Database/七大老年健康数据库数据/7.SHARE 欧洲/SHARE_欧洲/Temp_data/share_wave6.dta,metadata mention; manual mapping required
SHARE,strata,stata_label,stratum1,Indicator for primary stratum (if any),/mnt/e/Database/七大老年健康数据库数据/7.SHARE 欧洲/SHARE_欧洲/Temp_data/share_wave6.dta,metadata mention; manual mapping required
SHARE,strata,stata_label,stratum2,Indicator for secondary stratum (if any),/mnt/e/Database/七大老年健康数据库数据/7.SHARE 欧洲/SHARE_欧洲/Temp_data/share_wave6.dta,metadata mention; manual mapping required
SHARE,psu,stata_label,psu,Primary sampling unit,/mnt/e/Database/七大老年健康数据库数据/7.SHARE 欧洲/SHARE_欧洲/Temp_data/share_wave6.dta,metadata mention; manual mapping required
SHARE,psu,stata_label,ssu,Secondary sampling unit (if any),/mnt/e/Database/七大老年健康数据库数据/7.SHARE 欧洲/SHARE_欧洲/Temp_data/share_wave6.dta,metadata mention; manual mapping required
SHARE,weight,stata_label,weight,体重,/mnt/e/Database/七大老年健康数据库数据/7.SHARE 欧洲/SHARE_欧洲/Temp_data/share_wave6_CN.dta,metadata mention; manual mapping required
SHARE,psu,stata_label,psu,主要抽样单位,/mnt/e/Database/七大老年健康数据库数据/7.SHARE 欧洲/SHARE_欧洲/Temp_data/share_wave6_CN.dta,metadata mention; manual mapping required
SHARE,weight,stata_label,weight,Weight,/mnt/e/Database/七大老年健康数据库数据/7.SHARE 欧洲/SHARE_欧洲/Temp_data/share_wave7.dta,metadata mention; manual mapping required
SHARE,weight,stata_label,weight_f,Weight - Flag,/mnt/e/Database/七大老年健康数据库数据/7.SHARE 欧洲/SHARE_欧洲/Temp_data/share_wave7.dta,metadata mention; manual mapping required
SHARE,weight,stata_label,ph012_,Weight of respondent,/mnt/e/Database/七大老年健康数据库数据/7.SHARE 欧洲/SHARE_欧洲/Temp_data/share_wave7.dta,metadata mention; manual mapping required
SHARE,weight,stata_label,ph048d9,Difficulties: lifting or carrying weights over 5 kilos,/mnt/e/Database/七大老年健康数据库数据/7.SHARE 欧洲/SHARE_欧洲/Temp_data/share_wave7.dta,metadata mention; manual mapping required
SHARE,weight,stata_label,ph065_,Check: lost weight,/mnt/e/Database/七大老年健康数据库数据/7.SHARE 欧洲/SHARE_欧洲/Temp_data/share_wave7.dta,metadata mention; manual mapping required
SHARE,weight,stata_label,ph066_,Reason lost weight,/mnt/e/Database/七大老年健康数据库数据/7.SHARE 欧洲/SHARE_欧洲/Temp_data/share_wave7.dta,metadata mention; manual mapping required
SHARE,weight,stata_label,dw_w7,Design weight - wave 7,/mnt/e/Database/七大老年健康数据库数据/7.SHARE 欧洲/SHARE_欧洲/Temp_data/share_wave7.dta,metadata mention; manual mapping required
SHARE,weight,stata_label,cchw_w7,Calibrated cross-sectional household weight - wave 7,/mnt/e/Database/七大老年健康数据库数据/7.SHARE 欧洲/SHARE_欧洲/Temp_data/share_wave7.dta,metadata mention; manual mapping required
SHARE,weight,stata_label,cciw_w7,Calibrated cross-sectional individual weight - wave 7,/mnt/e/Database/七大老年健康数据库数据/7.SHARE 欧洲/SHARE_欧洲/Temp_data/share_wave7.dta,metadata mention; manual mapping required
SHARE,weight,stata_label,cchw_w7_SHL,Calibrated (cross-sectional) household weight - SHARELIFE interview only,/mnt/e/Database/七大老年健康数据库数据/7.SHARE 欧洲/SHARE_欧洲/Temp_data/share_wave7.dta,metadata mention; manual mapping required
SHARE,weight,stata_label,cciw_w7_SHL,Calibrated (cross-sectional) individual weight - SHARELIFE interview only,/mnt/e/Database/七大老年健康数据库数据/7.SHARE 欧洲/SHARE_欧洲/Temp_data/share_wave7.dta,metadata mention; manual mapping required
SHARE,weight,stata_label,cchw_w7_REG,Calibrated (cross-sectional) household weight - regular interview only,/mnt/e/Database/七大老年健康数据库数据/7.SHARE 欧洲/SHARE_欧洲/Temp_data/share_wave7.dta,metadata mention; manual mapping required
SHARE,weight,stata_label,cciw_w7_REG,Calibrated (cross-sectional) individual weight - regular interview only,/mnt/e/Database/七大老年健康数据库数据/7.SHARE 欧洲/SHARE_欧洲/Temp_data/share_wave7.dta,metadata mention; manual mapping required
SHARE,strata,stata_label,stratum1,Indicator for primary stratum (if any),/mnt/e/Database/七大老年健康数据库数据/7.SHARE 欧洲/SHARE_欧洲/Temp_data/share_wave7.dta,metadata mention; manual mapping required
SHARE,strata,stata_label,stratum2,Indicator for secondary stratum (if any),/mnt/e/Database/七大老年健康数据库数据/7.SHARE 欧洲/SHARE_欧洲/Temp_data/share_wave7.dta,metadata mention; manual mapping required
SHARE,psu,stata_label,psu,Primary sampling unit,/mnt/e/Database/七大老年健康数据库数据/7.SHARE 欧洲/SHARE_欧洲/Temp_data/share_wave7.dta,metadata mention; manual mapping required
SHARE,psu,stata_label,ssu,Secondary sampling unit (if any),/mnt/e/Database/七大老年健康数据库数据/7.SHARE 欧洲/SHARE_欧洲/Temp_data/share_wave7.dta,metadata mention; manual mapping required
SHARE,weight,stata_label,weight,体重,/mnt/e/Database/七大老年健康数据库数据/7.SHARE 欧洲/SHARE_欧洲/Temp_data/share_wave7_CN.dta,metadata mention; manual mapping required
SHARE,psu,stata_label,psu,主要抽样单位,/mnt/e/Database/七大老年健康数据库数据/7.SHARE 欧洲/SHARE_欧洲/Temp_data/share_wave7_CN.dta,metadata mention; manual mapping required
SHARE,weight,stata_label,ph012_,Weight of respondent,/mnt/e/Database/七大老年健康数据库数据/7.SHARE 欧洲/SHARE_欧洲/Temp_data/share_wave8.dta,metadata mention; manual mapping required
SHARE,weight,stata_label,ph048d9,Difficulties: lifting or carrying weights over 5 kilos,/mnt/e/Database/七大老年健康数据库数据/7.SHARE 欧洲/SHARE_欧洲/Temp_data/share_wave8.dta,metadata mention; manual mapping required
SHARE,weight,stata_label,ph065_,Check: lost weight,/mnt/e/Database/七大老年健康数据库数据/7.SHARE 欧洲/SHARE_欧洲/Temp_data/share_wave8.dta,metadata mention; manual mapping required
SHARE,weight,stata_label,ph066_,Reason lost weight,/mnt/e/Database/七大老年健康数据库数据/7.SHARE 欧洲/SHARE_欧洲/Temp_data/share_wave8.dta,metadata mention; manual mapping required
SHARE,weight,stata_label,dw_w8,Design weight - wave 8,/mnt/e/Database/七大老年健康数据库数据/7.SHARE 欧洲/SHARE_欧洲/Temp_data/share_wave8.dta,metadata mention; manual mapping required
SHARE,weight,stata_label,cchw_w8_main,Calibrated cross-sectional household weight - Main interview,/mnt/e/Database/七大老年健康数据库数据/7.SHARE 欧洲/SHARE_欧洲/Temp_data/share_wave8.dta,metadata mention; manual mapping required
SHARE,weight,stata_label,cciw_w8_main,Calibrated cross-sectional individual weight - Main interview,/mnt/e/Database/七大老年健康数据库数据/7.SHARE 欧洲/SHARE_欧洲/Temp_data/share_wave8.dta,metadata mention; manual mapping required
SHARE,weight,stata_label,cchw_w8_main_ca,Calibrated cross-sectional household weight - Main & CA interview,/mnt/e/Database/七大老年健康数据库数据/7.SHARE 欧洲/SHARE_欧洲/Temp_data/share_wave8.dta,metadata mention; manual mapping required
SHARE,weight,stata_label,cciw_w8_main_ca,Calibrated cross-sectional individual weight - Main & CA interview,/mnt/e/Database/七大老年健康数据库数据/7.SHARE 欧洲/SHARE_欧洲/Temp_data/share_wave8.dta,metadata mention; manual mapping required
SHARE,strata,stata_label,stratum1,Indicator for primary stratum (if any),/mnt/e/Database/七大老年健康数据库数据/7.SHARE 欧洲/SHARE_欧洲/Temp_data/share_wave8.dta,metadata mention; manual mapping required
SHARE,strata,stata_label,stratum2,Indicator for secondary stratum (if any),/mnt/e/Database/七大老年健康数据库数据/7.SHARE 欧洲/SHARE_欧洲/Temp_data/share_wave8.dta,metadata mention; manual mapping required
SHARE,psu,stata_label,psu,Primary sampling unit,/mnt/e/Database/七大老年健康数据库数据/7.SHARE 欧洲/SHARE_欧洲/Temp_data/share_wave8.dta,metadata mention; manual mapping required
SHARE,psu,stata_label,ssu,Secondary sampling unit (if any),/mnt/e/Database/七大老年健康数据库数据/7.SHARE 欧洲/SHARE_欧洲/Temp_data/share_wave8.dta,metadata mention; manual mapping required
SHARE,psu,stata_label,psu,主要抽样单位,/mnt/e/Database/七大老年健康数据库数据/7.SHARE 欧洲/SHARE_欧洲/Temp_data/share_wave8_CN.dta,metadata mention; manual mapping required
SHARE,weight,stata_label,r1wtsamp,r1wtsamp:w1 design weight,/mnt/e/Database/七大老年健康数据库数据/7.SHARE 欧洲/SHARE_欧洲/Raw_data/Harmonized SHARE/H_SHARE_f2.dta,metadata mention; manual mapping required
SHARE,weight,stata_label,r2wtsamp,r2wtsamp:w2 design weight,/mnt/e/Database/七大老年健康数据库数据/7.SHARE 欧洲/SHARE_欧洲/Raw_data/Harmonized SHARE/H_SHARE_f2.dta,metadata mention; manual mapping required
SHARE,weight,stata_label,r3wtsamp,r3wtsamp:w3 design weight,/mnt/e/Database/七大老年健康数据库数据/7.SHARE 欧洲/SHARE_欧洲/Raw_data/Harmonized SHARE/H_SHARE_f2.dta,metadata mention; manual mapping required
SHARE,weight,stata_label,r4wtsamp,r4wtsamp:w4 design weight,/mnt/e/Database/七大老年健康数据库数据/7.SHARE 欧洲/SHARE_欧洲/Raw_data/Harmonized SHARE/H_SHARE_f2.dta,metadata mention; manual mapping required
SHARE,weight,stata_label,r5wtsamp,r5wtsamp:w5 design weight,/mnt/e/Database/七大老年健康数据库数据/7.SHARE 欧洲/SHARE_欧洲/Raw_data/Harmonized SHARE/H_SHARE_f2.dta,metadata mention; manual mapping required
SHARE,weight,stata_label,r6wtsamp,r6wtsamp:w6 design weight,/mnt/e/Database/七大老年健康数据库数据/7.SHARE 欧洲/SHARE_欧洲/Raw_data/Harmonized SHARE/H_SHARE_f2.dta,metadata mention; manual mapping required
SHARE,weight,stata_label,r7wtsamp,r7wtsamp:w7 design weight,/mnt/e/Database/七大老年健康数据库数据/7.SHARE 欧洲/SHARE_欧洲/Raw_data/Harmonized SHARE/H_SHARE_f2.dta,metadata mention; manual mapping required
SHARE,weight,stata_label,r8wtsamp,r8wtsamp:w8 design weight,/mnt/e/Database/七大老年健康数据库数据/7.SHARE 欧洲/SHARE_欧洲/Raw_data/Harmonized SHARE/H_SHARE_f2.dta,metadata mention; manual mapping required
SHARE,psu,stata_label,rapsu1,rapsu1: primary sampling unit,/mnt/e/Database/七大老年健康数据库数据/7.SHARE 欧洲/SHARE_欧洲/Raw_data/Harmonized SHARE/H_SHARE_f2.dta,metadata mention; manual mapping required
SHARE,psu,stata_label,rapsu2,rapsu2: secondary sampling unit,/mnt/e/Database/七大老年健康数据库数据/7.SHARE 欧洲/SHARE_欧洲/Raw_data/Harmonized SHARE/H_SHARE_f2.dta,metadata mention; manual mapping required
SHARE,strata,stata_label,raestrat1,raestrat1: first stratification variable,/mnt/e/Database/七大老年健康数据库数据/7.SHARE 欧洲/SHARE_欧洲/Raw_data/Harmonized SHARE/H_SHARE_f2.dta,metadata mention; manual mapping required
SHARE,strata,stata_label,raestrat2,raestrat2: second stratification variable,/mnt/e/Database/七大老年健康数据库数据/7.SHARE 欧洲/SHARE_欧洲/Raw_data/Harmonized SHARE/H_SHARE_f2.dta,metadata mention; manual mapping required
SHARE,weight,stata_label,r1wthh,r1wthh:w1 household analysis weight,/mnt/e/Database/七大老年健康数据库数据/7.SHARE 欧洲/SHARE_欧洲/Raw_data/Harmonized SHARE/H_SHARE_f2.dta,metadata mention; manual mapping required
SHARE,weight,stata_label,r2wthh,r2wthh:w2 household analysis weight,/mnt/e/Database/七大老年健康数据库数据/7.SHARE 欧洲/SHARE_欧洲/Raw_data/Harmonized SHARE/H_SHARE_f2.dta,metadata mention; manual mapping required
SHARE,weight,stata_label,r4wthh,r4wthh:w4 household analysis weight,/mnt/e/Database/七大老年健康数据库数据/7.SHARE 欧洲/SHARE_欧洲/Raw_data/Harmonized SHARE/H_SHARE_f2.dta,metadata mention; manual mapping required
SHARE,weight,stata_label,r5wthh,r5wthh:w5 household analysis weight,/mnt/e/Database/七大老年健康数据库数据/7.SHARE 欧洲/SHARE_欧洲/Raw_data/Harmonized SHARE/H_SHARE_f2.dta,metadata mention; manual mapping required
SHARE,weight,stata_label,r6wthh,r6wthh:w6 household analysis weight,/mnt/e/Database/七大老年健康数据库数据/7.SHARE 欧洲/SHARE_欧洲/Raw_data/Harmonized SHARE/H_SHARE_f2.dta,metadata mention; manual mapping required
SHARE,weight,stata_label,r7wthh,r7wthh:w7 household analysis weight,/mnt/e/Database/七大老年健康数据库数据/7.SHARE 欧洲/SHARE_欧洲/Raw_data/Harmonized SHARE/H_SHARE_f2.dta,metadata mention; manual mapping required
SHARE,weight,stata_label,r8wthh,r8wthh:w8 household analysis weight,/mnt/e/Database/七大老年健康数据库数据/7.SHARE 欧洲/SHARE_欧洲/Raw_data/Harmonized SHARE/H_SHARE_f2.dta,metadata mention; manual mapping required
SHARE,weight,stata_label,ral12wthh,ral12wthh:w1-w2 household longitudinal weight,/mnt/e/Database/七大老年健康数据库数据/7.SHARE 欧洲/SHARE_欧洲/Raw_data/Harmonized SHARE/H_SHARE_f2.dta,metadata mention; manual mapping required
SHARE,weight,stata_label,ral23wthh,ral23wthh:w2-w3 household longitudinal weight,/mnt/e/Database/七大老年健康数据库数据/7.SHARE 欧洲/SHARE_欧洲/Raw_data/Harmonized SHARE/H_SHARE_f2.dta,metadata mention; manual mapping required
SHARE,weight,stata_label,ral34wthh,ral34wthh:w3-w4 household longitudinal weight,/mnt/e/Database/七大老年健康数据库数据/7.SHARE 欧洲/SHARE_欧洲/Raw_data/Harmonized SHARE/H_SHARE_f2.dta,metadata mention; manual mapping required
SHARE,weight,stata_label,ral45wthh,ral45wthh:w4-w5 household longitudinal weight,/mnt/e/Database/七大老年健康数据库数据/7.SHARE 欧洲/SHARE_欧洲/Raw_data/Harmonized SHARE/H_SHARE_f2.dta,metadata mention; manual mapping required
SHARE,weight,stata_label,ral56wthh,ral56wthh:w5-w6 household longitudinal weight,/mnt/e/Database/七大老年健康数据库数据/7.SHARE 欧洲/SHARE_欧洲/Raw_data/Harmonized SHARE/H_SHARE_f2.dta,metadata mention; manual mapping required
SHARE,weight,stata_label,ral67wthh,ral67wthh:w6-w7 household longitudinal weight,/mnt/e/Database/七大老年健康数据库数据/7.SHARE 欧洲/SHARE_欧洲/Raw_data/Harmonized SHARE/H_SHARE_f2.dta,metadata mention; manual mapping required
SHARE,weight,stata_label,ral78wthh,ral78wthh:w7-w8 household longitudinal weight,/mnt/e/Database/七大老年健康数据库数据/7.SHARE 欧洲/SHARE_欧洲/Raw_data/Harmonized SHARE/H_SHARE_f2.dta,metadata mention; manual mapping required
SHARE,weight,stata_label,r1wtresp,r1wtresp:w1 person-level analysis weight,/mnt/e/Database/七大老年健康数据库数据/7.SHARE 欧洲/SHARE_欧洲/Raw_data/Harmonized SHARE/H_SHARE_f2.dta,metadata mention; manual mapping required
SHARE,weight,stata_label,r2wtresp,r2wtresp:w2 person-level analysis weight,/mnt/e/Database/七大老年健康数据库数据/7.SHARE 欧洲/SHARE_欧洲/Raw_data/Harmonized SHARE/H_SHARE_f2.dta,metadata mention; manual mapping required
SHARE,weight,stata_label,r4wtresp,r4wtresp:w4 person-level analysis weight,/mnt/e/Database/七大老年健康数据库数据/7.SHARE 欧洲/SHARE_欧洲/Raw_data/Harmonized SHARE/H_SHARE_f2.dta,metadata mention; manual mapping required
SHARE,weight,stata_label,r5wtresp,r5wtresp:w5 person-level analysis weight,/mnt/e/Database/七大老年健康数据库数据/7.SHARE 欧洲/SHARE_欧洲/Raw_data/Harmonized SHARE/H_SHARE_f2.dta,metadata mention; manual mapping required
SHARE,weight,stata_label,r6wtresp,r6wtresp:w6 person-level analysis weight,/mnt/e/Database/七大老年健康数据库数据/7.SHARE 欧洲/SHARE_欧洲/Raw_data/Harmonized SHARE/H_SHARE_f2.dta,metadata mention; manual mapping required
SHARE,weight,stata_label,r7wtresp,r7wtresp:w7 person-level analysis weight,/mnt/e/Database/七大老年健康数据库数据/7.SHARE 欧洲/SHARE_欧洲/Raw_data/Harmonized SHARE/H_SHARE_f2.dta,metadata mention; manual mapping required
SHARE,weight,stata_label,r8wtresp,r8wtresp:w8 person-level analysis weight,/mnt/e/Database/七大老年健康数据库数据/7.SHARE 欧洲/SHARE_欧洲/Raw_data/Harmonized SHARE/H_SHARE_f2.dta,metadata mention; manual mapping required
SHARE,weight,stata_label,r7wtrespc,r7wtrespc:w7 person-level analysis weight condensed qstnr,/mnt/e/Database/七大老年健康数据库数据/7.SHARE 欧洲/SHARE_欧洲/Raw_data/Harmonized SHARE/H_SHARE_f2.dta,metadata mention; manual mapping required
SHARE,weight,stata_label,ral12wtrsp,ral12wtrsp:w1-w2 person-level longitudinal weight,/mnt/e/Database/七大老年健康数据库数据/7.SHARE 欧洲/SHARE_欧洲/Raw_data/Harmonized SHARE/H_SHARE_f2.dta,metadata mention; manual mapping required
SHARE,weight,stata_label,ral23wtrsp,ral23wtrsp:w2-w3 person-level longitudinal weight,/mnt/e/Database/七大老年健康数据库数据/7.SHARE 欧洲/SHARE_欧洲/Raw_data/Harmonized SHARE/H_SHARE_f2.dta,metadata mention; manual mapping required
SHARE,weight,stata_label,ral34wtrsp,ral34wtrsp:w3-w4 person-level longitudinal weight,/mnt/e/Database/七大老年健康数据库数据/7.SHARE 欧洲/SHARE_欧洲/Raw_data/Harmonized SHARE/H_SHARE_f2.dta,metadata mention; manual mapping required
SHARE,weight,stata_label,ral45wtrsp,ral45wtrsp:w4-w5 person-level longitudinal weight,/mnt/e/Database/七大老年健康数据库数据/7.SHARE 欧洲/SHARE_欧洲/Raw_data/Harmonized SHARE/H_SHARE_f2.dta,metadata mention; manual mapping required
SHARE,weight,stata_label,ral56wtrsp,ral56wtrsp:w5-w6 person-level longitudinal weight,/mnt/e/Database/七大老年健康数据库数据/7.SHARE 欧洲/SHARE_欧洲/Raw_data/Harmonized SHARE/H_SHARE_f2.dta,metadata mention; manual mapping required
SHARE,weight,stata_label,ral67wtrsp,ral67wtrsp:w6-w7 person-level longitudinal weight,/mnt/e/Database/七大老年健康数据库数据/7.SHARE 欧洲/SHARE_欧洲/Raw_data/Harmonized SHARE/H_SHARE_f2.dta,metadata mention; manual mapping required
SHARE,weight,stata_label,ral78wtrsp,ral78wtrsp:w7-w8 person-level longitudinal weight,/mnt/e/Database/七大老年健康数据库数据/7.SHARE 欧洲/SHARE_欧洲/Raw_data/Harmonized SHARE/H_SHARE_f2.dta,metadata mention; manual mapping required
SHARE,weight,stata_label,r1weight,r1weight:w1 R Weight in kilograms,/mnt/e/Database/七大老年健康数据库数据/7.SHARE 欧洲/SHARE_欧洲/Raw_data/Harmonized SHARE/H_SHARE_f2.dta,metadata mention; manual mapping required
SHARE,weight,stata_label,r2weight,r2weight:w2 R Weight in kilograms,/mnt/e/Database/七大老年健康数据库数据/7.SHARE 欧洲/SHARE_欧洲/Raw_data/Harmonized SHARE/H_SHARE_f2.dta,metadata mention; manual mapping required
SHARE,weight,stata_label,r4weight,r4weight:w4 R Weight in kilograms,/mnt/e/Database/七大老年健康数据库数据/7.SHARE 欧洲/SHARE_欧洲/Raw_data/Harmonized SHARE/H_SHARE_f2.dta,metadata mention; manual mapping required
SHARE,weight,stata_label,r5weight,r5weight:w5 R Weight in kilograms,/mnt/e/Database/七大老年健康数据库数据/7.SHARE 欧洲/SHARE_欧洲/Raw_data/Harmonized SHARE/H_SHARE_f2.dta,metadata mention; manual mapping required
SHARE,weight,stata_label,r6weight,r6weight:w6 R Weight in kilograms,/mnt/e/Database/七大老年健康数据库数据/7.SHARE 欧洲/SHARE_欧洲/Raw_data/Harmonized SHARE/H_SHARE_f2.dta,metadata mention; manual mapping required
SHARE,weight,stata_label,r7weight,r7weight:w7 R Weight in kilograms,/mnt/e/Database/七大老年健康数据库数据/7.SHARE 欧洲/SHARE_欧洲/Raw_data/Harmonized SHARE/H_SHARE_f2.dta,metadata mention; manual mapping required
SHARE,weight,stata_label,r8weight,r8weight:w8 R Weight in kilograms,/mnt/e/Database/七大老年健康数据库数据/7.SHARE 欧洲/SHARE_欧洲/Raw_data/Harmonized SHARE/H_SHARE_f2.dta,metadata mention; manual mapping required
SHARE,weight,stata_label,s1weight,s1weight:w1 S Weight in kilograms,/mnt/e/Database/七大老年健康数据库数据/7.SHARE 欧洲/SHARE_欧洲/Raw_data/Harmonized SHARE/H_SHARE_f2.dta,metadata mention; manual mapping required
SHARE,weight,stata_label,s2weight,s2weight:w2 S Weight in kilograms,/mnt/e/Database/七大老年健康数据库数据/7.SHARE 欧洲/SHARE_欧洲/Raw_data/Harmonized SHARE/H_SHARE_f2.dta,metadata mention; manual mapping required
SHARE,weight,stata_label,s4weight,s4weight:w4 S Weight in kilograms,/mnt/e/Database/七大老年健康数据库数据/7.SHARE 欧洲/SHARE_欧洲/Raw_data/Harmonized SHARE/H_SHARE_f2.dta,metadata mention; manual mapping required
SHARE,weight,stata_label,s5weight,s5weight:w5 S Weight in kilograms,/mnt/e/Database/七大老年健康数据库数据/7.SHARE 欧洲/SHARE_欧洲/Raw_data/Harmonized SHARE/H_SHARE_f2.dta,metadata mention; manual mapping required
SHARE,weight,stata_label,s6weight,s6weight:w6 S Weight in kilograms,/mnt/e/Database/七大老年健康数据库数据/7.SHARE 欧洲/SHARE_欧洲/Raw_data/Harmonized SHARE/H_SHARE_f2.dta,metadata mention; manual mapping required
SHARE,weight,stata_label,s7weight,s7weight:w7 S Weight in kilograms,/mnt/e/Database/七大老年健康数据库数据/7.SHARE 欧洲/SHARE_欧洲/Raw_data/Harmonized SHARE/H_SHARE_f2.dta,metadata mention; manual mapping required
SHARE,weight,stata_label,s8weight,s8weight:w8 S Weight in kilograms,/mnt/e/Database/七大老年健康数据库数据/7.SHARE 欧洲/SHARE_欧洲/Raw_data/Harmonized SHARE/H_SHARE_f2.dta,metadata mention; manual mapping required
SHARE,weight,stata_label,r1wtsamp,r1wtsamp:w1 design weight,/mnt/e/Database/七大老年健康数据库数据/7.SHARE 欧洲/SHARE_欧洲/Raw_data/Harmonized SHARE/H_SHARE_备用.dta,metadata mention; manual mapping required
SHARE,weight,stata_label,r2wtsamp,r2wtsamp:w2 design weight,/mnt/e/Database/七大老年健康数据库数据/7.SHARE 欧洲/SHARE_欧洲/Raw_data/Harmonized SHARE/H_SHARE_备用.dta,metadata mention; manual mapping required
SHARE,weight,stata_label,r3wtsamp,r3wtsamp:w3 design weight,/mnt/e/Database/七大老年健康数据库数据/7.SHARE 欧洲/SHARE_欧洲/Raw_data/Harmonized SHARE/H_SHARE_备用.dta,metadata mention; manual mapping required
SHARE,weight,stata_label,r4wtsamp,r4wtsamp:w4 design weight,/mnt/e/Database/七大老年健康数据库数据/7.SHARE 欧洲/SHARE_欧洲/Raw_data/Harmonized SHARE/H_SHARE_备用.dta,metadata mention; manual mapping required
SHARE,weight,stata_label,r5wtsamp,r5wtsamp:w5 design weight,/mnt/e/Database/七大老年健康数据库数据/7.SHARE 欧洲/SHARE_欧洲/Raw_data/Harmonized SHARE/H_SHARE_备用.dta,metadata mention; manual mapping required
SHARE,weight,stata_label,r6wtsamp,r6wtsamp:w6 design weight,/mnt/e/Database/七大老年健康数据库数据/7.SHARE 欧洲/SHARE_欧洲/Raw_data/Harmonized SHARE/H_SHARE_备用.dta,metadata mention; manual mapping required
SHARE,weight,stata_label,r7wtsamp,r7wtsamp:w7 design weight,/mnt/e/Database/七大老年健康数据库数据/7.SHARE 欧洲/SHARE_欧洲/Raw_data/Harmonized SHARE/H_SHARE_备用.dta,metadata mention; manual mapping required
SHARE,weight,stata_label,r8wtsamp,r8wtsamp:w8 design weight,/mnt/e/Database/七大老年健康数据库数据/7.SHARE 欧洲/SHARE_欧洲/Raw_data/Harmonized SHARE/H_SHARE_备用.dta,metadata mention; manual mapping required
SHARE,psu,stata_label,rapsu1,rapsu1: primary sampling unit,/mnt/e/Database/七大老年健康数据库数据/7.SHARE 欧洲/SHARE_欧洲/Raw_data/Harmonized SHARE/H_SHARE_备用.dta,metadata mention; manual mapping required
SHARE,psu,stata_label,rapsu2,rapsu2: secondary sampling unit,/mnt/e/Database/七大老年健康数据库数据/7.SHARE 欧洲/SHARE_欧洲/Raw_data/Harmonized SHARE/H_SHARE_备用.dta,metadata mention; manual mapping required
SHARE,strata,stata_label,raestrat1,raestrat1: first stratification variable,/mnt/e/Database/七大老年健康数据库数据/7.SHARE 欧洲/SHARE_欧洲/Raw_data/Harmonized SHARE/H_SHARE_备用.dta,metadata mention; manual mapping required
SHARE,strata,stata_label,raestrat2,raestrat2: second stratification variable,/mnt/e/Database/七大老年健康数据库数据/7.SHARE 欧洲/SHARE_欧洲/Raw_data/Harmonized SHARE/H_SHARE_备用.dta,metadata mention; manual mapping required
SHARE,weight,stata_label,r1wthh,r1wthh:w1 household analysis weight,/mnt/e/Database/七大老年健康数据库数据/7.SHARE 欧洲/SHARE_欧洲/Raw_data/Harmonized SHARE/H_SHARE_备用.dta,metadata mention; manual mapping required
SHARE,weight,stata_label,r2wthh,r2wthh:w2 household analysis weight,/mnt/e/Database/七大老年健康数据库数据/7.SHARE 欧洲/SHARE_欧洲/Raw_data/Harmonized SHARE/H_SHARE_备用.dta,metadata mention; manual mapping required
SHARE,weight,stata_label,r4wthh,r4wthh:w4 household analysis weight,/mnt/e/Database/七大老年健康数据库数据/7.SHARE 欧洲/SHARE_欧洲/Raw_data/Harmonized SHARE/H_SHARE_备用.dta,metadata mention; manual mapping required
SHARE,weight,stata_label,r5wthh,r5wthh:w5 household analysis weight,/mnt/e/Database/七大老年健康数据库数据/7.SHARE 欧洲/SHARE_欧洲/Raw_data/Harmonized SHARE/H_SHARE_备用.dta,metadata mention; manual mapping required
SHARE,weight,stata_label,r6wthh,r6wthh:w6 household analysis weight,/mnt/e/Database/七大老年健康数据库数据/7.SHARE 欧洲/SHARE_欧洲/Raw_data/Harmonized SHARE/H_SHARE_备用.dta,metadata mention; manual mapping required
SHARE,weight,stata_label,r7wthh,r7wthh:w7 household analysis weight,/mnt/e/Database/七大老年健康数据库数据/7.SHARE 欧洲/SHARE_欧洲/Raw_data/Harmonized SHARE/H_SHARE_备用.dta,metadata mention; manual mapping required
SHARE,weight,stata_label,r8wthh,r8wthh:w8 household analysis weight,/mnt/e/Database/七大老年健康数据库数据/7.SHARE 欧洲/SHARE_欧洲/Raw_data/Harmonized SHARE/H_SHARE_备用.dta,metadata mention; manual mapping required
SHARE,weight,stata_label,ral12wthh,ral12wthh:w1-w2 household longitudinal weight,/mnt/e/Database/七大老年健康数据库数据/7.SHARE 欧洲/SHARE_欧洲/Raw_data/Harmonized SHARE/H_SHARE_备用.dta,metadata mention; manual mapping required
SHARE,weight,stata_label,ral23wthh,ral23wthh:w2-w3 household longitudinal weight,/mnt/e/Database/七大老年健康数据库数据/7.SHARE 欧洲/SHARE_欧洲/Raw_data/Harmonized SHARE/H_SHARE_备用.dta,metadata mention; manual mapping required
SHARE,weight,stata_label,ral34wthh,ral34wthh:w3-w4 household longitudinal weight,/mnt/e/Database/七大老年健康数据库数据/7.SHARE 欧洲/SHARE_欧洲/Raw_data/Harmonized SHARE/H_SHARE_备用.dta,metadata mention; manual mapping required
SHARE,weight,stata_label,ral45wthh,ral45wthh:w4-w5 household longitudinal weight,/mnt/e/Database/七大老年健康数据库数据/7.SHARE 欧洲/SHARE_欧洲/Raw_data/Harmonized SHARE/H_SHARE_备用.dta,metadata mention; manual mapping required
SHARE,weight,stata_label,ral56wthh,ral56wthh:w5-w6 household longitudinal weight,/mnt/e/Database/七大老年健康数据库数据/7.SHARE 欧洲/SHARE_欧洲/Raw_data/Harmonized SHARE/H_SHARE_备用.dta,metadata mention; manual mapping required
SHARE,weight,stata_label,ral67wthh,ral67wthh:w6-w7 household longitudinal weight,/mnt/e/Database/七大老年健康数据库数据/7.SHARE 欧洲/SHARE_欧洲/Raw_data/Harmonized SHARE/H_SHARE_备用.dta,metadata mention; manual mapping required
SHARE,weight,stata_label,ral78wthh,ral78wthh:w7-w8 household longitudinal weight,/mnt/e/Database/七大老年健康数据库数据/7.SHARE 欧洲/SHARE_欧洲/Raw_data/Harmonized SHARE/H_SHARE_备用.dta,metadata mention; manual mapping required
SHARE,weight,stata_label,r1wtresp,r1wtresp:w1 person-level analysis weight,/mnt/e/Database/七大老年健康数据库数据/7.SHARE 欧洲/SHARE_欧洲/Raw_data/Harmonized SHARE/H_SHARE_备用.dta,metadata mention; manual mapping required
SHARE,weight,stata_label,r2wtresp,r2wtresp:w2 person-level analysis weight,/mnt/e/Database/七大老年健康数据库数据/7.SHARE 欧洲/SHARE_欧洲/Raw_data/Harmonized SHARE/H_SHARE_备用.dta,metadata mention; manual mapping required
SHARE,weight,stata_label,r4wtresp,r4wtresp:w4 person-level analysis weight,/mnt/e/Database/七大老年健康数据库数据/7.SHARE 欧洲/SHARE_欧洲/Raw_data/Harmonized SHARE/H_SHARE_备用.dta,metadata mention; manual mapping required
SHARE,weight,stata_label,r5wtresp,r5wtresp:w5 person-level analysis weight,/mnt/e/Database/七大老年健康数据库数据/7.SHARE 欧洲/SHARE_欧洲/Raw_data/Harmonized SHARE/H_SHARE_备用.dta,metadata mention; manual mapping required
SHARE,weight,stata_label,r6wtresp,r6wtresp:w6 person-level analysis weight,/mnt/e/Database/七大老年健康数据库数据/7.SHARE 欧洲/SHARE_欧洲/Raw_data/Harmonized SHARE/H_SHARE_备用.dta,metadata mention; manual mapping required
SHARE,weight,stata_label,r7wtresp,r7wtresp:w7 person-level analysis weight,/mnt/e/Database/七大老年健康数据库数据/7.SHARE 欧洲/SHARE_欧洲/Raw_data/Harmonized SHARE/H_SHARE_备用.dta,metadata mention; manual mapping required
SHARE,weight,stata_label,r8wtresp,r8wtresp:w8 person-level analysis weight,/mnt/e/Database/七大老年健康数据库数据/7.SHARE 欧洲/SHARE_欧洲/Raw_data/Harmonized SHARE/H_SHARE_备用.dta,metadata mention; manual mapping required
SHARE,weight,stata_label,r7wtrespc,r7wtrespc:w7 person-level analysis weight condensed qstnr,/mnt/e/Database/七大老年健康数据库数据/7.SHARE 欧洲/SHARE_欧洲/Raw_data/Harmonized SHARE/H_SHARE_备用.dta,metadata mention; manual mapping required
SHARE,weight,stata_label,ral12wtrsp,ral12wtrsp:w1-w2 person-level longitudinal weight,/mnt/e/Database/七大老年健康数据库数据/7.SHARE 欧洲/SHARE_欧洲/Raw_data/Harmonized SHARE/H_SHARE_备用.dta,metadata mention; manual mapping required
SHARE,weight,stata_label,ral23wtrsp,ral23wtrsp:w2-w3 person-level longitudinal weight,/mnt/e/Database/七大老年健康数据库数据/7.SHARE 欧洲/SHARE_欧洲/Raw_data/Harmonized SHARE/H_SHARE_备用.dta,metadata mention; manual mapping required
SHARE,weight,stata_label,ral34wtrsp,ral34wtrsp:w3-w4 person-level longitudinal weight,/mnt/e/Database/七大老年健康数据库数据/7.SHARE 欧洲/SHARE_欧洲/Raw_data/Harmonized SHARE/H_SHARE_备用.dta,metadata mention; manual mapping required
SHARE,weight,stata_label,ral45wtrsp,ral45wtrsp:w4-w5 person-level longitudinal weight,/mnt/e/Database/七大老年健康数据库数据/7.SHARE 欧洲/SHARE_欧洲/Raw_data/Harmonized SHARE/H_SHARE_备用.dta,metadata mention; manual mapping required
SHARE,weight,stata_label,ral56wtrsp,ral56wtrsp:w5-w6 person-level longitudinal weight,/mnt/e/Database/七大老年健康数据库数据/7.SHARE 欧洲/SHARE_欧洲/Raw_data/Harmonized SHARE/H_SHARE_备用.dta,metadata mention; manual mapping required
SHARE,weight,stata_label,ral67wtrsp,ral67wtrsp:w6-w7 person-level longitudinal weight,/mnt/e/Database/七大老年健康数据库数据/7.SHARE 欧洲/SHARE_欧洲/Raw_data/Harmonized SHARE/H_SHARE_备用.dta,metadata mention; manual mapping required
SHARE,weight,stata_label,ral78wtrsp,ral78wtrsp:w7-w8 person-level longitudinal weight,/mnt/e/Database/七大老年健康数据库数据/7.SHARE 欧洲/SHARE_欧洲/Raw_data/Harmonized SHARE/H_SHARE_备用.dta,metadata mention; manual mapping required
SHARE,weight,stata_label,r1weight,r1weight:w1 R Weight in kilograms,/mnt/e/Database/七大老年健康数据库数据/7.SHARE 欧洲/SHARE_欧洲/Raw_data/Harmonized SHARE/H_SHARE_备用.dta,metadata mention; manual mapping required
SHARE,weight,stata_label,r2weight,r2weight:w2 R Weight in kilograms,/mnt/e/Database/七大老年健康数据库数据/7.SHARE 欧洲/SHARE_欧洲/Raw_data/Harmonized SHARE/H_SHARE_备用.dta,metadata mention; manual mapping required
SHARE,weight,stata_label,r4weight,r4weight:w4 R Weight in kilograms,/mnt/e/Database/七大老年健康数据库数据/7.SHARE 欧洲/SHARE_欧洲/Raw_data/Harmonized SHARE/H_SHARE_备用.dta,metadata mention; manual mapping required
SHARE,weight,stata_label,r5weight,r5weight:w5 R Weight in kilograms,/mnt/e/Database/七大老年健康数据库数据/7.SHARE 欧洲/SHARE_欧洲/Raw_data/Harmonized SHARE/H_SHARE_备用.dta,metadata mention; manual mapping required
SHARE,weight,stata_label,r6weight,r6weight:w6 R Weight in kilograms,/mnt/e/Database/七大老年健康数据库数据/7.SHARE 欧洲/SHARE_欧洲/Raw_data/Harmonized SHARE/H_SHARE_备用.dta,metadata mention; manual mapping required
SHARE,weight,stata_label,r7weight,r7weight:w7 R Weight in kilograms,/mnt/e/Database/七大老年健康数据库数据/7.SHARE 欧洲/SHARE_欧洲/Raw_data/Harmonized SHARE/H_SHARE_备用.dta,metadata mention; manual mapping required
SHARE,weight,stata_label,r8weight,r8weight:w8 R Weight in kilograms,/mnt/e/Database/七大老年健康数据库数据/7.SHARE 欧洲/SHARE_欧洲/Raw_data/Harmonized SHARE/H_SHARE_备用.dta,metadata mention; manual mapping required
SHARE,weight,stata_label,s1weight,s1weight:w1 S Weight in kilograms,/mnt/e/Database/七大老年健康数据库数据/7.SHARE 欧洲/SHARE_欧洲/Raw_data/Harmonized SHARE/H_SHARE_备用.dta,metadata mention; manual mapping required
SHARE,weight,stata_label,s2weight,s2weight:w2 S Weight in kilograms,/mnt/e/Database/七大老年健康数据库数据/7.SHARE 欧洲/SHARE_欧洲/Raw_data/Harmonized SHARE/H_SHARE_备用.dta,metadata mention; manual mapping required
SHARE,weight,stata_label,s4weight,s4weight:w4 S Weight in kilograms,/mnt/e/Database/七大老年健康数据库数据/7.SHARE 欧洲/SHARE_欧洲/Raw_data/Harmonized SHARE/H_SHARE_备用.dta,metadata mention; manual mapping required
SHARE,weight,stata_label,s5weight,s5weight:w5 S Weight in kilograms,/mnt/e/Database/七大老年健康数据库数据/7.SHARE 欧洲/SHARE_欧洲/Raw_data/Harmonized SHARE/H_SHARE_备用.dta,metadata mention; manual mapping required
SHARE,weight,stata_label,s6weight,s6weight:w6 S Weight in kilograms,/mnt/e/Database/七大老年健康数据库数据/7.SHARE 欧洲/SHARE_欧洲/Raw_data/Harmonized SHARE/H_SHARE_备用.dta,metadata mention; manual mapping required
SHARE,weight,stata_label,s7weight,s7weight:w7 S Weight in kilograms,/mnt/e/Database/七大老年健康数据库数据/7.SHARE 欧洲/SHARE_欧洲/Raw_data/Harmonized SHARE/H_SHARE_备用.dta,metadata mention; manual mapping required
SHARE,weight,stata_label,s8weight,s8weight:w8 S Weight in kilograms,/mnt/e/Database/七大老年健康数据库数据/7.SHARE 欧洲/SHARE_欧洲/Raw_data/Harmonized SHARE/H_SHARE_备用.dta,metadata mention; manual mapping required
CHARLS,weight,codebook_or_dofile_text,line 26,"merge 1:1 ID using ""$raw_data\2011charls\weight.dta"",keep(1 3) nogen nolabel",/mnt/e/Database/七大老年健康数据库数据/1. CHARLS  中国/CHARLS_中国/Dofiles/no.1_charls_11.do,text mention; manual mapping required
CHARLS,weight,codebook_or_dofile_text,line 21,"merge 1:1 ID using ""$raw_data/2020charls/Weights.dta"",nogen nolabel",/mnt/e/Database/七大老年健康数据库数据/1. CHARLS  中国/CHARLS_中国/Dofiles/no.5_charls_20.do,text mention; manual mapping required
CHARLS,psu,codebook_or_dofile_text,line 26,"merge m:1 communityID using ""$raw_data/2011charls/psu.dta"",keep(1 3) nogen nolabel",/mnt/e/Database/七大老年健康数据库数据/1. CHARLS  中国/CHARLS_中国/Dofiles/no.5_charls_20.do,text mention; manual mapping required
CHARLS,psu,codebook_or_dofile_text,line 25,"merge m:1 communityID using ""$raw_data\2013charls\PSU.dta"",nogen nolabel",/mnt/e/Database/七大老年健康数据库数据/1. CHARLS  中国/CHARLS_中国/Dofiles/no.6_数据合并.do,text mention; manual mapping required
CHARLS,weight,codebook_or_dofile_text,line 28,"global wave_1_weight		""`inputw1'/weight""",/mnt/e/Database/七大老年健康数据库数据/1. CHARLS  中国/CHARLS_中国/Raw_data/Harmonized_CHARLS_C/H_CHARLS_C_do_file.do,text mention; manual mapping required
CHARLS,psu,codebook_or_dofile_text,line 36,"global wave_1_psu			""`inputw1'/psu""",/mnt/e/Database/七大老年健康数据库数据/1. CHARLS  中国/CHARLS_中国/Raw_data/Harmonized_CHARLS_C/H_CHARLS_C_do_file.do,text mention; manual mapping required
CHARLS,weight,codebook_or_dofile_text,line 46,"global wave_2_weight 		""`inputw2'/Weights""",/mnt/e/Database/七大老年健康数据库数据/1. CHARLS  中国/CHARLS_中国/Raw_data/Harmonized_CHARLS_C/H_CHARLS_C_do_file.do,text mention; manual mapping required
CHARLS,psu,codebook_or_dofile_text,line 53,"global wave_2_psu			""`inputw2'/PSU""",/mnt/e/Database/七大老年健康数据库数据/1. CHARLS  中国/CHARLS_中国/Raw_data/Harmonized_CHARLS_C/H_CHARLS_C_do_file.do,text mention; manual mapping required
CHARLS,weight,codebook_or_dofile_text,line 76,"global wave_4_weight		""`inputw4'/Weights""",/mnt/e/Database/七大老年健康数据库数据/1. CHARLS  中国/CHARLS_中国/Raw_data/Harmonized_CHARLS_C/H_CHARLS_C_do_file.do,text mention; manual mapping required
CHARLS,weight,codebook_or_dofile_text,line 535,***Prepare Wave 2 Demog Weight file for merging,/mnt/e/Database/七大老年健康数据库数据/1. CHARLS  中国/CHARLS_中国/Raw_data/Harmonized_CHARLS_C/H_CHARLS_C_do_file.do,text mention; manual mapping required
CHARLS,weight,codebook_or_dofile_text,line 920,***merge with weight file***,/mnt/e/Database/七大老年健康数据库数据/1. CHARLS  中国/CHARLS_中国/Raw_data/Harmonized_CHARLS_C/H_CHARLS_C_do_file.do,text mention; manual mapping required
CHARLS,psu,codebook_or_dofile_text,line 934,***merge with psu file***,/mnt/e/Database/七大老年健康数据库数据/1. CHARLS  中国/CHARLS_中国/Raw_data/Harmonized_CHARLS_C/H_CHARLS_C_do_file.do,text mention; manual mapping required
CHARLS,weight,codebook_or_dofile_text,line 989,***Household weight without non-response adjustment***,/mnt/e/Database/七大老年健康数据库数据/1. CHARLS  中国/CHARLS_中国/Raw_data/Harmonized_CHARLS_C/H_CHARLS_C_do_file.do,text mention; manual mapping required
CHARLS,weight,codebook_or_dofile_text,line 991,"label variable r`wv'wthh ""r`wv'wthh:w`wv' Household weight without non-response adjustment""",/mnt/e/Database/七大老年健康数据库数据/1. CHARLS  中国/CHARLS_中国/Raw_data/Harmonized_CHARLS_C/H_CHARLS_C_do_file.do,text mention; manual mapping required
CHARLS,weight,codebook_or_dofile_text,line 993,***Household weight with non-response adjustment***,/mnt/e/Database/七大老年健康数据库数据/1. CHARLS  中国/CHARLS_中国/Raw_data/Harmonized_CHARLS_C/H_CHARLS_C_do_file.do,text mention; manual mapping required
CHARLS,weight,codebook_or_dofile_text,line 995,"label variable r`wv'wthha ""r`wv'wthha:w`wv' Household weight with non-response adjustment""",/mnt/e/Database/七大老年健康数据库数据/1. CHARLS  中国/CHARLS_中国/Raw_data/Harmonized_CHARLS_C/H_CHARLS_C_do_file.do,text mention; manual mapping required
CHARLS,weight,codebook_or_dofile_text,line 997,***Individual weight without non-response adjustment***,/mnt/e/Database/七大老年健康数据库数据/1. CHARLS  中国/CHARLS_中国/Raw_data/Harmonized_CHARLS_C/H_CHARLS_C_do_file.do,text mention; manual mapping required
CHARLS,weight,codebook_or_dofile_text,line 998,gen r`wv'wtresp = ind_weight  if inw1==1,/mnt/e/Database/七大老年健康数据库数据/1. CHARLS  中国/CHARLS_中国/Raw_data/Harmonized_CHARLS_C/H_CHARLS_C_do_file.do,text mention; manual mapping required
CHARLS,weight,codebook_or_dofile_text,line 999,"label variable r`wv'wtresp ""r`wv'wtresp:w`wv' Individual weight without non-response adjustment""",/mnt/e/Database/七大老年健康数据库数据/1. CHARLS  中国/CHARLS_中国/Raw_data/Harmonized_CHARLS_C/H_CHARLS_C_do_file.do,text mention; manual mapping required
CHARLS,weight,codebook_or_dofile_text,line 1002,***Individual weight with HH non-response adjustment****,/mnt/e/Database/七大老年健康数据库数据/1. CHARLS  中国/CHARLS_中国/Raw_data/Harmonized_CHARLS_C/H_CHARLS_C_do_file.do,text mention; manual mapping required
CHARLS,weight,codebook_or_dofile_text,line 1004,"label var r`wv'wtrespa ""r`wv'wtrespa:w`wv' Individual weight with HH non-response adjustment""",/mnt/e/Database/七大老年健康数据库数据/1. CHARLS  中国/CHARLS_中国/Raw_data/Harmonized_CHARLS_C/H_CHARLS_C_do_file.do,text mention; manual mapping required
CHARLS,weight,codebook_or_dofile_text,line 1006,***Individual weight with HH/Ind non-response adjustment,/mnt/e/Database/七大老年健康数据库数据/1. CHARLS  中国/CHARLS_中国/Raw_data/Harmonized_CHARLS_C/H_CHARLS_C_do_file.do,text mention; manual mapping required
CHARLS,weight,codebook_or_dofile_text,line 1008,"label var r`wv'wtrespb ""r`wv'wtrespb:w`wv' Individual weight with HH/Ind non-response adjustment""",/mnt/e/Database/七大老年健康数据库数据/1. CHARLS  中国/CHARLS_中国/Raw_data/Harmonized_CHARLS_C/H_CHARLS_C_do_file.do,text mention; manual mapping required
CHARLS,weight,codebook_or_dofile_text,line 1010,***Individual biomarker weight with HH non-response adjustment***,/mnt/e/Database/七大老年健康数据库数据/1. CHARLS  中国/CHARLS_中国/Raw_data/Harmonized_CHARLS_C/H_CHARLS_C_do_file.do,text mention; manual mapping required
CHARLS,weight,codebook_or_dofile_text,line 1012,"label var r`wv'wtrespbioa ""r`wv'wtrespbioa:w`wv' Individual biomarker weight with HH non-response adjustment""",/mnt/e/Database/七大老年健康数据库数据/1. CHARLS  中国/CHARLS_中国/Raw_data/Harmonized_CHARLS_C/H_CHARLS_C_do_file.do,text mention; manual mapping required
CHARLS,weight,codebook_or_dofile_text,line 1014,***Individual biomarker weight with HH/Ind non-response adjustment***,/mnt/e/Database/七大老年健康数据库数据/1. CHARLS  中国/CHARLS_中国/Raw_data/Harmonized_CHARLS_C/H_CHARLS_C_do_file.do,text mention; manual mapping required
CHARLS,weight,codebook_or_dofile_text,line 1016,"label var r`wv'wtrespbiob ""r`wv'wtrespbiob:w`wv' Individual biomarker weight with HH/Ind non-response adjustment""",/mnt/e/Database/七大老年健康数据库数据/1. CHARLS  中国/CHARLS_中国/Raw_data/Harmonized_CHARLS_C/H_CHARLS_C_do_file.do,text mention; manual mapping required
CHARLS,weight,codebook_or_dofile_text,line 1292,****drop CHARLs weight raw variables***,/mnt/e/Database/七大老年健康数据库数据/1. CHARLS  中国/CHARLS_中国/Raw_data/Harmonized_CHARLS_C/H_CHARLS_C_do_file.do,text mention; manual mapping required
CHARLS,psu,codebook_or_dofile_text,line 1298,****drop CHARLs psu raw variables***,/mnt/e/Database/七大老年健康数据库数据/1. CHARLS  中国/CHARLS_中国/Raw_data/Harmonized_CHARLS_C/H_CHARLS_C_do_file.do,text mention; manual mapping required
CHARLS,weight,codebook_or_dofile_text,line 1339,***merge with weight file***,/mnt/e/Database/七大老年健康数据库数据/1. CHARLS  中国/CHARLS_中国/Raw_data/Harmonized_CHARLS_C/H_CHARLS_C_do_file.do,text mention; manual mapping required
CHARLS,psu,codebook_or_dofile_text,line 1346,***merge with psu file***,/mnt/e/Database/七大老年健康数据库数据/1. CHARLS  中国/CHARLS_中国/Raw_data/Harmonized_CHARLS_C/H_CHARLS_C_do_file.do,text mention; manual mapping required
CHARLS,weight,codebook_or_dofile_text,line 1539,***Household weight without non-response adjustment***,/mnt/e/Database/七大老年健康数据库数据/1. CHARLS  中国/CHARLS_中国/Raw_data/Harmonized_CHARLS_C/H_CHARLS_C_do_file.do,text mention; manual mapping required
CHARLS,weight,codebook_or_dofile_text,line 1542,"label variable r`wv'wthh ""r`wv'wthh:w`wv' Household weight without non-response adjustment""",/mnt/e/Database/七大老年健康数据库数据/1. CHARLS  中国/CHARLS_中国/Raw_data/Harmonized_CHARLS_C/H_CHARLS_C_do_file.do,text mention; manual mapping required
CHARLS,weight,codebook_or_dofile_text,line 1544,***Household weight with non-response adjustment***,/mnt/e/Database/七大老年健康数据库数据/1. CHARLS  中国/CHARLS_中国/Raw_data/Harmonized_CHARLS_C/H_CHARLS_C_do_file.do,text mention; manual mapping required
CHARLS,weight,codebook_or_dofile_text,line 1547,"label variable r`wv'wthha ""r`wv'wthha:w`wv' Household weight with non-response adjustment""",/mnt/e/Database/七大老年健康数据库数据/1. CHARLS  中国/CHARLS_中国/Raw_data/Harmonized_CHARLS_C/H_CHARLS_C_do_file.do,text mention; manual mapping required
CHARLS,weight,codebook_or_dofile_text,line 1549,***Household longitudinal weight ***,/mnt/e/Database/七大老年健康数据库数据/1. CHARLS  中国/CHARLS_中国/Raw_data/Harmonized_CHARLS_C/H_CHARLS_C_do_file.do,text mention; manual mapping required
CHARLS,weight,codebook_or_dofile_text,line 1552,"label variable r`wv'wthhl ""r`wv'wthhl:w`wv' Household longitudinal weight""",/mnt/e/Database/七大老年健康数据库数据/1. CHARLS  中国/CHARLS_中国/Raw_data/Harmonized_CHARLS_C/H_CHARLS_C_do_file.do,text mention; manual mapping required
CHARLS,weight,codebook_or_dofile_text,line 1554,***Individual weight without non-response adjustment***,/mnt/e/Database/七大老年健康数据库数据/1. CHARLS  中国/CHARLS_中国/Raw_data/Harmonized_CHARLS_C/H_CHARLS_C_do_file.do,text mention; manual mapping required
CHARLS,weight,codebook_or_dofile_text,line 1556,gen r`wv'wtresp = INDV_weight   if inw`wv' ==1,/mnt/e/Database/七大老年健康数据库数据/1. CHARLS  中国/CHARLS_中国/Raw_data/Harmonized_CHARLS_C/H_CHARLS_C_do_file.do,text mention; manual mapping required
CHARLS,weight,codebook_or_dofile_text,line 1557,"label variable r`wv'wtresp ""r`wv'wtresp:w`wv' Individual weight without non-response adjustment""",/mnt/e/Database/七大老年健康数据库数据/1. CHARLS  中国/CHARLS_中国/Raw_data/Harmonized_CHARLS_C/H_CHARLS_C_do_file.do,text mention; manual mapping required
CHARLS,weight,codebook_or_dofile_text,line 1559,***Individual weight with HH non-response adjustment****,/mnt/e/Database/七大老年健康数据库数据/1. CHARLS  中国/CHARLS_中国/Raw_data/Harmonized_CHARLS_C/H_CHARLS_C_do_file.do,text mention; manual mapping required
CHARLS,weight,codebook_or_dofile_text,line 1562,"label var r`wv'wtrespa ""r`wv'wtrespa:w`wv' Individual weight with HH non-response adjustment""",/mnt/e/Database/七大老年健康数据库数据/1. CHARLS  中国/CHARLS_中国/Raw_data/Harmonized_CHARLS_C/H_CHARLS_C_do_file.do,text mention; manual mapping required
CHARLS,weight,codebook_or_dofile_text,line 1564,***Individual weight with HH/Ind non-response adjustment,/mnt/e/Database/七大老年健康数据库数据/1. CHARLS  中国/CHARLS_中国/Raw_data/Harmonized_CHARLS_C/H_CHARLS_C_do_file.do,text mention; manual mapping required
CHARLS,weight,codebook_or_dofile_text,line 1566,"label var r`wv'wtrespb ""r`wv'wtrespb:w`wv' Individual weight with HH/Ind non-response adjustment""",/mnt/e/Database/七大老年健康数据库数据/1. CHARLS  中国/CHARLS_中国/Raw_data/Harmonized_CHARLS_C/H_CHARLS_C_do_file.do,text mention; manual mapping required
CHARLS,weight,codebook_or_dofile_text,line 1569,***Individual biomarker weight with HH/Ind non-response adjustment***,/mnt/e/Database/七大老年健康数据库数据/1. CHARLS  中国/CHARLS_中国/Raw_data/Harmonized_CHARLS_C/H_CHARLS_C_do_file.do,text mention; manual mapping required
CHARLS,weight,codebook_or_dofile_text,line 1571,"label var r`wv'wtrespbiob ""r`wv'wtrespbiob:w`wv' Individual biomarker weight with HH/Ind non-response adjustment""",/mnt/e/Database/七大老年健康数据库数据/1. CHARLS  中国/CHARLS_中国/Raw_data/Harmonized_CHARLS_C/H_CHARLS_C_do_file.do,text mention; manual mapping required
CHARLS,weight,codebook_or_dofile_text,line 1573,***Individual longitudinal weight,/mnt/e/Database/七大老年健康数据库数据/1. CHARLS  中国/CHARLS_中国/Raw_data/Harmonized_CHARLS_C/H_CHARLS_C_do_file.do,text mention; manual mapping required
CHARLS,psu,codebook_or_dofile_text,line 1794,****drop CHARLs psu raw variables***,/mnt/e/Database/七大老年健康数据库数据/1. CHARLS  中国/CHARLS_中国/Raw_data/Harmonized_CHARLS_C/H_CHARLS_C_do_file.do,text mention; manual mapping required
CHARLS,psu,codebook_or_dofile_text,line 1836,***merge with psu file***,/mnt/e/Database/七大老年健康数据库数据/1. CHARLS  中国/CHARLS_中国/Raw_data/Harmonized_CHARLS_C/H_CHARLS_C_do_file.do,text mention; manual mapping required
CHARLS,psu,codebook_or_dofile_text,line 2291,***drop CHARLs psu raw variables***,/mnt/e/Database/七大老年健康数据库数据/1. CHARLS  中国/CHARLS_中国/Raw_data/Harmonized_CHARLS_C/H_CHARLS_C_do_file.do,text mention; manual mapping required
CHARLS,psu,codebook_or_dofile_text,line 2316,***merge with psu file***,/mnt/e/Database/七大老年健康数据库数据/1. CHARLS  中国/CHARLS_中国/Raw_data/Harmonized_CHARLS_C/H_CHARLS_C_do_file.do,text mention; manual mapping required
CHARLS,psu,codebook_or_dofile_text,line 2803,***drop CHARLs psu raw variables***,/mnt/e/Database/七大老年健康数据库数据/1. CHARLS  中国/CHARLS_中国/Raw_data/Harmonized_CHARLS_C/H_CHARLS_C_do_file.do,text mention; manual mapping required
CHARLS,psu,codebook_or_dofile_text,line 15178,****merge with psu data file*****,/mnt/e/Database/七大老年健康数据库数据/1. CHARLS  中国/CHARLS_中国/Raw_data/Harmonized_CHARLS_C/H_CHARLS_C_do_file.do,text mention; manual mapping required
CHARLS,psu,codebook_or_dofile_text,line 16192,****drop CHARLS PSU raw file***,/mnt/e/Database/七大老年健康数据库数据/1. CHARLS  中国/CHARLS_中国/Raw_data/Harmonized_CHARLS_C/H_CHARLS_C_do_file.do,text mention; manual mapping required
CHARLS,psu,codebook_or_dofile_text,line 16266,****merge with psu data file*****,/mnt/e/Database/七大老年健康数据库数据/1. CHARLS  中国/CHARLS_中国/Raw_data/Harmonized_CHARLS_C/H_CHARLS_C_do_file.do,text mention; manual mapping required
CHARLS,psu,codebook_or_dofile_text,line 17274,****drop CHARLS psu data file raw variables***,/mnt/e/Database/七大老年健康数据库数据/1. CHARLS  中国/CHARLS_中国/Raw_data/Harmonized_CHARLS_C/H_CHARLS_C_do_file.do,text mention; manual mapping required
CHARLS,psu,codebook_or_dofile_text,line 37,"global wave_1_psu			  ""`inputw1'/psu""",/mnt/e/Database/七大老年健康数据库数据/1. CHARLS  中国/CHARLS_中国/Raw_data/Harmonized_CHARLS_D/H_CHARLS_D_do_file.do,text mention; manual mapping required
CHARLS,psu,codebook_or_dofile_text,line 55,"global wave_2_psu			  ""`inputw2'/PSU""",/mnt/e/Database/七大老年健康数据库数据/1. CHARLS  中国/CHARLS_中国/Raw_data/Harmonized_CHARLS_D/H_CHARLS_D_do_file.do,text mention; manual mapping required
CHARLS,psu,codebook_or_dofile_text,line 1174,***merge with psu file,/mnt/e/Database/七大老年健康数据库数据/1. CHARLS  中国/CHARLS_中国/Raw_data/Harmonized_CHARLS_D/H_CHARLS_D_do_file.do,text mention; manual mapping required
CHARLS,psu,codebook_or_dofile_text,line 1632,****drop CHARLs psu raw variables***,/mnt/e/Database/七大老年健康数据库数据/1. CHARLS  中国/CHARLS_中国/Raw_data/Harmonized_CHARLS_D/H_CHARLS_D_do_file.do,text mention; manual mapping required
CHARLS,psu,codebook_or_dofile_text,line 1666,***merge with psu file,/mnt/e/Database/七大老年健康数据库数据/1. CHARLS  中国/CHARLS_中国/Raw_data/Harmonized_CHARLS_D/H_CHARLS_D_do_file.do,text mention; manual mapping required
CHARLS,psu,codebook_or_dofile_text,line 2211,****drop CHARLs psu raw variables***,/mnt/e/Database/七大老年健康数据库数据/1. CHARLS  中国/CHARLS_中国/Raw_data/Harmonized_CHARLS_D/H_CHARLS_D_do_file.do,text mention; manual mapping required
CHARLS,psu,codebook_or_dofile_text,line 2248,***merge with psu file***,/mnt/e/Database/七大老年健康数据库数据/1. CHARLS  中国/CHARLS_中国/Raw_data/Harmonized_CHARLS_D/H_CHARLS_D_do_file.do,text mention; manual mapping required
CHARLS,psu,codebook_or_dofile_text,line 2394,***drop CHARLs psu raw variables***,/mnt/e/Database/七大老年健康数据库数据/1. CHARLS  中国/CHARLS_中国/Raw_data/Harmonized_CHARLS_D/H_CHARLS_D_do_file.do,text mention; manual mapping required
CHARLS,psu,codebook_or_dofile_text,line 2422,***merge with psu file,/mnt/e/Database/七大老年健康数据库数据/1. CHARLS  中国/CHARLS_中国/Raw_data/Harmonized_CHARLS_D/H_CHARLS_D_do_file.do,text mention; manual mapping required
CHARLS,psu,codebook_or_dofile_text,line 2927,***drop CHARLs psu raw variables***,/mnt/e/Database/七大老年健康数据库数据/1. CHARLS  中国/CHARLS_中国/Raw_data/Harmonized_CHARLS_D/H_CHARLS_D_do_file.do,text mention; manual mapping required
CHARLS,psu,codebook_or_dofile_text,line 2952,***merge with psu file,/mnt/e/Database/七大老年健康数据库数据/1. CHARLS  中国/CHARLS_中国/Raw_data/Harmonized_CHARLS_D/H_CHARLS_D_do_file.do,text mention; manual mapping required
CHARLS,psu,codebook_or_dofile_text,line 3452,***drop CHARLs psu raw variables***,/mnt/e/Database/七大老年健康数据库数据/1. CHARLS  中国/CHARLS_中国/Raw_data/Harmonized_CHARLS_D/H_CHARLS_D_do_file.do,text mention; manual mapping required
CHARLS,psu,codebook_or_dofile_text,line 21486,****merge with psu data file*****,/mnt/e/Database/七大老年健康数据库数据/1. CHARLS  中国/CHARLS_中国/Raw_data/Harmonized_CHARLS_D/H_CHARLS_D_do_file.do,text mention; manual mapping required
CHARLS,psu,codebook_or_dofile_text,line 22472,****drop CHARLS PSU raw file***,/mnt/e/Database/七大老年健康数据库数据/1. CHARLS  中国/CHARLS_中国/Raw_data/Harmonized_CHARLS_D/H_CHARLS_D_do_file.do,text mention; manual mapping required
CHARLS,psu,codebook_or_dofile_text,line 22536,****merge with psu data file*****,/mnt/e/Database/七大老年健康数据库数据/1. CHARLS  中国/CHARLS_中国/Raw_data/Harmonized_CHARLS_D/H_CHARLS_D_do_file.do,text mention; manual mapping required
CHARLS,psu,codebook_or_dofile_text,line 23553,****drop CHARLS psu data file raw variables***,/mnt/e/Database/七大老年健康数据库数据/1. CHARLS  中国/CHARLS_中国/Raw_data/Harmonized_CHARLS_D/H_CHARLS_D_do_file.do,text mention; manual mapping required
ELSA,weight,codebook_or_dofile_text,line 34,"For the fortieth edition (January 2024), the Wave 10 core dataset and pensions grid dataset have been added to the study, along with the questionnaire documentation. The core dataset contains all core variables but does not contain longitudinal or cohort weights. Users should note that in Wave 10, t",/mnt/e/Database/七大老年健康数据库数据/2. ELSA 英国/Raw_data/UKDA-5050-stata/read5050.htm,text mention; manual mapping required
ELSA,weight,codebook_or_dofile_text,line 1,"<!DOCTYPE HTML PUBLIC '-//W3C//DTD HTML 4.01//EN'><html><head><title>Title Page</title><meta http-equiv='Content-Type' content='text/html; charset=iso-8859-1'><style type='text/css'>h1 { margin:0px 0px 0px 0px; padding:0px; font-size:large; font-weight:900; font-family:arial,sans-serif; text-align:l",/mnt/e/Database/七大老年健康数据库数据/2. ELSA 英国/Raw_data/UKDA-5050-stata/mrdoc/UKDA/UKDA_Study_5050_Information.htm,text mention; manual mapping required
ELSA,weight,codebook_or_dofile_text,line 1,"<!DOCTYPE HTML PUBLIC '-//W3C//DTD HTML 4.01//EN'><html><head><title>Title Page</title><meta http-equiv='Content-Type' content='text/html; charset=iso-8859-1'><style type='text/css'>h1 { margin:0px 0px 0px 0px; padding:0px; font-size:large; font-weight:900; font-family:arial,sans-serif; text-align:l",/mnt/e/Database/七大老年健康数据库数据/2. ELSA 英国/Raw_data/UKDA-9081-stata/mrdoc/UKDA/UKDA_Study_9081_Information.htm,text mention; manual mapping required
ELSA,weight,codebook_or_dofile_text,line 224,***Sampling Weights***,/mnt/e/Database/七大老年健康数据库数据/2. ELSA 英国/Raw_data/UKDA-9228-stata/code/stata/h_elsa_covid_long.do,text mention; manual mapping required
ELSA,strata,codebook_or_dofile_text,line 226,***Round 1 stratification variable,/mnt/e/Database/七大老年健康数据库数据/2. ELSA 英国/Raw_data/UKDA-9228-stata/code/stata/h_elsa_covid_long.do,text mention; manual mapping required
ELSA,strata,codebook_or_dofile_text,line 229,"label variable r`rd'cstrat ""r`rd'cstrat:r`rd' COVID: hse stratification variable""",/mnt/e/Database/七大老年健康数据库数据/2. ELSA 英国/Raw_data/UKDA-9228-stata/code/stata/h_elsa_covid_long.do,text mention; manual mapping required
ELSA,weight,codebook_or_dofile_text,line 238,***Analytical Weights***,/mnt/e/Database/七大老年健康数据库数据/2. ELSA 英国/Raw_data/UKDA-9228-stata/code/stata/h_elsa_covid_long.do,text mention; manual mapping required
ELSA,weight,codebook_or_dofile_text,line 240,"***Round 1 person-level cross-sectional weight, core sample",/mnt/e/Database/七大老年健康数据库数据/2. ELSA 英国/Raw_data/UKDA-9228-stata/code/stata/h_elsa_covid_long.do,text mention; manual mapping required
ELSA,weight,codebook_or_dofile_text,line 244,"label variable r`rd'covcwtresp ""r`rd'covcwtresp:r`rd' COVID: r person-level cross-sectional weight, core sample""",/mnt/e/Database/七大老年健康数据库数据/2. ELSA 英国/Raw_data/UKDA-9228-stata/code/stata/h_elsa_covid_long.do,text mention; manual mapping required
ELSA,weight,codebook_or_dofile_text,line 248,"label variable s`rd'covcwtresp ""s`rd'covcwtresp:r`rd' COVID: s person-level cross-sectional weight, core sample""",/mnt/e/Database/七大老年健康数据库数据/2. ELSA 英国/Raw_data/UKDA-9228-stata/code/stata/h_elsa_covid_long.do,text mention; manual mapping required
ELSA,weight,codebook_or_dofile_text,line 250,"***Round 1 person-level cross-sectional weight, core sample and partners",/mnt/e/Database/七大老年健康数据库数据/2. ELSA 英国/Raw_data/UKDA-9228-stata/code/stata/h_elsa_covid_long.do,text mention; manual mapping required
ELSA,weight,codebook_or_dofile_text,line 254,"label variable r`rd'covcwtrespp ""r`rd'covcwtrespp:r`rd' COVID: r person-level cross-sectional weight, core sample and partners""",/mnt/e/Database/七大老年健康数据库数据/2. ELSA 英国/Raw_data/UKDA-9228-stata/code/stata/h_elsa_covid_long.do,text mention; manual mapping required
ELSA,weight,codebook_or_dofile_text,line 258,"label variable s`rd'covcwtrespp ""s`rd'covcwtrespp:r`rd' COVID: s person-level cross-sectional weight, core sample and partners""",/mnt/e/Database/七大老年健康数据库数据/2. ELSA 英国/Raw_data/UKDA-9228-stata/code/stata/h_elsa_covid_long.do,text mention; manual mapping required
ELSA,weight,codebook_or_dofile_text,line 260,"***Round 1 person-level longitudinal weight, wave 9 base, core sample",/mnt/e/Database/七大老年健康数据库数据/2. ELSA 英国/Raw_data/UKDA-9228-stata/code/stata/h_elsa_covid_long.do,text mention; manual mapping required
ELSA,weight,codebook_or_dofile_text,line 263,"label variable r`rd'covlwt9cresp ""r`rd'covlwt9cresp:r`rd' COVID: r person-level longitudinal weight, wave 9 base, core sample""",/mnt/e/Database/七大老年健康数据库数据/2. ELSA 英国/Raw_data/UKDA-9228-stata/code/stata/h_elsa_covid_long.do,text mention; manual mapping required
ELSA,weight,codebook_or_dofile_text,line 267,"label variable s`rd'covlwt9cresp ""s`rd'covlwt9cresp:r`rd' COVID: s person-level longitudinal weight, wave 9 base, core sample""",/mnt/e/Database/七大老年健康数据库数据/2. ELSA 英国/Raw_data/UKDA-9228-stata/code/stata/h_elsa_covid_long.do,text mention; manual mapping required
ELSA,weight,codebook_or_dofile_text,line 504,***Sampling Weights***,/mnt/e/Database/七大老年健康数据库数据/2. ELSA 英国/Raw_data/UKDA-9228-stata/code/stata/h_elsa_covid_long.do,text mention; manual mapping required
ELSA,strata,codebook_or_dofile_text,line 506,***Round 2 stratification variable,/mnt/e/Database/七大老年健康数据库数据/2. ELSA 英国/Raw_data/UKDA-9228-stata/code/stata/h_elsa_covid_long.do,text mention; manual mapping required
ELSA,strata,codebook_or_dofile_text,line 509,"label variable r`rd'cstrat ""r`rd'cstrat:r`rd' COVID: hse stratification variable""",/mnt/e/Database/七大老年健康数据库数据/2. ELSA 英国/Raw_data/UKDA-9228-stata/code/stata/h_elsa_covid_long.do,text mention; manual mapping required
ELSA,weight,codebook_or_dofile_text,line 518,***Analytical Weights***,/mnt/e/Database/七大老年健康数据库数据/2. ELSA 英国/Raw_data/UKDA-9228-stata/code/stata/h_elsa_covid_long.do,text mention; manual mapping required
ELSA,weight,codebook_or_dofile_text,line 520,"***Round 2 person-level cross-sectional weight, core sample",/mnt/e/Database/七大老年健康数据库数据/2. ELSA 英国/Raw_data/UKDA-9228-stata/code/stata/h_elsa_covid_long.do,text mention; manual mapping required
ELSA,weight,codebook_or_dofile_text,line 524,"label variable r`rd'covcwtresp ""r`rd'covcwtresp:r`rd' COVID: r person-level cross-sectional weight, core sample""",/mnt/e/Database/七大老年健康数据库数据/2. ELSA 英国/Raw_data/UKDA-9228-stata/code/stata/h_elsa_covid_long.do,text mention; manual mapping required
ELSA,weight,codebook_or_dofile_text,line 528,"label variable s`rd'covcwtresp ""s`rd'covcwtresp:r`rd' COVID: s person-level cross-sectional weight, core sample""",/mnt/e/Database/七大老年健康数据库数据/2. ELSA 英国/Raw_data/UKDA-9228-stata/code/stata/h_elsa_covid_long.do,text mention; manual mapping required
ELSA,weight,codebook_or_dofile_text,line 530,"***Round 2 person-level cross-sectional weight, core sample and partners",/mnt/e/Database/七大老年健康数据库数据/2. ELSA 英国/Raw_data/UKDA-9228-stata/code/stata/h_elsa_covid_long.do,text mention; manual mapping required
ELSA,weight,codebook_or_dofile_text,line 534,"label variable r`rd'covcwtrespp ""r`rd'covcwtrespp:r`rd' COVID: r person-level cross-sectional weight, core sample and partners""",/mnt/e/Database/七大老年健康数据库数据/2. ELSA 英国/Raw_data/UKDA-9228-stata/code/stata/h_elsa_covid_long.do,text mention; manual mapping required
ELSA,weight,codebook_or_dofile_text,line 538,"label variable s`rd'covcwtrespp ""s`rd'covcwtrespp:r`rd' COVID: s person-level cross-sectional weight, core sample and partners""",/mnt/e/Database/七大老年健康数据库数据/2. ELSA 英国/Raw_data/UKDA-9228-stata/code/stata/h_elsa_covid_long.do,text mention; manual mapping required
ELSA,weight,codebook_or_dofile_text,line 540,"***Round 2 person-level longitudinal weight, wave 9 base, core sample",/mnt/e/Database/七大老年健康数据库数据/2. ELSA 英国/Raw_data/UKDA-9228-stata/code/stata/h_elsa_covid_long.do,text mention; manual mapping required
ELSA,weight,codebook_or_dofile_text,line 543,"label variable r`rd'covlwt9cresp ""r`rd'covlwt9cresp:r`rd' COVID: r person-level longitudinal weight, wave 9 base, core sample""",/mnt/e/Database/七大老年健康数据库数据/2. ELSA 英国/Raw_data/UKDA-9228-stata/code/stata/h_elsa_covid_long.do,text mention; manual mapping required
ELSA,weight,codebook_or_dofile_text,line 547,"label variable s`rd'covlwt9cresp ""s`rd'covlwt9cresp:r`rd' COVID: s person-level longitudinal weight, wave 9 base, core sample""",/mnt/e/Database/七大老年健康数据库数据/2. ELSA 英国/Raw_data/UKDA-9228-stata/code/stata/h_elsa_covid_long.do,text mention; manual mapping required
ELSA,weight,codebook_or_dofile_text,line 549,"***Round 2 person-level longitudinal weight, w9 to r1,2, core sample",/mnt/e/Database/七大老年健康数据库数据/2. ELSA 英国/Raw_data/UKDA-9228-stata/code/stata/h_elsa_covid_long.do,text mention; manual mapping required
ELSA,weight,codebook_or_dofile_text,line 552,"label variable r`rd'covlwt9resp ""r`rd'covlwt9resp:r`rd' COVID: r person-level longitudinal weight, w9 to r1,2, core sample""",/mnt/e/Database/七大老年健康数据库数据/2. ELSA 英国/Raw_data/UKDA-9228-stata/code/stata/h_elsa_covid_long.do,text mention; manual mapping required
ELSA,weight,codebook_or_dofile_text,line 556,"label variable s`rd'covlwt9resp ""s`rd'covlwt9resp:r`rd' COVID: s person-level longitudinal weight, w9 to r1,2, core sample""",/mnt/e/Database/七大老年健康数据库数据/2. ELSA 英国/Raw_data/UKDA-9228-stata/code/stata/h_elsa_covid_long.do,text mention; manual mapping required
ELSA,weight,codebook_or_dofile_text,line 558,"***Round 2 person-level longitudinal weight, covid round 1 base, core sample",/mnt/e/Database/七大老年健康数据库数据/2. ELSA 英国/Raw_data/UKDA-9228-stata/code/stata/h_elsa_covid_long.do,text mention; manual mapping required
ELSA,weight,codebook_or_dofile_text,line 561,"label variable r`rd'covlwtc1resp ""r`rd'covlwtc1resp:r`rd' COVID: r person-level longitudinal weight, covid round 1 base, core sample""",/mnt/e/Database/七大老年健康数据库数据/2. ELSA 英国/Raw_data/UKDA-9228-stata/code/stata/h_elsa_covid_long.do,text mention; manual mapping required
ELSA,weight,codebook_or_dofile_text,line 565,"label variable s`rd'covlwtc1resp ""s`rd'covlwtc1resp:r`rd' COVID: s person-level longitudinal weight, covid round 1 base, core sample""",/mnt/e/Database/七大老年健康数据库数据/2. ELSA 英国/Raw_data/UKDA-9228-stata/code/stata/h_elsa_covid_long.do,text mention; manual mapping required
ELSA,weight,codebook_or_dofile_text,line 1,"<!DOCTYPE HTML PUBLIC '-//W3C//DTD HTML 4.01//EN'><html><head><title>Title Page</title><meta http-equiv='Content-Type' content='text/html; charset=iso-8859-1'><style type='text/css'>h1 { margin:0px 0px 0px 0px; padding:0px; font-size:large; font-weight:900; font-family:arial,sans-serif; text-align:l",/mnt/e/Database/七大老年健康数据库数据/2. ELSA 英国/Raw_data/UKDA-9228-stata/mrdoc/UKDA/UKDA_Study_9228_Information.htm,text mention; manual mapping required
HRS,weight,codebook_or_dofile_text,line 2124,r@weight r@back r@vgactx r@mdactx r@ltactx r@drink r@drinkd r@cholst r@flusht r@mammog  ///,/mnt/e/Database/七大老年健康数据库数据/3. HRS  美国/HRS_美国/Dofiles/数据合并.do,text mention; manual mapping required
HRS,weight,codebook_or_dofile_text,line 2154,r@memrye r@wthh r@wtresp r@wtr_nh r@wtcrnh r@proxy r@balsemi  ///,/mnt/e/Database/七大老年健康数据库数据/3. HRS  美国/HRS_美国/Dofiles/数据合并.do,text mention; manual mapping required
HRS,weight,codebook_or_dofile_text,line 2210,mammog papsm prost bmi height weight back smokev smoken drink ///,/mnt/e/Database/七大老年健康数据库数据/3. HRS  美国/HRS_美国/Dofiles/数据合并.do,text mention; manual mapping required
HRS,weight,codebook_or_dofile_text,line 2243,wthh wtresp wtr_nh wtcrnh race proxy radtimtdth balsemi  ///,/mnt/e/Database/七大老年健康数据库数据/3. HRS  美国/HRS_美国/Dofiles/数据合并.do,text mention; manual mapping required
HRS,weight,codebook_or_dofile_text,line 2621,"label var wtresp ""个体权重""",/mnt/e/Database/七大老年健康数据库数据/3. HRS  美国/HRS_美国/Dofiles/数据合并.do,text mention; manual mapping required
HRS,strata,codebook_or_dofile_text,line 37,STRATUM  68 - 69,/mnt/e/Database/七大老年健康数据库数据/3. HRS  美国/HRS_美国/Raw_data/Cross-Wave Tracker File/TRK2020TR_R.sas,text mention; manual mapping required
HRS,psu,codebook_or_dofile_text,line 598,"SECU = ""SAMPLING ERROR COMPUTATION UNIT""",/mnt/e/Database/七大老年健康数据库数据/3. HRS  美国/HRS_美国/Raw_data/Cross-Wave Tracker File/TRK2020TR_R.sas,text mention; manual mapping required
HRS,strata,codebook_or_dofile_text,line 599,"STRATUM = ""STRATUM ID""",/mnt/e/Database/七大老年健康数据库数据/3. HRS  美国/HRS_美国/Raw_data/Cross-Wave Tracker File/TRK2020TR_R.sas,text mention; manual mapping required
HRS,weight,codebook_or_dofile_text,line 604,"HHBASEWT = ""HOUSEHOLD WEIGHT AT ENTRY""",/mnt/e/Database/七大老年健康数据库数据/3. HRS  美国/HRS_美国/Raw_data/Cross-Wave Tracker File/TRK2020TR_R.sas,text mention; manual mapping required
HRS,weight,codebook_or_dofile_text,line 653,"VBS1618WGTR = ""2016-2018 WEIGHT: VENOUS BLOOD STUDY""",/mnt/e/Database/七大老年健康数据库数据/3. HRS  美国/HRS_美国/Raw_data/Cross-Wave Tracker File/TRK2020TR_R.sas,text mention; manual mapping required
HRS,weight,codebook_or_dofile_text,line 659,"VBSI16WGTRA = ""2016 VBS WEIGHT FOR HCY, TSR, AND MTDNACN""",/mnt/e/Database/七大老年健康数据库数据/3. HRS  美国/HRS_美国/Raw_data/Cross-Wave Tracker File/TRK2020TR_R.sas,text mention; manual mapping required
HRS,weight,codebook_or_dofile_text,line 660,"VBSI16WGTRB = ""2016 VBS WEIGHT FOR BDNF AND CLUSTERIN""",/mnt/e/Database/七大老年健康数据库数据/3. HRS  美国/HRS_美国/Raw_data/Cross-Wave Tracker File/TRK2020TR_R.sas,text mention; manual mapping required
HRS,weight,codebook_or_dofile_text,line 689,"AWGTHH = ""1992 WEIGHT: HOUSEHOLD-LEVEL""",/mnt/e/Database/七大老年健康数据库数据/3. HRS  美国/HRS_美国/Raw_data/Cross-Wave Tracker File/TRK2020TR_R.sas,text mention; manual mapping required
HRS,weight,codebook_or_dofile_text,line 690,"AWGTR = ""1992 WEIGHT: RESPONDENT-LEVEL""",/mnt/e/Database/七大老年健康数据库数据/3. HRS  美国/HRS_美国/Raw_data/Cross-Wave Tracker File/TRK2020TR_R.sas,text mention; manual mapping required
HRS,weight,codebook_or_dofile_text,line 691,"AWHY0WGT = ""1992 WHY ZERO WEIGHT""",/mnt/e/Database/七大老年健康数据库数据/3. HRS  美国/HRS_美国/Raw_data/Cross-Wave Tracker File/TRK2020TR_R.sas,text mention; manual mapping required
HRS,weight,codebook_or_dofile_text,line 712,"BWGTHH = ""1993 WEIGHT: HOUSEHOLD-LEVEL""",/mnt/e/Database/七大老年健康数据库数据/3. HRS  美国/HRS_美国/Raw_data/Cross-Wave Tracker File/TRK2020TR_R.sas,text mention; manual mapping required
HRS,weight,codebook_or_dofile_text,line 713,"BWGTR = ""1993 WEIGHT: RESPONDENT-LEVEL""",/mnt/e/Database/七大老年健康数据库数据/3. HRS  美国/HRS_美国/Raw_data/Cross-Wave Tracker File/TRK2020TR_R.sas,text mention; manual mapping required
HRS,weight,codebook_or_dofile_text,line 714,"BWHY0WGT = ""1993 WHY ZERO WEIGHT""",/mnt/e/Database/七大老年健康数据库数据/3. HRS  美国/HRS_美国/Raw_data/Cross-Wave Tracker File/TRK2020TR_R.sas,text mention; manual mapping required
HRS,weight,codebook_or_dofile_text,line 735,"CWGTHH = ""1994 WEIGHT: HOUSEHOLD-LEVEL""",/mnt/e/Database/七大老年健康数据库数据/3. HRS  美国/HRS_美国/Raw_data/Cross-Wave Tracker File/TRK2020TR_R.sas,text mention; manual mapping required
HRS,weight,codebook_or_dofile_text,line 736,"CWGTR = ""1994 WEIGHT: RESPONDENT-LEVEL""",/mnt/e/Database/七大老年健康数据库数据/3. HRS  美国/HRS_美国/Raw_data/Cross-Wave Tracker File/TRK2020TR_R.sas,text mention; manual mapping required
HRS,weight,codebook_or_dofile_text,line 737,"CWHY0WGT = ""1994 WHY ZERO WEIGHT""",/mnt/e/Database/七大老年健康数据库数据/3. HRS  美国/HRS_美国/Raw_data/Cross-Wave Tracker File/TRK2020TR_R.sas,text mention; manual mapping required
HRS,weight,codebook_or_dofile_text,line 758,"DWGTHH = ""1995 WEIGHT: HOUSEHOLD-LEVEL""",/mnt/e/Database/七大老年健康数据库数据/3. HRS  美国/HRS_美国/Raw_data/Cross-Wave Tracker File/TRK2020TR_R.sas,text mention; manual mapping required
HRS,weight,codebook_or_dofile_text,line 759,"DWGTR = ""1995 WEIGHT: RESPONDENT-LEVEL""",/mnt/e/Database/七大老年健康数据库数据/3. HRS  美国/HRS_美国/Raw_data/Cross-Wave Tracker File/TRK2020TR_R.sas,text mention; manual mapping required
HRS,weight,codebook_or_dofile_text,line 760,"DWHY0WGT = ""1995 WHY ZERO WEIGHT""",/mnt/e/Database/七大老年健康数据库数据/3. HRS  美国/HRS_美国/Raw_data/Cross-Wave Tracker File/TRK2020TR_R.sas,text mention; manual mapping required
HRS,weight,codebook_or_dofile_text,line 781,"EWGTHH = ""1996 WEIGHT: HOUSEHOLD-LEVEL""",/mnt/e/Database/七大老年健康数据库数据/3. HRS  美国/HRS_美国/Raw_data/Cross-Wave Tracker File/TRK2020TR_R.sas,text mention; manual mapping required
HRS,weight,codebook_or_dofile_text,line 782,"EWGTR = ""1996 WEIGHT: RESPONDENT-LEVEL""",/mnt/e/Database/七大老年健康数据库数据/3. HRS  美国/HRS_美国/Raw_data/Cross-Wave Tracker File/TRK2020TR_R.sas,text mention; manual mapping required
HRS,weight,codebook_or_dofile_text,line 783,"EWHY0WGT = ""1996 WHY ZERO WEIGHT""",/mnt/e/Database/七大老年健康数据库数据/3. HRS  美国/HRS_美国/Raw_data/Cross-Wave Tracker File/TRK2020TR_R.sas,text mention; manual mapping required
HRS,weight,codebook_or_dofile_text,line 805,"FWGTHH = ""1998 WEIGHT: HOUSEHOLD-LEVEL""",/mnt/e/Database/七大老年健康数据库数据/3. HRS  美国/HRS_美国/Raw_data/Cross-Wave Tracker File/TRK2020TR_R.sas,text mention; manual mapping required
HRS,weight,codebook_or_dofile_text,line 806,"FWGTR = ""1998 WEIGHT: RESPONDENT-LEVEL""",/mnt/e/Database/七大老年健康数据库数据/3. HRS  美国/HRS_美国/Raw_data/Cross-Wave Tracker File/TRK2020TR_R.sas,text mention; manual mapping required
HRS,weight,codebook_or_dofile_text,line 807,"FWHY0WGT = ""1998 WHY ZERO WEIGHT""",/mnt/e/Database/七大老年健康数据库数据/3. HRS  美国/HRS_美国/Raw_data/Cross-Wave Tracker File/TRK2020TR_R.sas,text mention; manual mapping required
HRS,weight,codebook_or_dofile_text,line 828,"GWGTHH = ""2000 WEIGHT: HOUSEHOLD-LEVEL""",/mnt/e/Database/七大老年健康数据库数据/3. HRS  美国/HRS_美国/Raw_data/Cross-Wave Tracker File/TRK2020TR_R.sas,text mention; manual mapping required
HRS,weight,codebook_or_dofile_text,line 829,"GWGTR = ""2000 WEIGHT: RESPONDENT-LEVEL""",/mnt/e/Database/七大老年健康数据库数据/3. HRS  美国/HRS_美国/Raw_data/Cross-Wave Tracker File/TRK2020TR_R.sas,text mention; manual mapping required
HRS,weight,codebook_or_dofile_text,line 830,"GWGTRNH = ""2000 WEIGHT: NURSING HOME RESIDENT""",/mnt/e/Database/七大老年健康数据库数据/3. HRS  美国/HRS_美国/Raw_data/Cross-Wave Tracker File/TRK2020TR_R.sas,text mention; manual mapping required
HRS,weight,codebook_or_dofile_text,line 831,"GWHY0WGT = ""2000 WHY ZERO WEIGHT""",/mnt/e/Database/七大老年健康数据库数据/3. HRS  美国/HRS_美国/Raw_data/Cross-Wave Tracker File/TRK2020TR_R.sas,text mention; manual mapping required
HRS,weight,codebook_or_dofile_text,line 853,"HWGTHH = ""2002 WEIGHT: HOUSEHOLD LEVEL""",/mnt/e/Database/七大老年健康数据库数据/3. HRS  美国/HRS_美国/Raw_data/Cross-Wave Tracker File/TRK2020TR_R.sas,text mention; manual mapping required
HRS,weight,codebook_or_dofile_text,line 854,"HWGTR = ""2002 WEIGHT: RESPONDENT-LEVEL""",/mnt/e/Database/七大老年健康数据库数据/3. HRS  美国/HRS_美国/Raw_data/Cross-Wave Tracker File/TRK2020TR_R.sas,text mention; manual mapping required
HRS,weight,codebook_or_dofile_text,line 855,"HWGTRNH = ""2002 WEIGHT: NURSING HOME RESIDENT""",/mnt/e/Database/七大老年健康数据库数据/3. HRS  美国/HRS_美国/Raw_data/Cross-Wave Tracker File/TRK2020TR_R.sas,text mention; manual mapping required
HRS,weight,codebook_or_dofile_text,line 856,"HWHY0WGT = ""2002 WHY ZERO WEIGHT""",/mnt/e/Database/七大老年健康数据库数据/3. HRS  美国/HRS_美国/Raw_data/Cross-Wave Tracker File/TRK2020TR_R.sas,text mention; manual mapping required
HRS,weight,codebook_or_dofile_text,line 875,"JPMSELWT = ""SAMPLE WEIGHT FOR PHYSICAL MEASURES""",/mnt/e/Database/七大老年健康数据库数据/3. HRS  美国/HRS_美国/Raw_data/Cross-Wave Tracker File/TRK2020TR_R.sas,text mention; manual mapping required
HRS,weight,codebook_or_dofile_text,line 876,"JPMWGTR = ""RESPONDENT WEIGHT FOR PHYSICAL MEASURE""",/mnt/e/Database/七大老年健康数据库数据/3. HRS  美国/HRS_美国/Raw_data/Cross-Wave Tracker File/TRK2020TR_R.sas,text mention; manual mapping required
HRS,weight,codebook_or_dofile_text,line 882,"JWGTHH = ""2004 WEIGHT: HOUSEHOLD LEVEL""",/mnt/e/Database/七大老年健康数据库数据/3. HRS  美国/HRS_美国/Raw_data/Cross-Wave Tracker File/TRK2020TR_R.sas,text mention; manual mapping required
HRS,weight,codebook_or_dofile_text,line 883,"JWGTR = ""2004 WEIGHT: RESPONDENT LEVEL""",/mnt/e/Database/七大老年健康数据库数据/3. HRS  美国/HRS_美国/Raw_data/Cross-Wave Tracker File/TRK2020TR_R.sas,text mention; manual mapping required
HRS,weight,codebook_or_dofile_text,line 884,"JWGTR_DB = ""2004 RESP WEIGHT FOR DISABILITY QNAIRE""",/mnt/e/Database/七大老年健康数据库数据/3. HRS  美国/HRS_美国/Raw_data/Cross-Wave Tracker File/TRK2020TR_R.sas,text mention; manual mapping required
HRS,strata,codebook_or_dofile_text,line 32,STRATUM 68- 69,/mnt/e/Database/七大老年健康数据库数据/3. HRS  美国/HRS_美国/Raw_data/Cross-Wave Tracker File/TRK2020TR_R.sps,text mention; manual mapping required
HRS,psu,codebook_or_dofile_text,line 593,"SECU""SAMPLING ERROR COMPUTATION UNIT""",/mnt/e/Database/七大老年健康数据库数据/3. HRS  美国/HRS_美国/Raw_data/Cross-Wave Tracker File/TRK2020TR_R.sps,text mention; manual mapping required
HRS,strata,codebook_or_dofile_text,line 594,"STRATUM""STRATUM ID""",/mnt/e/Database/七大老年健康数据库数据/3. HRS  美国/HRS_美国/Raw_data/Cross-Wave Tracker File/TRK2020TR_R.sps,text mention; manual mapping required
HRS,psu,codebook_or_dofile_text,line 506,SECU                     SAMPLING ERROR COMPUTATION UNIT,/mnt/e/Database/七大老年健康数据库数据/3. HRS  美国/HRS_美国/Raw_data/Cross-Wave Tracker File/trk2020TR_R.txt,text mention; manual mapping required
HRS,strata,codebook_or_dofile_text,line 509,This is the stratum half-sample code for analysis of sampling error using the,/mnt/e/Database/七大老年健康数据库数据/3. HRS  美国/HRS_美国/Raw_data/Cross-Wave Tracker File/trk2020TR_R.txt,text mention; manual mapping required
HRS,strata,codebook_or_dofile_text,line 510,"BRR method or approximate 'two-per-stratum' Taylor Series method (Kish and Hess,",/mnt/e/Database/七大老年健康数据库数据/3. HRS  美国/HRS_美国/Raw_data/Cross-Wave Tracker File/trk2020TR_R.txt,text mention; manual mapping required
HRS,strata,codebook_or_dofile_text,line 511,"1959). Within the SR sampling error strata, the half sample units are created by",/mnt/e/Database/七大老年健康数据库数据/3. HRS  美国/HRS_美国/Raw_data/Cross-Wave Tracker File/trk2020TR_R.txt,text mention; manual mapping required
HRS,strata,codebook_or_dofile_text,line 522,STRATUM                  STRATUM ID,/mnt/e/Database/七大老年健康数据库数据/3. HRS  美国/HRS_美国/Raw_data/Cross-Wave Tracker File/trk2020TR_R.txt,text mention; manual mapping required
HRS,strata,codebook_or_dofile_text,line 525,This code is the variable which defines the sampling error computation strata of,/mnt/e/Database/七大老年健康数据库数据/3. HRS  美国/HRS_美国/Raw_data/Cross-Wave Tracker File/trk2020TR_R.txt,text mention; manual mapping required
HRS,strata,codebook_or_dofile_text,line 527,each self-representing (SR) design stratum is represented by one sampling error,/mnt/e/Database/七大老年健康数据库数据/3. HRS  美国/HRS_美国/Raw_data/Cross-Wave Tracker File/trk2020TR_R.txt,text mention; manual mapping required
HRS,strata,codebook_or_dofile_text,line 528,"computation stratum.  Due to their population size, two sampling error",/mnt/e/Database/七大老年健康数据库数据/3. HRS  美国/HRS_美国/Raw_data/Cross-Wave Tracker File/trk2020TR_R.txt,text mention; manual mapping required
HRS,strata,codebook_or_dofile_text,line 529,computation strata are defined for each of the three largest MSAs.  Pairs of,/mnt/e/Database/七大老年健康数据库数据/3. HRS  美国/HRS_美国/Raw_data/Cross-Wave Tracker File/trk2020TR_R.txt,text mention; manual mapping required
HRS,strata,codebook_or_dofile_text,line 530,similar nonself-representing (NSR) primary stage design strata are 'collapsed',/mnt/e/Database/七大老年健康数据库数据/3. HRS  美国/HRS_美国/Raw_data/Cross-Wave Tracker File/trk2020TR_R.txt,text mention; manual mapping required
HRS,strata,codebook_or_dofile_text,line 531,"(Kalton, 1977) to create NSR sampling error computation strata.",/mnt/e/Database/七大老年健康数据库数据/3. HRS  美国/HRS_美国/Raw_data/Cross-Wave Tracker File/trk2020TR_R.txt,text mention; manual mapping required
HRS,strata,codebook_or_dofile_text,line 536,"resulted in an expansion of the STRATUM values. Until HRS 2014, STRATUM values",/mnt/e/Database/七大老年健康数据库数据/3. HRS  美国/HRS_美国/Raw_data/Cross-Wave Tracker File/trk2020TR_R.txt,text mention; manual mapping required
HRS,strata,codebook_or_dofile_text,line 1840,from CPS definitions and CPS data are restructured for post-stratification. See,/mnt/e/Database/七大老年健康数据库数据/3. HRS  美国/HRS_美国/Raw_data/Cross-Wave Tracker File/trk2020TR_R.txt,text mention; manual mapping required
HRS,strata,codebook_or_dofile_text,line 2206,from CPS definitions and CPS data are restructured for post-stratification. See,/mnt/e/Database/七大老年健康数据库数据/3. HRS  美国/HRS_美国/Raw_data/Cross-Wave Tracker File/trk2020TR_R.txt,text mention; manual mapping required
HRS,strata,codebook_or_dofile_text,line 2595,from CPS definitions and CPS data are restructured for post-stratification. See,/mnt/e/Database/七大老年健康数据库数据/3. HRS  美国/HRS_美国/Raw_data/Cross-Wave Tracker File/trk2020TR_R.txt,text mention; manual mapping required
HRS,strata,codebook_or_dofile_text,line 3000,from CPS definitions and CPS data are restructured for post-stratification. See,/mnt/e/Database/七大老年健康数据库数据/3. HRS  美国/HRS_美国/Raw_data/Cross-Wave Tracker File/trk2020TR_R.txt,text mention; manual mapping required
HRS,strata,codebook_or_dofile_text,line 3419,from CPS definitions and CPS data are restructured for post-stratification. See,/mnt/e/Database/七大老年健康数据库数据/3. HRS  美国/HRS_美国/Raw_data/Cross-Wave Tracker File/trk2020TR_R.txt,text mention; manual mapping required
HRS,strata,codebook_or_dofile_text,line 3890,from CPS definitions and CPS data are restructured for post-stratification. See,/mnt/e/Database/七大老年健康数据库数据/3. HRS  美国/HRS_美国/Raw_data/Cross-Wave Tracker File/trk2020TR_R.txt,text mention; manual mapping required
HRS,strata,codebook_or_dofile_text,line 4326,from CPS definitions and CPS data are restructured for post-stratification. See,/mnt/e/Database/七大老年健康数据库数据/3. HRS  美国/HRS_美国/Raw_data/Cross-Wave Tracker File/trk2020TR_R.txt,text mention; manual mapping required
HRS,strata,codebook_or_dofile_text,line 4803,from CPS definitions and CPS data are restructured for post-stratification. See,/mnt/e/Database/七大老年健康数据库数据/3. HRS  美国/HRS_美国/Raw_data/Cross-Wave Tracker File/trk2020TR_R.txt,text mention; manual mapping required
HRS,strata,codebook_or_dofile_text,line 5339,from ACS definitions and ACS data are restructured for post-stratification. See,/mnt/e/Database/七大老年健康数据库数据/3. HRS  美国/HRS_美国/Raw_data/Cross-Wave Tracker File/trk2020TR_R.txt,text mention; manual mapping required
HRS,strata,codebook_or_dofile_text,line 5926,from ACS definitions and ACS data are restructured for post-stratification. See,/mnt/e/Database/七大老年健康数据库数据/3. HRS  美国/HRS_美国/Raw_data/Cross-Wave Tracker File/trk2020TR_R.txt,text mention; manual mapping required
HRS,strata,codebook_or_dofile_text,line 6491,from ACS definitions and ACS data are restructured for post-stratification. See,/mnt/e/Database/七大老年健康数据库数据/3. HRS  美国/HRS_美国/Raw_data/Cross-Wave Tracker File/trk2020TR_R.txt,text mention; manual mapping required
HRS,strata,codebook_or_dofile_text,line 7061,from ACS definitions and ACS data are restructured for post-stratification. See,/mnt/e/Database/七大老年健康数据库数据/3. HRS  美国/HRS_美国/Raw_data/Cross-Wave Tracker File/trk2020TR_R.txt,text mention; manual mapping required
HRS,strata,codebook_or_dofile_text,line 7634,from ACS definitions and ACS data are restructured for post-stratification. See,/mnt/e/Database/七大老年健康数据库数据/3. HRS  美国/HRS_美国/Raw_data/Cross-Wave Tracker File/trk2020TR_R.txt,text mention; manual mapping required
HRS,strata,codebook_or_dofile_text,line 8205,from ACS definitions and ACS data are restructured for post-stratification. See,/mnt/e/Database/七大老年健康数据库数据/3. HRS  美国/HRS_美国/Raw_data/Cross-Wave Tracker File/trk2020TR_R.txt,text mention; manual mapping required
HRS,strata,codebook_or_dofile_text,line 8790,from ACS definitions and ACS data are restructured for post-stratification.,/mnt/e/Database/七大老年健康数据库数据/3. HRS  美国/HRS_美国/Raw_data/Cross-Wave Tracker File/trk2020TR_R.txt,text mention; manual mapping required
KLoSA,weight,codebook_or_dofile_text,line 968,r@urinb r@urinpad r@vigact r@vigactf_k r@weight r@work r@catrct ///,/mnt/e/Database/七大老年健康数据库数据/4. KLoSA 韩国/KLoSA_韩国/Dofiles/no.10_KLoSA_数据合并.do,text mention; manual mapping required
KLoSA,weight,codebook_or_dofile_text,line 1013,rxliver rxdigest bmi height weight bmicat obese sighta dsighta nsighta ///,/mnt/e/Database/七大老年健康数据库数据/4. KLoSA 韩国/KLoSA_韩国/Dofiles/no.10_KLoSA_数据合并.do,text mention; manual mapping required
KLoSA,weight,codebook_or_dofile_text,line 1149,***sampling weight*********,/mnt/e/Database/七大老年健康数据库数据/4. KLoSA 韩国/KLoSA_韩国/Raw_data/H_KLoSA/H_KLoSA_long.do,text mention; manual mapping required
KLoSA,psu,codebook_or_dofile_text,line 1153,"label variable raeclust   ""raeclust: cluster variable""",/mnt/e/Database/七大老年健康数据库数据/4. KLoSA 韩国/KLoSA_韩国/Raw_data/H_KLoSA/H_KLoSA_long.do,text mention; manual mapping required
KLoSA,strata,codebook_or_dofile_text,line 1155,***strata variables,/mnt/e/Database/七大老年健康数据库数据/4. KLoSA 韩国/KLoSA_韩国/Raw_data/H_KLoSA/H_KLoSA_long.do,text mention; manual mapping required
KLoSA,strata,codebook_or_dofile_text,line 1158,"label variable raestrat ""raestrat: stratification variable""",/mnt/e/Database/七大老年健康数据库数据/4. KLoSA 韩国/KLoSA_韩国/Raw_data/H_KLoSA/H_KLoSA_long.do,text mention; manual mapping required
KLoSA,weight,codebook_or_dofile_text,line 1161,***person-level analysis weight******,/mnt/e/Database/七大老年健康数据库数据/4. KLoSA 韩国/KLoSA_韩国/Raw_data/H_KLoSA/H_KLoSA_long.do,text mention; manual mapping required
KLoSA,weight,codebook_or_dofile_text,line 1162,***respondent longitudinal weight now is called horizontal weight w01wgt_c,/mnt/e/Database/七大老年健康数据库数据/4. KLoSA 韩国/KLoSA_韩国/Raw_data/H_KLoSA/H_KLoSA_long.do,text mention; manual mapping required
KLoSA,weight,codebook_or_dofile_text,line 1163,gen r`wv'wtresp = .,/mnt/e/Database/七大老年健康数据库数据/4. KLoSA 韩国/KLoSA_韩国/Raw_data/H_KLoSA/H_KLoSA_long.do,text mention; manual mapping required
KLoSA,weight,codebook_or_dofile_text,line 1164,replace r`wv'wtresp = w01wgt_c,/mnt/e/Database/七大老年健康数据库数据/4. KLoSA 韩国/KLoSA_韩国/Raw_data/H_KLoSA/H_KLoSA_long.do,text mention; manual mapping required
KLoSA,weight,codebook_or_dofile_text,line 1165,"label variable r`wv'wtresp ""r`wv'wtresp:w`wv' R person-level cross-sectional weight""",/mnt/e/Database/七大老年健康数据库数据/4. KLoSA 韩国/KLoSA_韩国/Raw_data/H_KLoSA/H_KLoSA_long.do,text mention; manual mapping required
KLoSA,weight,codebook_or_dofile_text,line 1168,gen s`wv'wtresp =.,/mnt/e/Database/七大老年健康数据库数据/4. KLoSA 韩国/KLoSA_韩国/Raw_data/H_KLoSA/H_KLoSA_long.do,text mention; manual mapping required
KLoSA,weight,codebook_or_dofile_text,line 1169,"spouse r`wv'wtresp, result(s`wv'wtresp) wave(1)",/mnt/e/Database/七大老年健康数据库数据/4. KLoSA 韩国/KLoSA_韩国/Raw_data/H_KLoSA/H_KLoSA_long.do,text mention; manual mapping required
KLoSA,weight,codebook_or_dofile_text,line 1170,"label variable s`wv'wtresp ""s`wv'wtresp:w`wv' S person-level cross-sectional weight""",/mnt/e/Database/七大老年健康数据库数据/4. KLoSA 韩国/KLoSA_韩国/Raw_data/H_KLoSA/H_KLoSA_long.do,text mention; manual mapping required
KLoSA,weight,codebook_or_dofile_text,line 1181,"*	label var r`wv'wtjobx ""r`wv'wtjobx:w`wv' R job history cross-sectional weight""",/mnt/e/Database/七大老年健康数据库数据/4. KLoSA 韩国/KLoSA_韩国/Raw_data/H_KLoSA/H_KLoSA_long.do,text mention; manual mapping required
KLoSA,weight,codebook_or_dofile_text,line 1185,"*	label var r`wv'wtjobl	""r`wv'wtjobl:w`wv' R job history longitudinal weight""",/mnt/e/Database/七大老年健康数据库数据/4. KLoSA 韩国/KLoSA_韩国/Raw_data/H_KLoSA/H_KLoSA_long.do,text mention; manual mapping required
KLoSA,weight,codebook_or_dofile_text,line 1552,***person-level analysis weight******,/mnt/e/Database/七大老年健康数据库数据/4. KLoSA 韩国/KLoSA_韩国/Raw_data/H_KLoSA/H_KLoSA_long.do,text mention; manual mapping required
KLoSA,weight,codebook_or_dofile_text,line 1553,***respondent longitudinal weight,/mnt/e/Database/七大老年健康数据库数据/4. KLoSA 韩国/KLoSA_韩国/Raw_data/H_KLoSA/H_KLoSA_long.do,text mention; manual mapping required
KLoSA,weight,codebook_or_dofile_text,line 1556,"label variable r`wv'lwtresp ""r`wv'lwtresp:w`wv' R person-level longitudinal weight, core sample""",/mnt/e/Database/七大老年健康数据库数据/4. KLoSA 韩国/KLoSA_韩国/Raw_data/H_KLoSA/H_KLoSA_long.do,text mention; manual mapping required
KLoSA,weight,codebook_or_dofile_text,line 1561,"label variable s`wv'lwtresp ""s`wv'lwtresp:w`wv' S person-level longitudinal weight, core sample""",/mnt/e/Database/七大老年健康数据库数据/4. KLoSA 韩国/KLoSA_韩国/Raw_data/H_KLoSA/H_KLoSA_long.do,text mention; manual mapping required
KLoSA,weight,codebook_or_dofile_text,line 1563,***respondent cross-sectional weight,/mnt/e/Database/七大老年健康数据库数据/4. KLoSA 韩国/KLoSA_韩国/Raw_data/H_KLoSA/H_KLoSA_long.do,text mention; manual mapping required
KLoSA,weight,codebook_or_dofile_text,line 1564,gen r`wv'wtresp = .,/mnt/e/Database/七大老年健康数据库数据/4. KLoSA 韩国/KLoSA_韩国/Raw_data/H_KLoSA/H_KLoSA_long.do,text mention; manual mapping required
KLoSA,weight,codebook_or_dofile_text,line 1565,replace r`wv'wtresp = w02wgt_c,/mnt/e/Database/七大老年健康数据库数据/4. KLoSA 韩国/KLoSA_韩国/Raw_data/H_KLoSA/H_KLoSA_long.do,text mention; manual mapping required
KLoSA,weight,codebook_or_dofile_text,line 1566,"label variable r`wv'wtresp ""r`wv'wtresp:w`wv' R person-level cross-sectional weight""",/mnt/e/Database/七大老年健康数据库数据/4. KLoSA 韩国/KLoSA_韩国/Raw_data/H_KLoSA/H_KLoSA_long.do,text mention; manual mapping required
KLoSA,weight,codebook_or_dofile_text,line 1569,gen s`wv'wtresp =.,/mnt/e/Database/七大老年健康数据库数据/4. KLoSA 韩国/KLoSA_韩国/Raw_data/H_KLoSA/H_KLoSA_long.do,text mention; manual mapping required
KLoSA,weight,codebook_or_dofile_text,line 1570,"spouse r`wv'wtresp, result(s`wv'wtresp) wave(2)",/mnt/e/Database/七大老年健康数据库数据/4. KLoSA 韩国/KLoSA_韩国/Raw_data/H_KLoSA/H_KLoSA_long.do,text mention; manual mapping required
KLoSA,weight,codebook_or_dofile_text,line 1571,"label variable s`wv'wtresp ""s`wv'wtresp:w`wv' S person-level cross-sectional weight""",/mnt/e/Database/七大老年健康数据库数据/4. KLoSA 韩国/KLoSA_韩国/Raw_data/H_KLoSA/H_KLoSA_long.do,text mention; manual mapping required
KLoSA,weight,codebook_or_dofile_text,line 1985,***person-level analysis weight******,/mnt/e/Database/七大老年健康数据库数据/4. KLoSA 韩国/KLoSA_韩国/Raw_data/H_KLoSA/H_KLoSA_long.do,text mention; manual mapping required
KLoSA,weight,codebook_or_dofile_text,line 1986,***respondent longitudinal weight,/mnt/e/Database/七大老年健康数据库数据/4. KLoSA 韩国/KLoSA_韩国/Raw_data/H_KLoSA/H_KLoSA_long.do,text mention; manual mapping required
KLoSA,weight,codebook_or_dofile_text,line 1990,"label variable r`wv'lwtresp ""r`wv'lwtresp:w`wv' R person-level longitudinal weight, core sample""",/mnt/e/Database/七大老年健康数据库数据/4. KLoSA 韩国/KLoSA_韩国/Raw_data/H_KLoSA/H_KLoSA_long.do,text mention; manual mapping required
KLoSA,weight,codebook_or_dofile_text,line 1995,"label variable s`wv'lwtresp ""s`wv'lwtresp:w`wv' S person-level longitudinal weight, core sample""",/mnt/e/Database/七大老年健康数据库数据/4. KLoSA 韩国/KLoSA_韩国/Raw_data/H_KLoSA/H_KLoSA_long.do,text mention; manual mapping required
KLoSA,weight,codebook_or_dofile_text,line 1997,***respondent cross-sectional weight,/mnt/e/Database/七大老年健康数据库数据/4. KLoSA 韩国/KLoSA_韩国/Raw_data/H_KLoSA/H_KLoSA_long.do,text mention; manual mapping required
KLoSA,weight,codebook_or_dofile_text,line 1998,gen r`wv'wtresp = .,/mnt/e/Database/七大老年健康数据库数据/4. KLoSA 韩国/KLoSA_韩国/Raw_data/H_KLoSA/H_KLoSA_long.do,text mention; manual mapping required
KLoSA,weight,codebook_or_dofile_text,line 1999,replace r`wv'wtresp = w03wgt_c,/mnt/e/Database/七大老年健康数据库数据/4. KLoSA 韩国/KLoSA_韩国/Raw_data/H_KLoSA/H_KLoSA_long.do,text mention; manual mapping required
KLoSA,weight,codebook_or_dofile_text,line 2000,"label variable r`wv'wtresp ""r`wv'wtresp:w`wv' r person-level cross-sectional weight""",/mnt/e/Database/七大老年健康数据库数据/4. KLoSA 韩国/KLoSA_韩国/Raw_data/H_KLoSA/H_KLoSA_long.do,text mention; manual mapping required
KLoSA,weight,codebook_or_dofile_text,line 2003,gen s`wv'wtresp =.,/mnt/e/Database/七大老年健康数据库数据/4. KLoSA 韩国/KLoSA_韩国/Raw_data/H_KLoSA/H_KLoSA_long.do,text mention; manual mapping required
KLoSA,weight,codebook_or_dofile_text,line 2004,"spouse r`wv'wtresp, result(s`wv'wtresp) wave(3)",/mnt/e/Database/七大老年健康数据库数据/4. KLoSA 韩国/KLoSA_韩国/Raw_data/H_KLoSA/H_KLoSA_long.do,text mention; manual mapping required
KLoSA,weight,codebook_or_dofile_text,line 2005,"label variable s`wv'wtresp ""s`wv'wtresp:w`wv' S person-level cross-sectional weight""",/mnt/e/Database/七大老年健康数据库数据/4. KLoSA 韩国/KLoSA_韩国/Raw_data/H_KLoSA/H_KLoSA_long.do,text mention; manual mapping required
KLoSA,weight,codebook_or_dofile_text,line 2409,***person-level analysis weight******,/mnt/e/Database/七大老年健康数据库数据/4. KLoSA 韩国/KLoSA_韩国/Raw_data/H_KLoSA/H_KLoSA_long.do,text mention; manual mapping required
KLoSA,weight,codebook_or_dofile_text,line 2410,***respondent longitudinal weight,/mnt/e/Database/七大老年健康数据库数据/4. KLoSA 韩国/KLoSA_韩国/Raw_data/H_KLoSA/H_KLoSA_long.do,text mention; manual mapping required
KLoSA,weight,codebook_or_dofile_text,line 2414,"label variable r`wv'lwtresp ""r`wv'lwtresp:w`wv' R person-level longitudinal weight, core sample""",/mnt/e/Database/七大老年健康数据库数据/4. KLoSA 韩国/KLoSA_韩国/Raw_data/H_KLoSA/H_KLoSA_long.do,text mention; manual mapping required
KLoSA,weight,codebook_or_dofile_text,line 2419,"label variable s`wv'lwtresp ""s`wv'lwtresp:w`wv' S person-level longitudinal weight, core sample""",/mnt/e/Database/七大老年健康数据库数据/4. KLoSA 韩国/KLoSA_韩国/Raw_data/H_KLoSA/H_KLoSA_long.do,text mention; manual mapping required
KLoSA,weight,codebook_or_dofile_text,line 2421,***respondent cross-sectional weight,/mnt/e/Database/七大老年健康数据库数据/4. KLoSA 韩国/KLoSA_韩国/Raw_data/H_KLoSA/H_KLoSA_long.do,text mention; manual mapping required
KLoSA,strata,codebook_or_dofile_text,line 2723,***strata variables,/mnt/e/Database/七大老年健康数据库数据/4. KLoSA 韩国/KLoSA_韩国/Raw_data/H_KLoSA/H_KLoSA_long.do,text mention; manual mapping required
KLoSA,strata,codebook_or_dofile_text,line 3198,***strata variables,/mnt/e/Database/七大老年健康数据库数据/4. KLoSA 韩国/KLoSA_韩国/Raw_data/H_KLoSA/H_KLoSA_long.do,text mention; manual mapping required
LASI,psu,codebook_or_dofile_text,line 60,local demo_w0_all rcvid_r spousecvid_r proxy_r strata psu ///,/mnt/e/Database/七大老年健康数据库数据/5. LASI 印度/LASI_印度/Raw_data/Harmonized LASI (2010 Pilot)/H_LASI_Pilot_long.do,text mention; manual mapping required
LASI,strata,codebook_or_dofile_text,line 60,local demo_w0_all rcvid_r spousecvid_r proxy_r strata psu ///,/mnt/e/Database/七大老年健康数据库数据/5. LASI 印度/LASI_印度/Raw_data/Harmonized LASI (2010 Pilot)/H_LASI_Pilot_long.do,text mention; manual mapping required
LASI,weight,codebook_or_dofile_text,line 378,****Weight*****************,/mnt/e/Database/七大老年健康数据库数据/5. LASI 印度/LASI_印度/Raw_data/Harmonized LASI (2010 Pilot)/H_LASI_Pilot_long.do,text mention; manual mapping required
LASI,weight,codebook_or_dofile_text,line 384,"label variable h0pwthh ""h0pwthh: w0 Pooled Household weight""",/mnt/e/Database/七大老年健康数据库数据/5. LASI 印度/LASI_印度/Raw_data/Harmonized LASI (2010 Pilot)/H_LASI_Pilot_long.do,text mention; manual mapping required
LASI,weight,codebook_or_dofile_text,line 385,"label variable h0swthh ""h0swthh: w0 State Household weight""",/mnt/e/Database/七大老年健康数据库数据/5. LASI 印度/LASI_印度/Raw_data/Harmonized LASI (2010 Pilot)/H_LASI_Pilot_long.do,text mention; manual mapping required
LASI,weight,codebook_or_dofile_text,line 386,"label variable r0pwtresp ""r0pwtresp: w0 Pooled person-level weight""",/mnt/e/Database/七大老年健康数据库数据/5. LASI 印度/LASI_印度/Raw_data/Harmonized LASI (2010 Pilot)/H_LASI_Pilot_long.do,text mention; manual mapping required
LASI,weight,codebook_or_dofile_text,line 387,"label variable r0swtresp ""r0swtresp: w0 State person-level weight""",/mnt/e/Database/七大老年健康数据库数据/5. LASI 印度/LASI_印度/Raw_data/Harmonized LASI (2010 Pilot)/H_LASI_Pilot_long.do,text mention; manual mapping required
LASI,weight,codebook_or_dofile_text,line 391,"label variable s0pwtresp ""s0pwtresp: w0 Pooled person-level weight""",/mnt/e/Database/七大老年健康数据库数据/5. LASI 印度/LASI_印度/Raw_data/Harmonized LASI (2010 Pilot)/H_LASI_Pilot_long.do,text mention; manual mapping required
LASI,weight,codebook_or_dofile_text,line 395,"label variable s0swtresp ""s0swtresp: w0 State person-level weight""",/mnt/e/Database/七大老年健康数据库数据/5. LASI 印度/LASI_印度/Raw_data/Harmonized LASI (2010 Pilot)/H_LASI_Pilot_long.do,text mention; manual mapping required
LASI,psu,codebook_or_dofile_text,line 397,****strata psu*****,/mnt/e/Database/七大老年健康数据库数据/5. LASI 印度/LASI_印度/Raw_data/Harmonized LASI (2010 Pilot)/H_LASI_Pilot_long.do,text mention; manual mapping required
LASI,strata,codebook_or_dofile_text,line 397,****strata psu*****,/mnt/e/Database/七大老年健康数据库数据/5. LASI 印度/LASI_印度/Raw_data/Harmonized LASI (2010 Pilot)/H_LASI_Pilot_long.do,text mention; manual mapping required
LASI,strata,codebook_or_dofile_text,line 398,"destring strata,gen( r0strat)",/mnt/e/Database/七大老年健康数据库数据/5. LASI 印度/LASI_印度/Raw_data/Harmonized LASI (2010 Pilot)/H_LASI_Pilot_long.do,text mention; manual mapping required
LASI,strata,codebook_or_dofile_text,line 399,"label var r0strat ""r0strat: w0 Strata variable""",/mnt/e/Database/七大老年健康数据库数据/5. LASI 印度/LASI_印度/Raw_data/Harmonized LASI (2010 Pilot)/H_LASI_Pilot_long.do,text mention; manual mapping required
LASI,strata,codebook_or_dofile_text,line 403,"label variable s0strat ""s0strat:w0 Strata variable""",/mnt/e/Database/七大老年健康数据库数据/5. LASI 印度/LASI_印度/Raw_data/Harmonized LASI (2010 Pilot)/H_LASI_Pilot_long.do,text mention; manual mapping required
LASI,psu,codebook_or_dofile_text,line 405,gen r0psu = psu,/mnt/e/Database/七大老年健康数据库数据/5. LASI 印度/LASI_印度/Raw_data/Harmonized LASI (2010 Pilot)/H_LASI_Pilot_long.do,text mention; manual mapping required
LASI,psu,codebook_or_dofile_text,line 406,"label var r0psu ""r0psu: w0 Psu variable""",/mnt/e/Database/七大老年健康数据库数据/5. LASI 印度/LASI_印度/Raw_data/Harmonized LASI (2010 Pilot)/H_LASI_Pilot_long.do,text mention; manual mapping required
LASI,strata,codebook_or_dofile_text,line 410,"label variable s0psu ""s0strat:w0 Strata variable""",/mnt/e/Database/七大老年健康数据库数据/5. LASI 印度/LASI_印度/Raw_data/Harmonized LASI (2010 Pilot)/H_LASI_Pilot_long.do,text mention; manual mapping required
LASI,weight,codebook_or_dofile_text,line 1136,"label variable r0weight ""r0weight: weight in kilograms""",/mnt/e/Database/七大老年健康数据库数据/5. LASI 印度/LASI_印度/Raw_data/Harmonized LASI (2010 Pilot)/H_LASI_Pilot_long.do,text mention; manual mapping required
LASI,weight,codebook_or_dofile_text,line 1141,"label variable s0weight ""s0weight: w0 weight in kilograms""",/mnt/e/Database/七大老年健康数据库数据/5. LASI 印度/LASI_印度/Raw_data/Harmonized LASI (2010 Pilot)/H_LASI_Pilot_long.do,text mention; manual mapping required
LASI,psu,codebook_or_dofile_text,line 1414,r?psu ///,/mnt/e/Database/七大老年健康数据库数据/5. LASI 印度/LASI_印度/Raw_data/Harmonized LASI (2010 Pilot)/H_LASI_Pilot_long.do,text mention; manual mapping required
LASI,psu,codebook_or_dofile_text,line 1415,s?psu ///,/mnt/e/Database/七大老年健康数据库数据/5. LASI 印度/LASI_印度/Raw_data/Harmonized LASI (2010 Pilot)/H_LASI_Pilot_long.do,text mention; manual mapping required
LASI,strata,codebook_or_dofile_text,line 1416,r?strat ///,/mnt/e/Database/七大老年健康数据库数据/5. LASI 印度/LASI_印度/Raw_data/Harmonized LASI (2010 Pilot)/H_LASI_Pilot_long.do,text mention; manual mapping required
LASI,strata,codebook_or_dofile_text,line 1417,s?strat ///,/mnt/e/Database/七大老年健康数据库数据/5. LASI 印度/LASI_印度/Raw_data/Harmonized LASI (2010 Pilot)/H_LASI_Pilot_long.do,text mention; manual mapping required
LASI,weight,codebook_or_dofile_text,line 1523,r?weight ///,/mnt/e/Database/七大老年健康数据库数据/5. LASI 印度/LASI_印度/Raw_data/Harmonized LASI (2010 Pilot)/H_LASI_Pilot_long.do,text mention; manual mapping required
LASI,weight,codebook_or_dofile_text,line 1524,s?weight ///,/mnt/e/Database/七大老年健康数据库数据/5. LASI 印度/LASI_印度/Raw_data/Harmonized LASI (2010 Pilot)/H_LASI_Pilot_long.do,text mention; manual mapping required
LASI,weight,codebook_or_dofile_text,line 857,***merge with weights file***,/mnt/e/Database/七大老年健康数据库数据/5. LASI 印度/LASI_印度/Raw_data/Harmonized LASI (A.2)/H_LASI_long.do,text mention; manual mapping required
LASI,weight,codebook_or_dofile_text,line 1120,***Individual Weights***,/mnt/e/Database/七大老年健康数据库数据/5. LASI 印度/LASI_印度/Raw_data/Harmonized LASI (A.2)/H_LASI_long.do,text mention; manual mapping required
LASI,weight,codebook_or_dofile_text,line 1123,***individual-level post-stratification weights,/mnt/e/Database/七大老年健康数据库数据/5. LASI 印度/LASI_印度/Raw_data/Harmonized LASI (A.2)/H_LASI_long.do,text mention; manual mapping required
LASI,strata,codebook_or_dofile_text,line 1123,***individual-level post-stratification weights,/mnt/e/Database/七大老年健康数据库数据/5. LASI 印度/LASI_印度/Raw_data/Harmonized LASI (A.2)/H_LASI_long.do,text mention; manual mapping required
LASI,weight,codebook_or_dofile_text,line 1124,gen r`wv'wtresp = lasi_ind_weight,/mnt/e/Database/七大老年健康数据库数据/5. LASI 印度/LASI_印度/Raw_data/Harmonized LASI (A.2)/H_LASI_long.do,text mention; manual mapping required
LASI,weight,codebook_or_dofile_text,line 1125,"label variable r`wv'wtresp ""r`wv'wtresp:w`wv' r person-level post-stratified analysis weight""",/mnt/e/Database/七大老年健康数据库数据/5. LASI 印度/LASI_印度/Raw_data/Harmonized LASI (A.2)/H_LASI_long.do,text mention; manual mapping required
LASI,weight,codebook_or_dofile_text,line 1128,gen s`wv'wtresp=.,/mnt/e/Database/七大老年健康数据库数据/5. LASI 印度/LASI_印度/Raw_data/Harmonized LASI (A.2)/H_LASI_long.do,text mention; manual mapping required
LASI,weight,codebook_or_dofile_text,line 1129,"spouse r`wv'wtresp, result(s`wv'wtresp) wave(`wv')",/mnt/e/Database/七大老年健康数据库数据/5. LASI 印度/LASI_印度/Raw_data/Harmonized LASI (A.2)/H_LASI_long.do,text mention; manual mapping required
LASI,weight,codebook_or_dofile_text,line 1130,"label variable s`wv'wtresp ""s`wv'wtresp:w`wv' s person-level post-stratified analysis weight""",/mnt/e/Database/七大老年健康数据库数据/5. LASI 印度/LASI_印度/Raw_data/Harmonized LASI (A.2)/H_LASI_long.do,text mention; manual mapping required
LASI,weight,codebook_or_dofile_text,line 1134,***HH Weights***,/mnt/e/Database/七大老年健康数据库数据/5. LASI 印度/LASI_印度/Raw_data/Harmonized LASI (A.2)/H_LASI_long.do,text mention; manual mapping required
LASI,weight,codebook_or_dofile_text,line 1137,***household-level post-stratification weights,/mnt/e/Database/七大老年健康数据库数据/5. LASI 印度/LASI_印度/Raw_data/Harmonized LASI (A.2)/H_LASI_long.do,text mention; manual mapping required
LASI,strata,codebook_or_dofile_text,line 1137,***household-level post-stratification weights,/mnt/e/Database/七大老年健康数据库数据/5. LASI 印度/LASI_印度/Raw_data/Harmonized LASI (A.2)/H_LASI_long.do,text mention; manual mapping required
LASI,weight,codebook_or_dofile_text,line 1139,"label variable hh`wv'wthh ""hh`wv'wthh:w`wv' household-level post-stratified analysis weight""",/mnt/e/Database/七大老年健康数据库数据/5. LASI 印度/LASI_印度/Raw_data/Harmonized LASI (A.2)/H_LASI_long.do,text mention; manual mapping required
LASI,weight,codebook_or_dofile_text,line 1890,***drop LASI wave 1 weights***,/mnt/e/Database/七大老年健康数据库数据/5. LASI 印度/LASI_印度/Raw_data/Harmonized LASI (A.2)/H_LASI_long.do,text mention; manual mapping required
LASI,weight,codebook_or_dofile_text,line 9369,"2 ""2.normal weight (18.5-24.9)"" ///",/mnt/e/Database/七大老年健康数据库数据/5. LASI 印度/LASI_印度/Raw_data/Harmonized LASI (A.2)/H_LASI_long.do,text mention; manual mapping required
LASI,weight,codebook_or_dofile_text,line 10225,***Weight***,/mnt/e/Database/七大老年健康数据库数据/5. LASI 印度/LASI_印度/Raw_data/Harmonized LASI (A.2)/H_LASI_long.do,text mention; manual mapping required
LASI,weight,codebook_or_dofile_text,line 10228,***willing/able to complete weight***,/mnt/e/Database/七大老年健康数据库数据/5. LASI 印度/LASI_印度/Raw_data/Harmonized LASI (A.2)/H_LASI_long.do,text mention; manual mapping required
LASI,weight,codebook_or_dofile_text,line 10234,"label variable r`wv'wtcomp ""r`wv'wtcomp:w`wv' r willing and able to complete weight measurement""",/mnt/e/Database/七大老年健康数据库数据/5. LASI 印度/LASI_印度/Raw_data/Harmonized LASI (A.2)/H_LASI_long.do,text mention; manual mapping required
LASI,weight,codebook_or_dofile_text,line 10239,"label variable s`wv'wtcomp ""s`wv'wtcomp:w`wv' s willing and able to complete weight measurement""",/mnt/e/Database/七大老年健康数据库数据/5. LASI 印度/LASI_印度/Raw_data/Harmonized LASI (A.2)/H_LASI_long.do,text mention; manual mapping required
LASI,weight,codebook_or_dofile_text,line 10242,***Measurement weight,/mnt/e/Database/七大老年健康数据库数据/5. LASI 印度/LASI_印度/Raw_data/Harmonized LASI (A.2)/H_LASI_long.do,text mention; manual mapping required
LASI,weight,codebook_or_dofile_text,line 10250,"label variable r`wv'mweight ""r`wv'mweight:w`wv' r weight measurement in kilograms""",/mnt/e/Database/七大老年健康数据库数据/5. LASI 印度/LASI_印度/Raw_data/Harmonized LASI (A.2)/H_LASI_long.do,text mention; manual mapping required
LASI,weight,codebook_or_dofile_text,line 10254,"label variable s`wv'mweight ""s`wv'mweight:w`wv' s weight measurement in kilograms""",/mnt/e/Database/七大老年健康数据库数据/5. LASI 印度/LASI_印度/Raw_data/Harmonized LASI (A.2)/H_LASI_long.do,text mention; manual mapping required
LASI,weight,codebook_or_dofile_text,line 10256,***Wearing any artificial limbs or orthosis during weight measure,/mnt/e/Database/七大老年健康数据库数据/5. LASI 印度/LASI_印度/Raw_data/Harmonized LASI (A.2)/H_LASI_long.do,text mention; manual mapping required
LASI,weight,codebook_or_dofile_text,line 10262,"label variable r`wv'wtlimbs ""r`wv'wtlimbs:w`wv' r wearing artificial limb/orthosis for weight measure""",/mnt/e/Database/七大老年健康数据库数据/5. LASI 印度/LASI_印度/Raw_data/Harmonized LASI (A.2)/H_LASI_long.do,text mention; manual mapping required
LASI,weight,codebook_or_dofile_text,line 10267,"label variable s`wv'wtlimbs ""s`wv'wtlimbs:w`wv' s wearing artificial limb/orthosis for weight measure""",/mnt/e/Database/七大老年健康数据库数据/5. LASI 印度/LASI_印度/Raw_data/Harmonized LASI (A.2)/H_LASI_long.do,text mention; manual mapping required
LASI,weight,codebook_or_dofile_text,line 10270,***compliance during weight measurement,/mnt/e/Database/七大老年健康数据库数据/5. LASI 印度/LASI_印度/Raw_data/Harmonized LASI (A.2)/H_LASI_long.do,text mention; manual mapping required
LASI,weight,codebook_or_dofile_text,line 10276,"label variable r`wv'wtcompl ""r`wv'wtcompl:w`wv' r compliance during weight measurement """,/mnt/e/Database/七大老年健康数据库数据/5. LASI 印度/LASI_印度/Raw_data/Harmonized LASI (A.2)/H_LASI_long.do,text mention; manual mapping required
LASI,weight,codebook_or_dofile_text,line 10281,"label variable s`wv'wtcompl ""s`wv'wtcompl:w`wv' s compliance during weight measurement """,/mnt/e/Database/七大老年健康数据库数据/5. LASI 印度/LASI_印度/Raw_data/Harmonized LASI (A.2)/H_LASI_long.do,text mention; manual mapping required
LASI,weight,codebook_or_dofile_text,line 12583,***Discrimination reason: Weight,/mnt/e/Database/七大老年健康数据库数据/5. LASI 印度/LASI_印度/Raw_data/Harmonized LASI (A.2)/H_LASI_long.do,text mention; manual mapping required
LASI,weight,codebook_or_dofile_text,line 12589,"label variable r`wv'dcwegt ""r`wv'dcwegt:w`wv' r discrimination reason:weight""",/mnt/e/Database/七大老年健康数据库数据/5. LASI 印度/LASI_印度/Raw_data/Harmonized LASI (A.2)/H_LASI_long.do,text mention; manual mapping required
LASI,weight,codebook_or_dofile_text,line 12595,"label variable s`wv'dcwegt ""s`wv'dcwegt:w`wv' s discrimination reason:weight""",/mnt/e/Database/七大老年健康数据库数据/5. LASI 印度/LASI_印度/Raw_data/Harmonized LASI (A.2)/H_LASI_long.do,text mention; manual mapping required
LASI,strata,codebook_or_dofile_text,line 1384,***individual-level post-stratification weights,/mnt/e/Database/七大老年健康数据库数据/5. LASI 印度/LASI_印度/Raw_data/Harmonized LASI (A.3)/H_LASI_long.do,text mention; manual mapping required
LASI,strata,codebook_or_dofile_text,line 1398,***household-level post-stratification weights,/mnt/e/Database/七大老年健康数据库数据/5. LASI 印度/LASI_印度/Raw_data/Harmonized LASI (A.3)/H_LASI_long.do,text mention; manual mapping required
LASI,strata,codebook_or_dofile_text,line 759,*Post-stratification weight,/mnt/e/Database/七大老年健康数据库数据/5. LASI 印度/LASI_印度/Raw_data/Harmonized LASI-DAD/h_dad_long.do,text mention; manual mapping required
LASI,strata,codebook_or_dofile_text,line 761,"label var r`wv'wtresp ""r`wv'wtresp:w`wv' r post-stratification weight """,/mnt/e/Database/七大老年健康数据库数据/5. LASI 印度/LASI_印度/Raw_data/Harmonized LASI-DAD/h_dad_long.do,text mention; manual mapping required
MHAS,weight,codebook_or_dofile_text,line 1193,r@tr16 r@urina2y r@vigact r@vscan r@walk1a r@walkra r@walksa r@watcomp r@weight ///,/mnt/e/Database/七大老年健康数据库数据/6. MHAS 墨西哥/MHAS_墨西哥/Dofiles/no.6_数据合并.do,text mention; manual mapping required
MHAS,weight,codebook_or_dofile_text,line 1239,painlv paina hystere lstmnspd bmi weight height vigact drink drinkd ///,/mnt/e/Database/七大老年健康数据库数据/6. MHAS 墨西哥/MHAS_墨西哥/Dofiles/no.6_数据合并.do,text mention; manual mapping required
MHAS,weight,codebook_or_dofile_text,line 2074,***Rename sample weights***,/mnt/e/Database/七大老年健康数据库数据/6. MHAS 墨西哥/MHAS_墨西哥/Raw_data/Harmonized MHAS File/H_MHAS_long.do,text mention; manual mapping required
MHAS,weight,codebook_or_dofile_text,line 2075,*Household-level analysis weights,/mnt/e/Database/七大老年健康数据库数据/6. MHAS 墨西哥/MHAS_墨西哥/Raw_data/Harmonized MHAS File/H_MHAS_long.do,text mention; manual mapping required
MHAS,weight,codebook_or_dofile_text,line 2077,"label variable r1wthh ""r1wthh: w1 Household Analysis Weight""",/mnt/e/Database/七大老年健康数据库数据/6. MHAS 墨西哥/MHAS_墨西哥/Raw_data/Harmonized MHAS File/H_MHAS_long.do,text mention; manual mapping required
MHAS,weight,codebook_or_dofile_text,line 2079,*Person-level analysis weights,/mnt/e/Database/七大老年健康数据库数据/6. MHAS 墨西哥/MHAS_墨西哥/Raw_data/Harmonized MHAS File/H_MHAS_long.do,text mention; manual mapping required
MHAS,weight,codebook_or_dofile_text,line 2081,"label variable r1wtresp ""r1wtresp: w1 R Person-Level Analysis Weight""",/mnt/e/Database/七大老年健康数据库数据/6. MHAS 墨西哥/MHAS_墨西哥/Raw_data/Harmonized MHAS File/H_MHAS_long.do,text mention; manual mapping required
MHAS,weight,codebook_or_dofile_text,line 2085,"label variable s1wtresp ""s1wtresp: w1 S Person-Level Analysis Weight""",/mnt/e/Database/七大老年健康数据库数据/6. MHAS 墨西哥/MHAS_墨西哥/Raw_data/Harmonized MHAS File/H_MHAS_long.do,text mention; manual mapping required
MHAS,weight,codebook_or_dofile_text,line 2477,***Rename sample weights***,/mnt/e/Database/七大老年健康数据库数据/6. MHAS 墨西哥/MHAS_墨西哥/Raw_data/Harmonized MHAS File/H_MHAS_long.do,text mention; manual mapping required
MHAS,weight,codebook_or_dofile_text,line 2478,*Household-level analysis weights,/mnt/e/Database/七大老年健康数据库数据/6. MHAS 墨西哥/MHAS_墨西哥/Raw_data/Harmonized MHAS File/H_MHAS_long.do,text mention; manual mapping required
MHAS,weight,codebook_or_dofile_text,line 2480,"label variable r2wthh ""r2wthh: w2 Household Analysis Weight""",/mnt/e/Database/七大老年健康数据库数据/6. MHAS 墨西哥/MHAS_墨西哥/Raw_data/Harmonized MHAS File/H_MHAS_long.do,text mention; manual mapping required
MHAS,weight,codebook_or_dofile_text,line 2482,*Person-level analysis weights,/mnt/e/Database/七大老年健康数据库数据/6. MHAS 墨西哥/MHAS_墨西哥/Raw_data/Harmonized MHAS File/H_MHAS_long.do,text mention; manual mapping required
MHAS,weight,codebook_or_dofile_text,line 2484,"label variable r2wtresp ""r2wtresp: w2 R Person-Level Analysis Weight""",/mnt/e/Database/七大老年健康数据库数据/6. MHAS 墨西哥/MHAS_墨西哥/Raw_data/Harmonized MHAS File/H_MHAS_long.do,text mention; manual mapping required
MHAS,weight,codebook_or_dofile_text,line 2488,"label variable s2wtresp ""s2wtresp: w2 S Person-Level Analysis Weight""",/mnt/e/Database/七大老年健康数据库数据/6. MHAS 墨西哥/MHAS_墨西哥/Raw_data/Harmonized MHAS File/H_MHAS_long.do,text mention; manual mapping required
MHAS,weight,codebook_or_dofile_text,line 2867,***Rename sample weights***,/mnt/e/Database/七大老年健康数据库数据/6. MHAS 墨西哥/MHAS_墨西哥/Raw_data/Harmonized MHAS File/H_MHAS_long.do,text mention; manual mapping required
MHAS,weight,codebook_or_dofile_text,line 2868,*Household-level anlaysis weights,/mnt/e/Database/七大老年健康数据库数据/6. MHAS 墨西哥/MHAS_墨西哥/Raw_data/Harmonized MHAS File/H_MHAS_long.do,text mention; manual mapping required
MHAS,weight,codebook_or_dofile_text,line 2870,"label variable r3wthh ""r3wthh: w3 Household Analysis Weight""",/mnt/e/Database/七大老年健康数据库数据/6. MHAS 墨西哥/MHAS_墨西哥/Raw_data/Harmonized MHAS File/H_MHAS_long.do,text mention; manual mapping required
MHAS,weight,codebook_or_dofile_text,line 2872,*Person-level analysis weights,/mnt/e/Database/七大老年健康数据库数据/6. MHAS 墨西哥/MHAS_墨西哥/Raw_data/Harmonized MHAS File/H_MHAS_long.do,text mention; manual mapping required
MHAS,weight,codebook_or_dofile_text,line 2874,"label variable r3wtresp ""r3wtresp: w3 R Person-Level Analysis Weight""",/mnt/e/Database/七大老年健康数据库数据/6. MHAS 墨西哥/MHAS_墨西哥/Raw_data/Harmonized MHAS File/H_MHAS_long.do,text mention; manual mapping required
MHAS,weight,codebook_or_dofile_text,line 2878,"label variable s3wtresp ""s3wtresp: w3 S Person-Level Analysis Weight""",/mnt/e/Database/七大老年健康数据库数据/6. MHAS 墨西哥/MHAS_墨西哥/Raw_data/Harmonized MHAS File/H_MHAS_long.do,text mention; manual mapping required
MHAS,weight,codebook_or_dofile_text,line 3296,***Rename sample weights***,/mnt/e/Database/七大老年健康数据库数据/6. MHAS 墨西哥/MHAS_墨西哥/Raw_data/Harmonized MHAS File/H_MHAS_long.do,text mention; manual mapping required
MHAS,weight,codebook_or_dofile_text,line 3297,*Household-level anlaysis weights,/mnt/e/Database/七大老年健康数据库数据/6. MHAS 墨西哥/MHAS_墨西哥/Raw_data/Harmonized MHAS File/H_MHAS_long.do,text mention; manual mapping required
MHAS,weight,codebook_or_dofile_text,line 3299,"label variable r`wv'wthh ""r`wv'wthh: w4 Household Analysis Weight""",/mnt/e/Database/七大老年健康数据库数据/6. MHAS 墨西哥/MHAS_墨西哥/Raw_data/Harmonized MHAS File/H_MHAS_long.do,text mention; manual mapping required
MHAS,weight,codebook_or_dofile_text,line 3301,*Person-level analysis weights,/mnt/e/Database/七大老年健康数据库数据/6. MHAS 墨西哥/MHAS_墨西哥/Raw_data/Harmonized MHAS File/H_MHAS_long.do,text mention; manual mapping required
MHAS,weight,codebook_or_dofile_text,line 3302,gen r`wv'wtresp=factori_15,/mnt/e/Database/七大老年健康数据库数据/6. MHAS 墨西哥/MHAS_墨西哥/Raw_data/Harmonized MHAS File/H_MHAS_long.do,text mention; manual mapping required
MHAS,weight,codebook_or_dofile_text,line 3303,"label variable r`wv'wtresp ""r`wv'wtresp: w4 R Person-Level Analysis Weight""",/mnt/e/Database/七大老年健康数据库数据/6. MHAS 墨西哥/MHAS_墨西哥/Raw_data/Harmonized MHAS File/H_MHAS_long.do,text mention; manual mapping required
MHAS,weight,codebook_or_dofile_text,line 3305,gen s`wv'wtresp =.,/mnt/e/Database/七大老年健康数据库数据/6. MHAS 墨西哥/MHAS_墨西哥/Raw_data/Harmonized MHAS File/H_MHAS_long.do,text mention; manual mapping required
MHAS,weight,codebook_or_dofile_text,line 3306,"spouse_w4 r`wv'wtresp, result(s`wv'wtresp)",/mnt/e/Database/七大老年健康数据库数据/6. MHAS 墨西哥/MHAS_墨西哥/Raw_data/Harmonized MHAS File/H_MHAS_long.do,text mention; manual mapping required
MHAS,weight,codebook_or_dofile_text,line 3307,"label variable s`wv'wtresp ""s`wv'wtresp: w4 S Person-Level Analysis Weight""",/mnt/e/Database/七大老年健康数据库数据/6. MHAS 墨西哥/MHAS_墨西哥/Raw_data/Harmonized MHAS File/H_MHAS_long.do,text mention; manual mapping required
MHAS,weight,codebook_or_dofile_text,line 3717,***Rename sample weights***,/mnt/e/Database/七大老年健康数据库数据/6. MHAS 墨西哥/MHAS_墨西哥/Raw_data/Harmonized MHAS File/H_MHAS_long.do,text mention; manual mapping required
MHAS,weight,codebook_or_dofile_text,line 3718,*Household-level anlaysis weights,/mnt/e/Database/七大老年健康数据库数据/6. MHAS 墨西哥/MHAS_墨西哥/Raw_data/Harmonized MHAS File/H_MHAS_long.do,text mention; manual mapping required
MHAS,weight,codebook_or_dofile_text,line 3720,"label variable r`wv'wthh ""r`wv'wthh: w`wv' Household Analysis Weight""",/mnt/e/Database/七大老年健康数据库数据/6. MHAS 墨西哥/MHAS_墨西哥/Raw_data/Harmonized MHAS File/H_MHAS_long.do,text mention; manual mapping required
MHAS,weight,codebook_or_dofile_text,line 3722,*Person-level analysis weights,/mnt/e/Database/七大老年健康数据库数据/6. MHAS 墨西哥/MHAS_墨西哥/Raw_data/Harmonized MHAS File/H_MHAS_long.do,text mention; manual mapping required
MHAS,weight,codebook_or_dofile_text,line 3723,gen r`wv'wtresp=factori_18,/mnt/e/Database/七大老年健康数据库数据/6. MHAS 墨西哥/MHAS_墨西哥/Raw_data/Harmonized MHAS File/H_MHAS_long.do,text mention; manual mapping required
MHAS,weight,codebook_or_dofile_text,line 3724,"label variable r`wv'wtresp ""r`wv'wtresp: w`wv' R Person-Level Analysis Weight""",/mnt/e/Database/七大老年健康数据库数据/6. MHAS 墨西哥/MHAS_墨西哥/Raw_data/Harmonized MHAS File/H_MHAS_long.do,text mention; manual mapping required
MHAS,weight,codebook_or_dofile_text,line 3726,gen s`wv'wtresp =.,/mnt/e/Database/七大老年健康数据库数据/6. MHAS 墨西哥/MHAS_墨西哥/Raw_data/Harmonized MHAS File/H_MHAS_long.do,text mention; manual mapping required
MHAS,weight,codebook_or_dofile_text,line 3727,"spouse_w`wv' r`wv'wtresp, result(s`wv'wtresp)",/mnt/e/Database/七大老年健康数据库数据/6. MHAS 墨西哥/MHAS_墨西哥/Raw_data/Harmonized MHAS File/H_MHAS_long.do,text mention; manual mapping required
MHAS,weight,codebook_or_dofile_text,line 3728,"label variable s`wv'wtresp ""s`wv'wtresp: w`wv' S Person-Level Analysis Weight""",/mnt/e/Database/七大老年健康数据库数据/6. MHAS 墨西哥/MHAS_墨西哥/Raw_data/Harmonized MHAS File/H_MHAS_long.do,text mention; manual mapping required
MHAS,weight,codebook_or_dofile_text,line 6408,***Weight in kilograms***,/mnt/e/Database/七大老年健康数据库数据/6. MHAS 墨西哥/MHAS_墨西哥/Raw_data/Harmonized MHAS File/H_MHAS_long.do,text mention; manual mapping required
MHAS,weight,codebook_or_dofile_text,line 6409,*wave 1 respondent weight in kilograms,/mnt/e/Database/七大老年健康数据库数据/6. MHAS 墨西哥/MHAS_墨西哥/Raw_data/Harmonized MHAS File/H_MHAS_long.do,text mention; manual mapping required
SHARE,weight,codebook_or_dofile_text,line 1138,r@weight r@work r@wspeed r@wspeed1 r@wspeed2 r@yr r@alzdeme r@ch r@res r@chr5sec ///,/mnt/e/Database/七大老年健康数据库数据/7.SHARE 欧洲/SHARE_欧洲/Dofiles/no.9_数据合并.do,text mention; manual mapping required
SHARE,weight,codebook_or_dofile_text,line 1180,alzdeme radiagalzdem height weight bmi dsight nsight hearing hearaid ///,/mnt/e/Database/七大老年健康数据库数据/7.SHARE 欧洲/SHARE_欧洲/Dofiles/no.9_数据合并.do,text mention; manual mapping required
SHARE,weight,codebook_or_dofile_text,line 15,"local weights ""E:\SHARE_欧洲\Raw_data\Longitudinal Weights Release 9.0.0""",/mnt/e/Database/七大老年健康数据库数据/7.SHARE 欧洲/SHARE_欧洲/Raw_data/Harmonized SHARE/H_SHARE_long.do,text mention; manual mapping required
SHARE,weight,codebook_or_dofile_text,line 29,"global long_weight_w1w2 ""`weights'/sharewX_rel9-0-0_gv_longitudinal_weights_w1w2""",/mnt/e/Database/七大老年健康数据库数据/7.SHARE 欧洲/SHARE_欧洲/Raw_data/Harmonized SHARE/H_SHARE_long.do,text mention; manual mapping required
SHARE,weight,codebook_or_dofile_text,line 30,"global long_weight_w2w3 ""`weights'/sharewX_rel9-0-0_gv_longitudinal_weights_w2w3""",/mnt/e/Database/七大老年健康数据库数据/7.SHARE 欧洲/SHARE_欧洲/Raw_data/Harmonized SHARE/H_SHARE_long.do,text mention; manual mapping required
SHARE,weight,codebook_or_dofile_text,line 31,"global long_weight_w3w4 ""`weights'/sharewX_rel9-0-0_gv_longitudinal_weights_w3w4""",/mnt/e/Database/七大老年健康数据库数据/7.SHARE 欧洲/SHARE_欧洲/Raw_data/Harmonized SHARE/H_SHARE_long.do,text mention; manual mapping required
SHARE,weight,codebook_or_dofile_text,line 32,"global long_weight_w4w5 ""`weights'/sharewX_rel9-0-0_gv_longitudinal_weights_w4w5""",/mnt/e/Database/七大老年健康数据库数据/7.SHARE 欧洲/SHARE_欧洲/Raw_data/Harmonized SHARE/H_SHARE_long.do,text mention; manual mapping required
SHARE,weight,codebook_or_dofile_text,line 33,"global long_weight_w5w6 ""`weights'/sharewX_rel9-0-0_gv_longitudinal_weights_w5w6""",/mnt/e/Database/七大老年健康数据库数据/7.SHARE 欧洲/SHARE_欧洲/Raw_data/Harmonized SHARE/H_SHARE_long.do,text mention; manual mapping required
SHARE,weight,codebook_or_dofile_text,line 34,"global long_weight_w6w7 ""`weights'/sharewX_rel9-0-0_gv_longitudinal_weights_w6w7""",/mnt/e/Database/七大老年健康数据库数据/7.SHARE 欧洲/SHARE_欧洲/Raw_data/Harmonized SHARE/H_SHARE_long.do,text mention; manual mapping required
SHARE,weight,codebook_or_dofile_text,line 35,"global long_weight_w7w8 ""`weights'/sharewX_rel9-0-0_gv_longitudinal_weights_w7w8""",/mnt/e/Database/七大老年健康数据库数据/7.SHARE 欧洲/SHARE_欧洲/Raw_data/Harmonized SHARE/H_SHARE_long.do,text mention; manual mapping required
SHARE,weight,codebook_or_dofile_text,line 36,"*global long_weight_all ""`weights'/sharewX_rel9-0-0_gv_longitudinal_weights_w1-w8""",/mnt/e/Database/七大老年健康数据库数据/7.SHARE 欧洲/SHARE_欧洲/Raw_data/Harmonized SHARE/H_SHARE_long.do,text mention; manual mapping required
SHARE,weight,codebook_or_dofile_text,line 3180,***merge with wave 1 Generated Variables (Weights) data***,/mnt/e/Database/七大老年健康数据库数据/7.SHARE 欧洲/SHARE_欧洲/Raw_data/Harmonized SHARE/H_SHARE_long.do,text mention; manual mapping required
SHARE,psu,codebook_or_dofile_text,line 3182,psu ssu stratum1 stratum2,/mnt/e/Database/七大老年健康数据库数据/7.SHARE 欧洲/SHARE_欧洲/Raw_data/Harmonized SHARE/H_SHARE_long.do,text mention; manual mapping required
SHARE,weight,codebook_or_dofile_text,line 3394,***sampling weight***,/mnt/e/Database/七大老年健康数据库数据/7.SHARE 欧洲/SHARE_欧洲/Raw_data/Harmonized SHARE/H_SHARE_long.do,text mention; manual mapping required
SHARE,weight,codebook_or_dofile_text,line 3395,"*sampling weight, combined sample",/mnt/e/Database/七大老年健康数据库数据/7.SHARE 欧洲/SHARE_欧洲/Raw_data/Harmonized SHARE/H_SHARE_long.do,text mention; manual mapping required
SHARE,weight,codebook_or_dofile_text,line 3398,"label variable r`wv'wtsamp ""r`wv'wtsamp:w`wv' design weight""",/mnt/e/Database/七大老年健康数据库数据/7.SHARE 欧洲/SHARE_欧洲/Raw_data/Harmonized SHARE/H_SHARE_long.do,text mention; manual mapping required
SHARE,psu,codebook_or_dofile_text,line 3400,*respondent psu,/mnt/e/Database/七大老年健康数据库数据/7.SHARE 欧洲/SHARE_欧洲/Raw_data/Harmonized SHARE/H_SHARE_long.do,text mention; manual mapping required
SHARE,psu,codebook_or_dofile_text,line 3401,gen rapsu1 = psu,/mnt/e/Database/七大老年健康数据库数据/7.SHARE 欧洲/SHARE_欧洲/Raw_data/Harmonized SHARE/H_SHARE_long.do,text mention; manual mapping required
SHARE,psu,codebook_or_dofile_text,line 3402,"label variable rapsu1 ""rapsu1: primary sampling unit""",/mnt/e/Database/七大老年健康数据库数据/7.SHARE 欧洲/SHARE_欧洲/Raw_data/Harmonized SHARE/H_SHARE_long.do,text mention; manual mapping required
SHARE,psu,codebook_or_dofile_text,line 3404,*respondent psu 2,/mnt/e/Database/七大老年健康数据库数据/7.SHARE 欧洲/SHARE_欧洲/Raw_data/Harmonized SHARE/H_SHARE_long.do,text mention; manual mapping required
SHARE,psu,codebook_or_dofile_text,line 3406,"label variable rapsu2 ""rapsu2: secondary sampling unit""",/mnt/e/Database/七大老年健康数据库数据/7.SHARE 欧洲/SHARE_欧洲/Raw_data/Harmonized SHARE/H_SHARE_long.do,text mention; manual mapping required
SHARE,strata,codebook_or_dofile_text,line 3408,*respondent stratification variable,/mnt/e/Database/七大老年健康数据库数据/7.SHARE 欧洲/SHARE_欧洲/Raw_data/Harmonized SHARE/H_SHARE_long.do,text mention; manual mapping required
SHARE,strata,codebook_or_dofile_text,line 3410,"label variable raestrat1 ""raestrat1: first stratification variable""",/mnt/e/Database/七大老年健康数据库数据/7.SHARE 欧洲/SHARE_欧洲/Raw_data/Harmonized SHARE/H_SHARE_long.do,text mention; manual mapping required
SHARE,strata,codebook_or_dofile_text,line 3412,*respondent stratification variable 2,/mnt/e/Database/七大老年健康数据库数据/7.SHARE 欧洲/SHARE_欧洲/Raw_data/Harmonized SHARE/H_SHARE_long.do,text mention; manual mapping required
SHARE,strata,codebook_or_dofile_text,line 3414,"label variable raestrat2 ""raestrat2: second stratification variable""",/mnt/e/Database/七大老年健康数据库数据/7.SHARE 欧洲/SHARE_欧洲/Raw_data/Harmonized SHARE/H_SHARE_long.do,text mention; manual mapping required
SHARE,weight,codebook_or_dofile_text,line 3416,***Household analysis weight***,/mnt/e/Database/七大老年健康数据库数据/7.SHARE 欧洲/SHARE_欧洲/Raw_data/Harmonized SHARE/H_SHARE_long.do,text mention; manual mapping required
SHARE,weight,codebook_or_dofile_text,line 3417,"*wave 1 household analysis weight, combined sample",/mnt/e/Database/七大老年健康数据库数据/7.SHARE 欧洲/SHARE_欧洲/Raw_data/Harmonized SHARE/H_SHARE_long.do,text mention; manual mapping required
SHARE,weight,codebook_or_dofile_text,line 3420,"label variable r`wv'wthh ""r`wv'wthh:w`wv' household analysis weight""",/mnt/e/Database/七大老年健康数据库数据/7.SHARE 欧洲/SHARE_欧洲/Raw_data/Harmonized SHARE/H_SHARE_long.do,text mention; manual mapping required
SHARE,weight,codebook_or_dofile_text,line 3422,***person-level analysis weight***,/mnt/e/Database/七大老年健康数据库数据/7.SHARE 欧洲/SHARE_欧洲/Raw_data/Harmonized SHARE/H_SHARE_long.do,text mention; manual mapping required
SHARE,weight,codebook_or_dofile_text,line 3423,"*wave 1 respondent analysis weight, combined sample",/mnt/e/Database/七大老年健康数据库数据/7.SHARE 欧洲/SHARE_欧洲/Raw_data/Harmonized SHARE/H_SHARE_long.do,text mention; manual mapping required
SHARE,weight,codebook_or_dofile_text,line 3424,gen r`wv'wtresp =.,/mnt/e/Database/七大老年健康数据库数据/7.SHARE 欧洲/SHARE_欧洲/Raw_data/Harmonized SHARE/H_SHARE_long.do,text mention; manual mapping required
SHARE,weight,codebook_or_dofile_text,line 3425,replace r`wv'wtresp = cciw_w1,/mnt/e/Database/七大老年健康数据库数据/7.SHARE 欧洲/SHARE_欧洲/Raw_data/Harmonized SHARE/H_SHARE_long.do,text mention; manual mapping required
SHARE,weight,codebook_or_dofile_text,line 3426,"label variable r`wv'wtresp ""r`wv'wtresp:w`wv' person-level analysis weight""",/mnt/e/Database/七大老年健康数据库数据/7.SHARE 欧洲/SHARE_欧洲/Raw_data/Harmonized SHARE/H_SHARE_long.do,text mention; manual mapping required
SHARE,weight,codebook_or_dofile_text,line 3956,***drop wave 1 Generated Variables (Weights) file raw variables,/mnt/e/Database/七大老年健康数据库数据/7.SHARE 欧洲/SHARE_欧洲/Raw_data/Harmonized SHARE/H_SHARE_long.do,text mention; manual mapping required
SHARE,weight,codebook_or_dofile_text,line 4033,***merge with wave 2 Generated Variables (Weights) data***,/mnt/e/Database/七大老年健康数据库数据/7.SHARE 欧洲/SHARE_欧洲/Raw_data/Harmonized SHARE/H_SHARE_long.do,text mention; manual mapping required
SHARE,psu,codebook_or_dofile_text,line 4035,psu ssu stratum1 stratum2,/mnt/e/Database/七大老年健康数据库数据/7.SHARE 欧洲/SHARE_欧洲/Raw_data/Harmonized SHARE/H_SHARE_long.do,text mention; manual mapping required
SHARE,weight,codebook_or_dofile_text,line 4042,***merge with Longititudinal Weights wave 1 wave 2 data***,/mnt/e/Database/七大老年健康数据库数据/7.SHARE 欧洲/SHARE_欧洲/Raw_data/Harmonized SHARE/H_SHARE_long.do,text mention; manual mapping required
SHARE,weight,codebook_or_dofile_text,line 4231,***sampling weight***,/mnt/e/Database/七大老年健康数据库数据/7.SHARE 欧洲/SHARE_欧洲/Raw_data/Harmonized SHARE/H_SHARE_long.do,text mention; manual mapping required
SHARE,weight,codebook_or_dofile_text,line 4232,"*sampling weight, combined sample",/mnt/e/Database/七大老年健康数据库数据/7.SHARE 欧洲/SHARE_欧洲/Raw_data/Harmonized SHARE/H_SHARE_long.do,text mention; manual mapping required
SHARE,weight,codebook_or_dofile_text,line 4235,"label variable r`wv'wtsamp ""r`wv'wtsamp:w`wv' design weight""",/mnt/e/Database/七大老年健康数据库数据/7.SHARE 欧洲/SHARE_欧洲/Raw_data/Harmonized SHARE/H_SHARE_long.do,text mention; manual mapping required
SHARE,psu,codebook_or_dofile_text,line 4237,*respondent psu (update),/mnt/e/Database/七大老年健康数据库数据/7.SHARE 欧洲/SHARE_欧洲/Raw_data/Harmonized SHARE/H_SHARE_long.do,text mention; manual mapping required
SHARE,psu,codebook_or_dofile_text,line 4238,replace rapsu1 = psu if mi(rapsu1),/mnt/e/Database/七大老年健康数据库数据/7.SHARE 欧洲/SHARE_欧洲/Raw_data/Harmonized SHARE/H_SHARE_long.do,text mention; manual mapping required
SHARE,psu,codebook_or_dofile_text,line 4240,*respondent psu 2 (update),/mnt/e/Database/七大老年健康数据库数据/7.SHARE 欧洲/SHARE_欧洲/Raw_data/Harmonized SHARE/H_SHARE_long.do,text mention; manual mapping required
SHARE,strata,codebook_or_dofile_text,line 4243,*respondent stratification variable (update),/mnt/e/Database/七大老年健康数据库数据/7.SHARE 欧洲/SHARE_欧洲/Raw_data/Harmonized SHARE/H_SHARE_long.do,text mention; manual mapping required
SHARE,strata,codebook_or_dofile_text,line 4246,*respondent stratification variable 2 (update),/mnt/e/Database/七大老年健康数据库数据/7.SHARE 欧洲/SHARE_欧洲/Raw_data/Harmonized SHARE/H_SHARE_long.do,text mention; manual mapping required
SHARE,weight,codebook_or_dofile_text,line 4249,***Household analysis weight***,/mnt/e/Database/七大老年健康数据库数据/7.SHARE 欧洲/SHARE_欧洲/Raw_data/Harmonized SHARE/H_SHARE_long.do,text mention; manual mapping required
SHARE,weight,codebook_or_dofile_text,line 4250,"*wave 2 household analysis weight, combined sample",/mnt/e/Database/七大老年健康数据库数据/7.SHARE 欧洲/SHARE_欧洲/Raw_data/Harmonized SHARE/H_SHARE_long.do,text mention; manual mapping required
SHARE,weight,codebook_or_dofile_text,line 4253,"label variable r`wv'wthh ""r`wv'wthh:w`wv' household analysis weight""",/mnt/e/Database/七大老年健康数据库数据/7.SHARE 欧洲/SHARE_欧洲/Raw_data/Harmonized SHARE/H_SHARE_long.do,text mention; manual mapping required
SHARE,weight,codebook_or_dofile_text,line 4255,***person-level analysis weight***,/mnt/e/Database/七大老年健康数据库数据/7.SHARE 欧洲/SHARE_欧洲/Raw_data/Harmonized SHARE/H_SHARE_long.do,text mention; manual mapping required
SHARE,weight,codebook_or_dofile_text,line 4256,"*wave 2 respondent analysis weight, combined sample",/mnt/e/Database/七大老年健康数据库数据/7.SHARE 欧洲/SHARE_欧洲/Raw_data/Harmonized SHARE/H_SHARE_long.do,text mention; manual mapping required
SHARE,weight,codebook_or_dofile_text,line 4257,gen r`wv'wtresp =.,/mnt/e/Database/七大老年健康数据库数据/7.SHARE 欧洲/SHARE_欧洲/Raw_data/Harmonized SHARE/H_SHARE_long.do,text mention; manual mapping required
SHARE,weight,codebook_or_dofile_text,line 4258,replace r`wv'wtresp = cciw_w2,/mnt/e/Database/七大老年健康数据库数据/7.SHARE 欧洲/SHARE_欧洲/Raw_data/Harmonized SHARE/H_SHARE_long.do,text mention; manual mapping required
SHARE,weight,codebook_or_dofile_text,line 4259,"label variable r`wv'wtresp ""r`wv'wtresp:w`wv' person-level analysis weight""",/mnt/e/Database/七大老年健康数据库数据/7.SHARE 欧洲/SHARE_欧洲/Raw_data/Harmonized SHARE/H_SHARE_long.do,text mention; manual mapping required
SHARE,weight,codebook_or_dofile_text,line 4261,***household longitudinal weight***,/mnt/e/Database/七大老年健康数据库数据/7.SHARE 欧洲/SHARE_欧洲/Raw_data/Harmonized SHARE/H_SHARE_long.do,text mention; manual mapping required
SHARE,weight,codebook_or_dofile_text,line 4262,"*household longitudinal weight, combined sample",/mnt/e/Database/七大老年健康数据库数据/7.SHARE 欧洲/SHARE_欧洲/Raw_data/Harmonized SHARE/H_SHARE_long.do,text mention; manual mapping required
SHARE,weight,codebook_or_dofile_text,line 4265,"label variable ral12wthh ""ral12wthh:w1-w2 household longitudinal weight""",/mnt/e/Database/七大老年健康数据库数据/7.SHARE 欧洲/SHARE_欧洲/Raw_data/Harmonized SHARE/H_SHARE_long.do,text mention; manual mapping required
SHARE,psu,codebook_or_dofile_text,line 4809,psu ssu stratum1 stratum2,/mnt/e/Database/七大老年健康数据库数据/7.SHARE 欧洲/SHARE_欧洲/Raw_data/Harmonized SHARE/H_SHARE_long.do,text mention; manual mapping required
SHARE,psu,codebook_or_dofile_text,line 5002,*respondent psu (update),/mnt/e/Database/七大老年健康数据库数据/7.SHARE 欧洲/SHARE_欧洲/Raw_data/Harmonized SHARE/H_SHARE_long.do,text mention; manual mapping required
SHARE,psu,codebook_or_dofile_text,line 5003,replace rapsu1 = psu if mi(rapsu1),/mnt/e/Database/七大老年健康数据库数据/7.SHARE 欧洲/SHARE_欧洲/Raw_data/Harmonized SHARE/H_SHARE_long.do,text mention; manual mapping required
SHARE,psu,codebook_or_dofile_text,line 5005,*respondent psu 2 (update),/mnt/e/Database/七大老年健康数据库数据/7.SHARE 欧洲/SHARE_欧洲/Raw_data/Harmonized SHARE/H_SHARE_long.do,text mention; manual mapping required
SHARE,strata,codebook_or_dofile_text,line 5008,*respondent stratification variable (update),/mnt/e/Database/七大老年健康数据库数据/7.SHARE 欧洲/SHARE_欧洲/Raw_data/Harmonized SHARE/H_SHARE_long.do,text mention; manual mapping required
SHARE,strata,codebook_or_dofile_text,line 5011,*respondent stratification variable 2 (update),/mnt/e/Database/七大老年健康数据库数据/7.SHARE 欧洲/SHARE_欧洲/Raw_data/Harmonized SHARE/H_SHARE_long.do,text mention; manual mapping required
SHARE,psu,codebook_or_dofile_text,line 5175,psu ssu stratum1 stratum2,/mnt/e/Database/七大老年健康数据库数据/7.SHARE 欧洲/SHARE_欧洲/Raw_data/Harmonized SHARE/H_SHARE_long.do,text mention; manual mapping required
SHARE,psu,codebook_or_dofile_text,line 5407,*respondent psu (update),/mnt/e/Database/七大老年健康数据库数据/7.SHARE 欧洲/SHARE_欧洲/Raw_data/Harmonized SHARE/H_SHARE_long.do,text mention; manual mapping required
SHARE,psu,codebook_or_dofile_text,line 5408,replace rapsu1 = psu if mi(rapsu1),/mnt/e/Database/七大老年健康数据库数据/7.SHARE 欧洲/SHARE_欧洲/Raw_data/Harmonized SHARE/H_SHARE_long.do,text mention; manual mapping required
SHARE,psu,codebook_or_dofile_text,line 5410,*respondent psu 2 (update),/mnt/e/Database/七大老年健康数据库数据/7.SHARE 欧洲/SHARE_欧洲/Raw_data/Harmonized SHARE/H_SHARE_long.do,text mention; manual mapping required
SHARE,strata,codebook_or_dofile_text,line 5413,*respondent stratification variable (update),/mnt/e/Database/七大老年健康数据库数据/7.SHARE 欧洲/SHARE_欧洲/Raw_data/Harmonized SHARE/H_SHARE_long.do,text mention; manual mapping required
SHARE,strata,codebook_or_dofile_text,line 5416,*respondent stratification variable 2 (update),/mnt/e/Database/七大老年健康数据库数据/7.SHARE 欧洲/SHARE_欧洲/Raw_data/Harmonized SHARE/H_SHARE_long.do,text mention; manual mapping required
SHARE,psu,codebook_or_dofile_text,line 6036,psu ssu stratum1 stratum2,/mnt/e/Database/七大老年健康数据库数据/7.SHARE 欧洲/SHARE_欧洲/Raw_data/Harmonized SHARE/H_SHARE_long.do,text mention; manual mapping required
SHARE,psu,codebook_or_dofile_text,line 6273,*respondent psu (update),/mnt/e/Database/七大老年健康数据库数据/7.SHARE 欧洲/SHARE_欧洲/Raw_data/Harmonized SHARE/H_SHARE_long.do,text mention; manual mapping required
SHARE,psu,codebook_or_dofile_text,line 6274,replace rapsu1 = psu if mi(rapsu1),/mnt/e/Database/七大老年健康数据库数据/7.SHARE 欧洲/SHARE_欧洲/Raw_data/Harmonized SHARE/H_SHARE_long.do,text mention; manual mapping required
SHARE,psu,codebook_or_dofile_text,line 6276,*respondent psu 2 (update),/mnt/e/Database/七大老年健康数据库数据/7.SHARE 欧洲/SHARE_欧洲/Raw_data/Harmonized SHARE/H_SHARE_long.do,text mention; manual mapping required
SHARE,strata,codebook_or_dofile_text,line 6279,*respondent stratification variable (update),/mnt/e/Database/七大老年健康数据库数据/7.SHARE 欧洲/SHARE_欧洲/Raw_data/Harmonized SHARE/H_SHARE_long.do,text mention; manual mapping required
SHARE,strata,codebook_or_dofile_text,line 6282,*respondent stratification variable 2 (update),/mnt/e/Database/七大老年健康数据库数据/7.SHARE 欧洲/SHARE_欧洲/Raw_data/Harmonized SHARE/H_SHARE_long.do,text mention; manual mapping required
SHARE,psu,codebook_or_dofile_text,line 6904,psu ssu stratum1 stratum2,/mnt/e/Database/七大老年健康数据库数据/7.SHARE 欧洲/SHARE_欧洲/Raw_data/Harmonized SHARE/H_SHARE_long.do,text mention; manual mapping required
SHARE,psu,codebook_or_dofile_text,line 7147,*respondent psu (update),/mnt/e/Database/七大老年健康数据库数据/7.SHARE 欧洲/SHARE_欧洲/Raw_data/Harmonized SHARE/H_SHARE_long.do,text mention; manual mapping required
SHARE,psu,codebook_or_dofile_text,line 7148,replace rapsu1 = psu if mi(rapsu1),/mnt/e/Database/七大老年健康数据库数据/7.SHARE 欧洲/SHARE_欧洲/Raw_data/Harmonized SHARE/H_SHARE_long.do,text mention; manual mapping required
SHARE,psu,codebook_or_dofile_text,line 7150,*respondent psu 2 (update),/mnt/e/Database/七大老年健康数据库数据/7.SHARE 欧洲/SHARE_欧洲/Raw_data/Harmonized SHARE/H_SHARE_long.do,text mention; manual mapping required
SHARE,strata,codebook_or_dofile_text,line 7153,*respondent stratification variable (update),/mnt/e/Database/七大老年健康数据库数据/7.SHARE 欧洲/SHARE_欧洲/Raw_data/Harmonized SHARE/H_SHARE_long.do,text mention; manual mapping required
SHARE,strata,codebook_or_dofile_text,line 7156,*respondent stratification variable 2 (update),/mnt/e/Database/七大老年健康数据库数据/7.SHARE 欧洲/SHARE_欧洲/Raw_data/Harmonized SHARE/H_SHARE_long.do,text mention; manual mapping required
SHARE,psu,codebook_or_dofile_text,line 7784,psu ssu stratum1 stratum2,/mnt/e/Database/七大老年健康数据库数据/7.SHARE 欧洲/SHARE_欧洲/Raw_data/Harmonized SHARE/H_SHARE_long.do,text mention; manual mapping required
SHARE,psu,codebook_or_dofile_text,line 8078,*respondent psu (update),/mnt/e/Database/七大老年健康数据库数据/7.SHARE 欧洲/SHARE_欧洲/Raw_data/Harmonized SHARE/H_SHARE_long.do,text mention; manual mapping required
SHARE,psu,codebook_or_dofile_text,line 8079,replace rapsu1 = psu if mi(rapsu1),/mnt/e/Database/七大老年健康数据库数据/7.SHARE 欧洲/SHARE_欧洲/Raw_data/Harmonized SHARE/H_SHARE_long.do,text mention; manual mapping required
SHARE,psu,codebook_or_dofile_text,line 8081,*respondent psu 2 (update),/mnt/e/Database/七大老年健康数据库数据/7.SHARE 欧洲/SHARE_欧洲/Raw_data/Harmonized SHARE/H_SHARE_long.do,text mention; manual mapping required
SHARE,strata,codebook_or_dofile_text,line 8084,*respondent stratification variable (update),/mnt/e/Database/七大老年健康数据库数据/7.SHARE 欧洲/SHARE_欧洲/Raw_data/Harmonized SHARE/H_SHARE_long.do,text mention; manual mapping required
SHARE,strata,codebook_or_dofile_text,line 8087,*respondent stratification variable 2 (update),/mnt/e/Database/七大老年健康数据库数据/7.SHARE 欧洲/SHARE_欧洲/Raw_data/Harmonized SHARE/H_SHARE_long.do,text mention; manual mapping required
SHARE,psu,codebook_or_dofile_text,line 8744,psu ssu stratum1 stratum2,/mnt/e/Database/七大老年健康数据库数据/7.SHARE 欧洲/SHARE_欧洲/Raw_data/Harmonized SHARE/H_SHARE_long.do,text mention; manual mapping required
SHARE,psu,codebook_or_dofile_text,line 9052,*respondent psu (update),/mnt/e/Database/七大老年健康数据库数据/7.SHARE 欧洲/SHARE_欧洲/Raw_data/Harmonized SHARE/H_SHARE_long.do,text mention; manual mapping required
SHARE,psu,codebook_or_dofile_text,line 9053,replace rapsu1 = psu if mi(rapsu1),/mnt/e/Database/七大老年健康数据库数据/7.SHARE 欧洲/SHARE_欧洲/Raw_data/Harmonized SHARE/H_SHARE_long.do,text mention; manual mapping required
SHARE,psu,codebook_or_dofile_text,line 9055,*respondent psu 2 (update),/mnt/e/Database/七大老年健康数据库数据/7.SHARE 欧洲/SHARE_欧洲/Raw_data/Harmonized SHARE/H_SHARE_long.do,text mention; manual mapping required
SHARE,strata,codebook_or_dofile_text,line 9058,*respondent stratification variable (update),/mnt/e/Database/七大老年健康数据库数据/7.SHARE 欧洲/SHARE_欧洲/Raw_data/Harmonized SHARE/H_SHARE_long.do,text mention; manual mapping required
SHARE,strata,codebook_or_dofile_text,line 9061,*respondent stratification variable 2 (update),/mnt/e/Database/七大老年健康数据库数据/7.SHARE 欧洲/SHARE_欧洲/Raw_data/Harmonized SHARE/H_SHARE_long.do,text mention; manual mapping required
