analysis_set,analysis_tier,cohort,wave,n,n_classes,reference_bic,reference_entropy_separation,reference_mean_max_posterior,replicate_id,resample_design,adjusted_rand_index_vs_reference,mean_centroid_distance_vs_reference,max_centroid_distance_vs_reference,aligned_component_order,replicate_min_class_pct_on_full_data,replicate_entropy_separation_on_full_data,replicate_converged,skip_reason,source_note
functional_bridge_earliest_sensitivity,bridge_sensitivity,KLoSA,3,4081,3,16792.03,0.9236,0.9668,1,nonparametric_bootstrap,0.9754,0.0723,0.1424,"1,2,3",17.28,0.9144,1,,Extended nonparametric bootstrap refits from original complete-domain rows.
functional_bridge_earliest_sensitivity,bridge_sensitivity,KLoSA,3,4081,3,16792.03,0.9236,0.9668,2,nonparametric_bootstrap,0.2319,0.6866,0.8569,"1,2,3",20.93,0.7282,1,,Extended nonparametric bootstrap refits from original complete-domain rows.
functional_bridge_earliest_sensitivity,bridge_sensitivity,KLoSA,3,4081,3,16792.03,0.9236,0.9668,3,nonparametric_bootstrap,0.9845,0.0499,0.0815,"1,2,3",17.03,0.9275,1,,Extended nonparametric bootstrap refits from original complete-domain rows.
functional_bridge_earliest_sensitivity,bridge_sensitivity,KLoSA,3,4081,3,16792.03,0.9236,0.9668,4,nonparametric_bootstrap,0.9341,0.1216,0.1938,"1,2,3",19.58,0.9156,1,,Extended nonparametric bootstrap refits from original complete-domain rows.
functional_bridge_earliest_sensitivity,bridge_sensitivity,KLoSA,3,4081,3,16792.03,0.9236,0.9668,5,nonparametric_bootstrap,0.9815,0.0816,0.1451,"1,2,3",17.13,0.9253,1,,Extended nonparametric bootstrap refits from original complete-domain rows.
functional_bridge_earliest_sensitivity,bridge_sensitivity,KLoSA,3,4081,3,16792.03,0.9236,0.9668,6,nonparametric_bootstrap,0.9873,0.0779,0.1651,"1,2,3",16.12,0.9266,1,,Extended nonparametric bootstrap refits from original complete-domain rows.
functional_bridge_earliest_sensitivity,bridge_sensitivity,KLoSA,3,4081,3,16792.03,0.9236,0.9668,7,nonparametric_bootstrap,0.9795,0.0427,0.0597,"1,2,3",17.28,0.9216,1,,Extended nonparametric bootstrap refits from original complete-domain rows.
functional_bridge_earliest_sensitivity,bridge_sensitivity,KLoSA,3,4081,3,16792.03,0.9236,0.9668,8,nonparametric_bootstrap,0.9843,0.0399,0.0592,"1,2,3",15.73,0.9194,1,,Extended nonparametric bootstrap refits from original complete-domain rows.
functional_bridge_earliest_sensitivity,bridge_sensitivity,KLoSA,3,4081,3,16792.03,0.9236,0.9668,9,nonparametric_bootstrap,0.9749,0.0653,0.1049,"1,2,3",16.71,0.9155,1,,Extended nonparametric bootstrap refits from original complete-domain rows.
functional_bridge_earliest_sensitivity,bridge_sensitivity,KLoSA,3,4081,3,16792.03,0.9236,0.9668,10,nonparametric_bootstrap,0.9883,0.041,0.0758,"1,2,3",16.86,0.9184,1,,Extended nonparametric bootstrap refits from original complete-domain rows.
functional_bridge_earliest_sensitivity,bridge_sensitivity,KLoSA,3,4081,3,16792.03,0.9236,0.9668,11,nonparametric_bootstrap,0.9715,0.0683,0.1097,"1,2,3",15.12,0.93,1,,Extended nonparametric bootstrap refits from original complete-domain rows.
functional_bridge_earliest_sensitivity,bridge_sensitivity,KLoSA,3,4081,3,16792.03,0.9236,0.9668,12,nonparametric_bootstrap,0.2624,0.687,0.8811,"1,2,3",21.0,0.7345,1,,Extended nonparametric bootstrap refits from original complete-domain rows.
functional_bridge_earliest_sensitivity,bridge_sensitivity,KLoSA,3,4081,3,16792.03,0.9236,0.9668,13,nonparametric_bootstrap,0.2443,0.6975,0.8624,"1,2,3",20.83,0.744,1,,Extended nonparametric bootstrap refits from original complete-domain rows.
functional_bridge_earliest_sensitivity,bridge_sensitivity,KLoSA,3,4081,3,16792.03,0.9236,0.9668,14,nonparametric_bootstrap,0.978,0.0631,0.1173,"1,2,3",17.3,0.9203,1,,Extended nonparametric bootstrap refits from original complete-domain rows.
functional_bridge_earliest_sensitivity,bridge_sensitivity,KLoSA,3,4081,3,16792.03,0.9236,0.9668,15,nonparametric_bootstrap,0.2342,0.736,0.9163,"1,2,3",18.55,0.7227,1,,Extended nonparametric bootstrap refits from original complete-domain rows.
functional_bridge_earliest_sensitivity,bridge_sensitivity,KLoSA,3,4081,3,16792.03,0.9236,0.9668,16,nonparametric_bootstrap,0.225,0.7538,0.945,"1,2,3",16.93,0.7193,1,,Extended nonparametric bootstrap refits from original complete-domain rows.
functional_bridge_earliest_sensitivity,bridge_sensitivity,KLoSA,3,4081,3,16792.03,0.9236,0.9668,17,nonparametric_bootstrap,0.9787,0.0618,0.0906,"1,2,3",15.46,0.9258,1,,Extended nonparametric bootstrap refits from original complete-domain rows.
functional_bridge_earliest_sensitivity,bridge_sensitivity,KLoSA,3,4081,3,16792.03,0.9236,0.9668,18,nonparametric_bootstrap,0.2322,0.7073,0.8673,"1,2,3",20.26,0.7354,1,,Extended nonparametric bootstrap refits from original complete-domain rows.
functional_bridge_earliest_sensitivity,bridge_sensitivity,KLoSA,3,4081,3,16792.03,0.9236,0.9668,19,nonparametric_bootstrap,0.9801,0.0647,0.114,"1,2,3",15.63,0.9224,1,,Extended nonparametric bootstrap refits from original complete-domain rows.
functional_bridge_earliest_sensitivity,bridge_sensitivity,KLoSA,3,4081,3,16792.03,0.9236,0.9668,20,nonparametric_bootstrap,0.2485,0.6953,0.9047,"1,2,3",21.56,0.722,1,,Extended nonparametric bootstrap refits from original complete-domain rows.
functional_bridge_earliest_sensitivity,bridge_sensitivity,KLoSA,3,4081,3,16792.03,0.9236,0.9668,21,nonparametric_bootstrap,0.2542,0.7279,0.9583,"1,2,3",18.97,0.7067,1,,Extended nonparametric bootstrap refits from original complete-domain rows.
functional_bridge_earliest_sensitivity,bridge_sensitivity,KLoSA,3,4081,3,16792.03,0.9236,0.9668,22,nonparametric_bootstrap,0.9857,0.0556,0.12,"1,2,3",16.05,0.926,1,,Extended nonparametric bootstrap refits from original complete-domain rows.
functional_bridge_earliest_sensitivity,bridge_sensitivity,KLoSA,3,4081,3,16792.03,0.9236,0.9668,23,nonparametric_bootstrap,0.2308,0.7368,0.9887,"1,2,3",18.08,0.7093,1,,Extended nonparametric bootstrap refits from original complete-domain rows.
functional_bridge_earliest_sensitivity,bridge_sensitivity,KLoSA,3,4081,3,16792.03,0.9236,0.9668,24,nonparametric_bootstrap,0.219,0.7471,0.9866,"1,2,3",18.43,0.7146,1,,Extended nonparametric bootstrap refits from original complete-domain rows.
functional_bridge_earliest_sensitivity,bridge_sensitivity,KLoSA,3,4081,3,16792.03,0.9236,0.9668,25,nonparametric_bootstrap,0.9853,0.0484,0.0746,"1,2,3",15.73,0.9248,1,,Extended nonparametric bootstrap refits from original complete-domain rows.
functional_bridge_earliest_sensitivity,bridge_sensitivity,KLoSA,3,4081,3,16792.03,0.9236,0.9668,26,nonparametric_bootstrap,0.2323,0.7468,0.9897,"1,2,3",19.16,0.7264,1,,Extended nonparametric bootstrap refits from original complete-domain rows.
functional_bridge_earliest_sensitivity,bridge_sensitivity,KLoSA,3,4081,3,16792.03,0.9236,0.9668,27,nonparametric_bootstrap,0.2301,0.6985,0.9147,"1,2,3",20.46,0.7157,1,,Extended nonparametric bootstrap refits from original complete-domain rows.
functional_bridge_earliest_sensitivity,bridge_sensitivity,KLoSA,3,4081,3,16792.03,0.9236,0.9668,28,nonparametric_bootstrap,0.98,0.0535,0.1104,"1,2,3",17.2,0.9249,1,,Extended nonparametric bootstrap refits from original complete-domain rows.
functional_bridge_earliest_sensitivity,bridge_sensitivity,KLoSA,3,4081,3,16792.03,0.9236,0.9668,29,nonparametric_bootstrap,0.9775,0.0783,0.1172,"1,2,3",15.56,0.9224,1,,Extended nonparametric bootstrap refits from original complete-domain rows.
functional_bridge_earliest_sensitivity,bridge_sensitivity,KLoSA,3,4081,3,16792.03,0.9236,0.9668,30,nonparametric_bootstrap,0.9799,0.049,0.0839,"1,2,3",15.68,0.9202,1,,Extended nonparametric bootstrap refits from original complete-domain rows.
functional_bridge_earliest_sensitivity,bridge_sensitivity,KLoSA,3,4081,3,16792.03,0.9236,0.9668,31,nonparametric_bootstrap,0.9869,0.0604,0.0875,"1,2,3",17.03,0.9191,1,,Extended nonparametric bootstrap refits from original complete-domain rows.
functional_bridge_earliest_sensitivity,bridge_sensitivity,KLoSA,3,4081,3,16792.03,0.9236,0.9668,32,nonparametric_bootstrap,0.9875,0.0564,0.0721,"1,2,3",16.15,0.9197,1,,Extended nonparametric bootstrap refits from original complete-domain rows.
functional_bridge_earliest_sensitivity,bridge_sensitivity,KLoSA,3,4081,3,16792.03,0.9236,0.9668,33,nonparametric_bootstrap,0.2597,0.6828,0.9048,"1,2,3",20.71,0.715,1,,Extended nonparametric bootstrap refits from original complete-domain rows.
functional_bridge_earliest_sensitivity,bridge_sensitivity,KLoSA,3,4081,3,16792.03,0.9236,0.9668,34,nonparametric_bootstrap,0.9715,0.0932,0.1778,"1,2,3",15.07,0.9328,1,,Extended nonparametric bootstrap refits from original complete-domain rows.
functional_bridge_earliest_sensitivity,bridge_sensitivity,KLoSA,3,4081,3,16792.03,0.9236,0.9668,35,nonparametric_bootstrap,0.243,0.69,0.919,"1,2,3",19.53,0.7295,1,,Extended nonparametric bootstrap refits from original complete-domain rows.
functional_bridge_earliest_sensitivity,bridge_sensitivity,KLoSA,3,4081,3,16792.03,0.9236,0.9668,36,nonparametric_bootstrap,0.9905,0.069,0.1532,"1,2,3",16.07,0.9263,1,,Extended nonparametric bootstrap refits from original complete-domain rows.
functional_bridge_earliest_sensitivity,bridge_sensitivity,KLoSA,3,4081,3,16792.03,0.9236,0.9668,37,nonparametric_bootstrap,0.9814,0.0585,0.0849,"1,2,3",16.64,0.9179,1,,Extended nonparametric bootstrap refits from original complete-domain rows.
functional_bridge_earliest_sensitivity,bridge_sensitivity,KLoSA,3,4081,3,16792.03,0.9236,0.9668,38,nonparametric_bootstrap,0.9627,0.0863,0.1195,"1,2,3",14.63,0.9207,1,,Extended nonparametric bootstrap refits from original complete-domain rows.
functional_bridge_earliest_sensitivity,bridge_sensitivity,KLoSA,3,4081,3,16792.03,0.9236,0.9668,39,nonparametric_bootstrap,0.9879,0.042,0.0531,"1,2,3",16.88,0.9264,1,,Extended nonparametric bootstrap refits from original complete-domain rows.
functional_bridge_earliest_sensitivity,bridge_sensitivity,KLoSA,3,4081,3,16792.03,0.9236,0.9668,40,nonparametric_bootstrap,0.9836,0.0329,0.0409,"1,2,3",16.88,0.9265,1,,Extended nonparametric bootstrap refits from original complete-domain rows.
functional_bridge_earliest_sensitivity,bridge_sensitivity,KLoSA,3,4081,3,16792.03,0.9236,0.9668,41,nonparametric_bootstrap,0.2269,0.7247,1.0,"1,2,3",19.63,0.7245,1,,Extended nonparametric bootstrap refits from original complete-domain rows.
functional_bridge_earliest_sensitivity,bridge_sensitivity,KLoSA,3,4081,3,16792.03,0.9236,0.9668,42,nonparametric_bootstrap,0.98,0.0773,0.1484,"1,2,3",17.23,0.9234,1,,Extended nonparametric bootstrap refits from original complete-domain rows.
functional_bridge_earliest_sensitivity,bridge_sensitivity,KLoSA,3,4081,3,16792.03,0.9236,0.9668,43,nonparametric_bootstrap,0.9708,0.0643,0.0925,"1,2,3",17.79,0.9196,1,,Extended nonparametric bootstrap refits from original complete-domain rows.
functional_bridge_earliest_sensitivity,bridge_sensitivity,KLoSA,3,4081,3,16792.03,0.9236,0.9668,44,nonparametric_bootstrap,0.8581,0.2572,0.4794,"1,2,3",21.49,0.9067,1,,Extended nonparametric bootstrap refits from original complete-domain rows.
functional_bridge_earliest_sensitivity,bridge_sensitivity,KLoSA,3,4081,3,16792.03,0.9236,0.9668,45,nonparametric_bootstrap,0.98,0.0558,0.0689,"1,2,3",17.2,0.9218,1,,Extended nonparametric bootstrap refits from original complete-domain rows.
functional_bridge_earliest_sensitivity,bridge_sensitivity,KLoSA,3,4081,3,16792.03,0.9236,0.9668,46,nonparametric_bootstrap,0.2239,0.7161,0.903,"1,2,3",21.61,0.7412,1,,Extended nonparametric bootstrap refits from original complete-domain rows.
functional_bridge_earliest_sensitivity,bridge_sensitivity,KLoSA,3,4081,3,16792.03,0.9236,0.9668,47,nonparametric_bootstrap,0.2411,0.7176,0.9257,"1,2,3",19.19,0.7267,1,,Extended nonparametric bootstrap refits from original complete-domain rows.
functional_bridge_earliest_sensitivity,bridge_sensitivity,KLoSA,3,4081,3,16792.03,0.9236,0.9668,48,nonparametric_bootstrap,0.9826,0.0608,0.1333,"1,2,3",17.23,0.9164,1,,Extended nonparametric bootstrap refits from original complete-domain rows.
functional_bridge_earliest_sensitivity,bridge_sensitivity,KLoSA,3,4081,3,16792.03,0.9236,0.9668,49,nonparametric_bootstrap,0.2332,0.73,0.9359,"1,2,3",18.92,0.7239,1,,Extended nonparametric bootstrap refits from original complete-domain rows.
functional_bridge_earliest_sensitivity,bridge_sensitivity,KLoSA,3,4081,3,16792.03,0.9236,0.9668,50,nonparametric_bootstrap,0.9893,0.0841,0.1643,"1,2,3",16.17,0.9284,1,,Extended nonparametric bootstrap refits from original complete-domain rows.
functional_bridge_earliest_sensitivity,bridge_sensitivity,KLoSA,3,4081,3,16792.03,0.9236,0.9668,51,nonparametric_bootstrap,0.9733,0.0641,0.1174,"1,2,3",17.62,0.92,1,,Extended nonparametric bootstrap refits from original complete-domain rows.
functional_bridge_earliest_sensitivity,bridge_sensitivity,KLoSA,3,4081,3,16792.03,0.9236,0.9668,52,nonparametric_bootstrap,0.9905,0.0685,0.1361,"1,2,3",16.03,0.9289,1,,Extended nonparametric bootstrap refits from original complete-domain rows.
functional_bridge_earliest_sensitivity,bridge_sensitivity,KLoSA,3,4081,3,16792.03,0.9236,0.9668,53,nonparametric_bootstrap,0.2241,0.716,0.921,"1,2,3",19.51,0.7147,1,,Extended nonparametric bootstrap refits from original complete-domain rows.
functional_bridge_earliest_sensitivity,bridge_sensitivity,KLoSA,3,4081,3,16792.03,0.9236,0.9668,54,nonparametric_bootstrap,0.2294,0.7251,1.0048,"1,2,3",18.82,0.7251,1,,Extended nonparametric bootstrap refits from original complete-domain rows.
functional_bridge_earliest_sensitivity,bridge_sensitivity,KLoSA,3,4081,3,16792.03,0.9236,0.9668,55,nonparametric_bootstrap,0.9899,0.0576,0.1169,"1,2,3",16.2,0.9251,1,,Extended nonparametric bootstrap refits from original complete-domain rows.
functional_bridge_earliest_sensitivity,bridge_sensitivity,KLoSA,3,4081,3,16792.03,0.9236,0.9668,56,nonparametric_bootstrap,0.9486,0.0952,0.1709,"1,2,3",18.84,0.9194,1,,Extended nonparametric bootstrap refits from original complete-domain rows.
functional_bridge_earliest_sensitivity,bridge_sensitivity,KLoSA,3,4081,3,16792.03,0.9236,0.9668,57,nonparametric_bootstrap,0.9805,0.0794,0.1548,"1,2,3",17.18,0.9198,1,,Extended nonparametric bootstrap refits from original complete-domain rows.
functional_bridge_earliest_sensitivity,bridge_sensitivity,KLoSA,3,4081,3,16792.03,0.9236,0.9668,58,nonparametric_bootstrap,0.9658,0.0785,0.111,"1,2,3",17.99,0.9163,1,,Extended nonparametric bootstrap refits from original complete-domain rows.
functional_bridge_earliest_sensitivity,bridge_sensitivity,KLoSA,3,4081,3,16792.03,0.9236,0.9668,59,nonparametric_bootstrap,0.9823,0.0808,0.1336,"1,2,3",15.83,0.9296,1,,Extended nonparametric bootstrap refits from original complete-domain rows.
functional_bridge_earliest_sensitivity,bridge_sensitivity,KLoSA,3,4081,3,16792.03,0.9236,0.9668,60,nonparametric_bootstrap,0.9857,0.0358,0.0578,"1,2,3",15.95,0.9244,1,,Extended nonparametric bootstrap refits from original complete-domain rows.
functional_bridge_earliest_sensitivity,bridge_sensitivity,KLoSA,3,4081,3,16792.03,0.9236,0.9668,61,nonparametric_bootstrap,0.9703,0.0615,0.1064,"1,2,3",17.81,0.9149,1,,Extended nonparametric bootstrap refits from original complete-domain rows.
functional_bridge_earliest_sensitivity,bridge_sensitivity,KLoSA,3,4081,3,16792.03,0.9236,0.9668,62,nonparametric_bootstrap,0.9774,0.0482,0.0587,"1,2,3",17.32,0.9199,1,,Extended nonparametric bootstrap refits from original complete-domain rows.
functional_bridge_earliest_sensitivity,bridge_sensitivity,KLoSA,3,4081,3,16792.03,0.9236,0.9668,63,nonparametric_bootstrap,0.9678,0.0872,0.1514,"1,2,3",17.74,0.9246,1,,Extended nonparametric bootstrap refits from original complete-domain rows.
functional_bridge_earliest_sensitivity,bridge_sensitivity,KLoSA,3,4081,3,16792.03,0.9236,0.9668,64,nonparametric_bootstrap,0.2232,0.7034,0.9309,"1,2,3",20.85,0.738,1,,Extended nonparametric bootstrap refits from original complete-domain rows.
functional_bridge_earliest_sensitivity,bridge_sensitivity,KLoSA,3,4081,3,16792.03,0.9236,0.9668,65,nonparametric_bootstrap,0.9872,0.0407,0.0835,"1,2,3",16.86,0.9206,1,,Extended nonparametric bootstrap refits from original complete-domain rows.
functional_bridge_earliest_sensitivity,bridge_sensitivity,KLoSA,3,4081,3,16792.03,0.9236,0.9668,66,nonparametric_bootstrap,0.9795,0.0448,0.0604,"1,2,3",16.93,0.9225,1,,Extended nonparametric bootstrap refits from original complete-domain rows.
functional_bridge_earliest_sensitivity,bridge_sensitivity,KLoSA,3,4081,3,16792.03,0.9236,0.9668,67,nonparametric_bootstrap,0.9584,0.091,0.1579,"1,2,3",18.26,0.9162,1,,Extended nonparametric bootstrap refits from original complete-domain rows.
functional_bridge_earliest_sensitivity,bridge_sensitivity,KLoSA,3,4081,3,16792.03,0.9236,0.9668,68,nonparametric_bootstrap,0.9643,0.0679,0.1036,"1,2,3",18.11,0.9175,1,,Extended nonparametric bootstrap refits from original complete-domain rows.
functional_bridge_earliest_sensitivity,bridge_sensitivity,KLoSA,3,4081,3,16792.03,0.9236,0.9668,69,nonparametric_bootstrap,0.9759,0.0563,0.0856,"1,2,3",17.45,0.9228,1,,Extended nonparametric bootstrap refits from original complete-domain rows.
functional_bridge_earliest_sensitivity,bridge_sensitivity,KLoSA,3,4081,3,16792.03,0.9236,0.9668,70,nonparametric_bootstrap,0.9842,0.0457,0.0643,"1,2,3",15.78,0.9254,1,,Extended nonparametric bootstrap refits from original complete-domain rows.
functional_bridge_earliest_sensitivity,bridge_sensitivity,KLoSA,3,4081,3,16792.03,0.9236,0.9668,71,nonparametric_bootstrap,0.2373,0.7184,0.8946,"1,2,3",18.6,0.7321,1,,Extended nonparametric bootstrap refits from original complete-domain rows.
functional_bridge_earliest_sensitivity,bridge_sensitivity,KLoSA,3,4081,3,16792.03,0.9236,0.9668,72,nonparametric_bootstrap,0.2475,0.6907,0.9325,"1,2,3",20.8,0.7325,1,,Extended nonparametric bootstrap refits from original complete-domain rows.
functional_bridge_earliest_sensitivity,bridge_sensitivity,KLoSA,3,4081,3,16792.03,0.9236,0.9668,73,nonparametric_bootstrap,0.2212,0.7633,1.0068,"1,2,3",18.18,0.7215,1,,Extended nonparametric bootstrap refits from original complete-domain rows.
functional_bridge_earliest_sensitivity,bridge_sensitivity,KLoSA,3,4081,3,16792.03,0.9236,0.9668,74,nonparametric_bootstrap,0.9842,0.0523,0.0759,"1,2,3",15.93,0.9215,1,,Extended nonparametric bootstrap refits from original complete-domain rows.
functional_bridge_earliest_sensitivity,bridge_sensitivity,KLoSA,3,4081,3,16792.03,0.9236,0.9668,75,nonparametric_bootstrap,0.9807,0.0649,0.1267,"1,2,3",17.08,0.9193,1,,Extended nonparametric bootstrap refits from original complete-domain rows.
functional_bridge_earliest_sensitivity,bridge_sensitivity,KLoSA,3,4081,3,16792.03,0.9236,0.9668,76,nonparametric_bootstrap,0.9923,0.0432,0.0725,"1,2,3",16.42,0.9216,1,,Extended nonparametric bootstrap refits from original complete-domain rows.
functional_bridge_earliest_sensitivity,bridge_sensitivity,KLoSA,3,4081,3,16792.03,0.9236,0.9668,77,nonparametric_bootstrap,0.2325,0.717,0.9123,"1,2,3",19.09,0.7273,1,,Extended nonparametric bootstrap refits from original complete-domain rows.
functional_bridge_earliest_sensitivity,bridge_sensitivity,KLoSA,3,4081,3,16792.03,0.9236,0.9668,78,nonparametric_bootstrap,0.2245,0.7086,0.8971,"1,2,3",19.82,0.736,1,,Extended nonparametric bootstrap refits from original complete-domain rows.
functional_bridge_earliest_sensitivity,bridge_sensitivity,KLoSA,3,4081,3,16792.03,0.9236,0.9668,79,nonparametric_bootstrap,0.9734,0.0823,0.1627,"1,2,3",17.62,0.9194,1,,Extended nonparametric bootstrap refits from original complete-domain rows.
functional_bridge_earliest_sensitivity,bridge_sensitivity,KLoSA,3,4081,3,16792.03,0.9236,0.9668,80,nonparametric_bootstrap,0.9887,0.0553,0.0863,"1,2,3",16.44,0.924,1,,Extended nonparametric bootstrap refits from original complete-domain rows.
functional_bridge_earliest_sensitivity,bridge_sensitivity,KLoSA,3,4081,3,16792.03,0.9236,0.9668,81,nonparametric_bootstrap,0.9662,0.0731,0.1057,"1,2,3",14.8,0.9287,1,,Extended nonparametric bootstrap refits from original complete-domain rows.
functional_bridge_earliest_sensitivity,bridge_sensitivity,KLoSA,3,4081,3,16792.03,0.9236,0.9668,82,nonparametric_bootstrap,0.2314,0.7324,0.936,"1,2,3",17.99,0.7242,1,,Extended nonparametric bootstrap refits from original complete-domain rows.
functional_bridge_earliest_sensitivity,bridge_sensitivity,KLoSA,3,4081,3,16792.03,0.9236,0.9668,83,nonparametric_bootstrap,0.9438,0.1072,0.2215,"1,2,3",19.09,0.9129,1,,Extended nonparametric bootstrap refits from original complete-domain rows.
functional_bridge_earliest_sensitivity,bridge_sensitivity,KLoSA,3,4081,3,16792.03,0.9236,0.9668,84,nonparametric_bootstrap,0.9838,0.0298,0.0349,"1,2,3",16.88,0.9218,1,,Extended nonparametric bootstrap refits from original complete-domain rows.
functional_bridge_earliest_sensitivity,bridge_sensitivity,KLoSA,3,4081,3,16792.03,0.9236,0.9668,85,nonparametric_bootstrap,0.2468,0.7283,0.9663,"1,2,3",19.48,0.7237,1,,Extended nonparametric bootstrap refits from original complete-domain rows.
functional_bridge_earliest_sensitivity,bridge_sensitivity,KLoSA,3,4081,3,16792.03,0.9236,0.9668,86,nonparametric_bootstrap,0.9921,0.0459,0.0786,"1,2,3",16.15,0.9289,1,,Extended nonparametric bootstrap refits from original complete-domain rows.
functional_bridge_earliest_sensitivity,bridge_sensitivity,KLoSA,3,4081,3,16792.03,0.9236,0.9668,87,nonparametric_bootstrap,0.981,0.0535,0.0842,"1,2,3",16.56,0.9182,1,,Extended nonparametric bootstrap refits from original complete-domain rows.
functional_bridge_earliest_sensitivity,bridge_sensitivity,KLoSA,3,4081,3,16792.03,0.9236,0.9668,88,nonparametric_bootstrap,0.9926,0.0226,0.0442,"1,2,3",16.47,0.9219,1,,Extended nonparametric bootstrap refits from original complete-domain rows.
functional_bridge_earliest_sensitivity,bridge_sensitivity,KLoSA,3,4081,3,16792.03,0.9236,0.9668,89,nonparametric_bootstrap,0.974,0.0763,0.1398,"1,2,3",15.19,0.9276,1,,Extended nonparametric bootstrap refits from original complete-domain rows.
functional_bridge_earliest_sensitivity,bridge_sensitivity,KLoSA,3,4081,3,16792.03,0.9236,0.9668,90,nonparametric_bootstrap,0.2394,0.6828,0.8332,"1,2,3",21.37,0.7288,1,,Extended nonparametric bootstrap refits from original complete-domain rows.
functional_bridge_earliest_sensitivity,bridge_sensitivity,KLoSA,3,4081,3,16792.03,0.9236,0.9668,91,nonparametric_bootstrap,0.9888,0.0494,0.0561,"1,2,3",16.3,0.9213,1,,Extended nonparametric bootstrap refits from original complete-domain rows.
functional_bridge_earliest_sensitivity,bridge_sensitivity,KLoSA,3,4081,3,16792.03,0.9236,0.9668,92,nonparametric_bootstrap,0.989,0.0614,0.0937,"1,2,3",15.95,0.9249,1,,Extended nonparametric bootstrap refits from original complete-domain rows.
functional_bridge_earliest_sensitivity,bridge_sensitivity,KLoSA,3,4081,3,16792.03,0.9236,0.9668,93,nonparametric_bootstrap,0.2419,0.6949,0.8706,"1,2,3",19.24,0.7411,1,,Extended nonparametric bootstrap refits from original complete-domain rows.
functional_bridge_earliest_sensitivity,bridge_sensitivity,KLoSA,3,4081,3,16792.03,0.9236,0.9668,94,nonparametric_bootstrap,0.9857,0.0849,0.1504,"1,2,3",16.88,0.9246,1,,Extended nonparametric bootstrap refits from original complete-domain rows.
functional_bridge_earliest_sensitivity,bridge_sensitivity,KLoSA,3,4081,3,16792.03,0.9236,0.9668,95,nonparametric_bootstrap,0.2396,0.6976,0.919,"1,2,3",18.79,0.7165,1,,Extended nonparametric bootstrap refits from original complete-domain rows.
functional_bridge_earliest_sensitivity,bridge_sensitivity,KLoSA,3,4081,3,16792.03,0.9236,0.9668,96,nonparametric_bootstrap,0.7739,0.4901,0.94,"1,2,3",18.03,0.9992,1,,Extended nonparametric bootstrap refits from original complete-domain rows.
functional_bridge_earliest_sensitivity,bridge_sensitivity,KLoSA,3,4081,3,16792.03,0.9236,0.9668,97,nonparametric_bootstrap,0.9666,0.0795,0.1437,"1,2,3",17.94,0.9231,1,,Extended nonparametric bootstrap refits from original complete-domain rows.
functional_bridge_earliest_sensitivity,bridge_sensitivity,KLoSA,3,4081,3,16792.03,0.9236,0.9668,98,nonparametric_bootstrap,0.2424,0.7098,0.9562,"1,2,3",18.84,0.7221,1,,Extended nonparametric bootstrap refits from original complete-domain rows.
functional_bridge_earliest_sensitivity,bridge_sensitivity,KLoSA,3,4081,3,16792.03,0.9236,0.9668,99,nonparametric_bootstrap,0.9708,0.0876,0.1521,"1,2,3",15.34,0.9233,1,,Extended nonparametric bootstrap refits from original complete-domain rows.
functional_bridge_earliest_sensitivity,bridge_sensitivity,KLoSA,3,4081,3,16792.03,0.9236,0.9668,100,nonparametric_bootstrap,0.2473,0.695,0.8402,"1,2,3",20.22,0.7338,1,,Extended nonparametric bootstrap refits from original complete-domain rows.
functional_bridge_earliest_sensitivity,bridge_sensitivity,KLoSA,3,4081,3,16792.03,0.9236,0.9668,101,nonparametric_bootstrap,0.9636,0.1098,0.2126,"1,2,3",18.08,0.9182,1,,Extended nonparametric bootstrap refits from original complete-domain rows.
functional_bridge_earliest_sensitivity,bridge_sensitivity,KLoSA,3,4081,3,16792.03,0.9236,0.9668,102,nonparametric_bootstrap,0.2534,0.7066,0.949,"1,2,3",21.37,0.7329,1,,Extended nonparametric bootstrap refits from original complete-domain rows.
functional_bridge_earliest_sensitivity,bridge_sensitivity,KLoSA,3,4081,3,16792.03,0.9236,0.9668,103,nonparametric_bootstrap,0.9952,0.041,0.0764,"1,2,3",16.44,0.9235,1,,Extended nonparametric bootstrap refits from original complete-domain rows.
functional_bridge_earliest_sensitivity,bridge_sensitivity,KLoSA,3,4081,3,16792.03,0.9236,0.9668,104,nonparametric_bootstrap,0.9888,0.0546,0.0781,"1,2,3",16.05,0.9211,1,,Extended nonparametric bootstrap refits from original complete-domain rows.
functional_bridge_earliest_sensitivity,bridge_sensitivity,KLoSA,3,4081,3,16792.03,0.9236,0.9668,105,nonparametric_bootstrap,0.9791,0.0636,0.1323,"1,2,3",17.35,0.918,1,,Extended nonparametric bootstrap refits from original complete-domain rows.
functional_bridge_earliest_sensitivity,bridge_sensitivity,KLoSA,3,4081,3,16792.03,0.9236,0.9668,106,nonparametric_bootstrap,0.9904,0.0509,0.0545,"1,2,3",16.17,0.9205,1,,Extended nonparametric bootstrap refits from original complete-domain rows.
functional_bridge_earliest_sensitivity,bridge_sensitivity,KLoSA,3,4081,3,16792.03,0.9236,0.9668,107,nonparametric_bootstrap,0.2316,0.7525,0.9479,"1,2,3",17.05,0.7204,1,,Extended nonparametric bootstrap refits from original complete-domain rows.
functional_bridge_earliest_sensitivity,bridge_sensitivity,KLoSA,3,4081,3,16792.03,0.9236,0.9668,108,nonparametric_bootstrap,0.9744,0.0508,0.0784,"1,2,3",17.42,0.9251,1,,Extended nonparametric bootstrap refits from original complete-domain rows.
functional_bridge_earliest_sensitivity,bridge_sensitivity,KLoSA,3,4081,3,16792.03,0.9236,0.9668,109,nonparametric_bootstrap,0.9822,0.0779,0.1445,"1,2,3",17.25,0.9165,1,,Extended nonparametric bootstrap refits from original complete-domain rows.
functional_bridge_earliest_sensitivity,bridge_sensitivity,KLoSA,3,4081,3,16792.03,0.9236,0.9668,110,nonparametric_bootstrap,0.9919,0.0462,0.0956,"1,2,3",16.54,0.9224,1,,Extended nonparametric bootstrap refits from original complete-domain rows.
functional_bridge_earliest_sensitivity,bridge_sensitivity,KLoSA,3,4081,3,16792.03,0.9236,0.9668,111,nonparametric_bootstrap,0.9836,0.0518,0.0973,"1,2,3",15.85,0.9218,1,,Extended nonparametric bootstrap refits from original complete-domain rows.
functional_bridge_earliest_sensitivity,bridge_sensitivity,KLoSA,3,4081,3,16792.03,0.9236,0.9668,112,nonparametric_bootstrap,0.9855,0.041,0.0635,"1,2,3",16.83,0.9219,1,,Extended nonparametric bootstrap refits from original complete-domain rows.
functional_bridge_earliest_sensitivity,bridge_sensitivity,KLoSA,3,4081,3,16792.03,0.9236,0.9668,113,nonparametric_bootstrap,0.9867,0.0408,0.0674,"1,2,3",15.8,0.9259,1,,Extended nonparametric bootstrap refits from original complete-domain rows.
functional_bridge_earliest_sensitivity,bridge_sensitivity,KLoSA,3,4081,3,16792.03,0.9236,0.9668,114,nonparametric_bootstrap,0.2356,0.7275,0.9434,"1,2,3",19.14,0.7391,1,,Extended nonparametric bootstrap refits from original complete-domain rows.
functional_bridge_earliest_sensitivity,bridge_sensitivity,KLoSA,3,4081,3,16792.03,0.9236,0.9668,115,nonparametric_bootstrap,0.9869,0.0386,0.0772,"1,2,3",16.98,0.9182,1,,Extended nonparametric bootstrap refits from original complete-domain rows.
functional_bridge_earliest_sensitivity,bridge_sensitivity,KLoSA,3,4081,3,16792.03,0.9236,0.9668,116,nonparametric_bootstrap,0.9623,0.0817,0.1105,"1,2,3",18.21,0.9239,1,,Extended nonparametric bootstrap refits from original complete-domain rows.
functional_bridge_earliest_sensitivity,bridge_sensitivity,KLoSA,3,4081,3,16792.03,0.9236,0.9668,117,nonparametric_bootstrap,0.9862,0.0494,0.0741,"1,2,3",15.78,0.9267,1,,Extended nonparametric bootstrap refits from original complete-domain rows.
functional_bridge_earliest_sensitivity,bridge_sensitivity,KLoSA,3,4081,3,16792.03,0.9236,0.9668,118,nonparametric_bootstrap,0.9952,0.0456,0.0737,"1,2,3",16.54,0.9207,1,,Extended nonparametric bootstrap refits from original complete-domain rows.
functional_bridge_earliest_sensitivity,bridge_sensitivity,KLoSA,3,4081,3,16792.03,0.9236,0.9668,119,nonparametric_bootstrap,0.25,0.7035,0.9384,"1,2,3",20.24,0.7209,1,,Extended nonparametric bootstrap refits from original complete-domain rows.
functional_bridge_earliest_sensitivity,bridge_sensitivity,KLoSA,3,4081,3,16792.03,0.9236,0.9668,120,nonparametric_bootstrap,0.2235,0.69,0.8822,"1,2,3",20.98,0.7198,1,,Extended nonparametric bootstrap refits from original complete-domain rows.
functional_bridge_earliest_sensitivity,bridge_sensitivity,KLoSA,3,4081,3,16792.03,0.9236,0.9668,121,nonparametric_bootstrap,0.9752,0.0662,0.109,"1,2,3",17.47,0.9197,1,,Extended nonparametric bootstrap refits from original complete-domain rows.
functional_bridge_earliest_sensitivity,bridge_sensitivity,KLoSA,3,4081,3,16792.03,0.9236,0.9668,122,nonparametric_bootstrap,0.986,0.0451,0.0571,"1,2,3",16.81,0.9213,1,,Extended nonparametric bootstrap refits from original complete-domain rows.
functional_bridge_earliest_sensitivity,bridge_sensitivity,KLoSA,3,4081,3,16792.03,0.9236,0.9668,123,nonparametric_bootstrap,0.9852,0.0689,0.084,"1,2,3",16.61,0.9277,1,,Extended nonparametric bootstrap refits from original complete-domain rows.
functional_bridge_earliest_sensitivity,bridge_sensitivity,KLoSA,3,4081,3,16792.03,0.9236,0.9668,124,nonparametric_bootstrap,0.9874,0.0536,0.086,"1,2,3",16.66,0.9271,1,,Extended nonparametric bootstrap refits from original complete-domain rows.
functional_bridge_earliest_sensitivity,bridge_sensitivity,KLoSA,3,4081,3,16792.03,0.9236,0.9668,125,nonparametric_bootstrap,0.9925,0.0549,0.0952,"1,2,3",16.07,0.929,1,,Extended nonparametric bootstrap refits from original complete-domain rows.
functional_bridge_earliest_sensitivity,bridge_sensitivity,KLoSA,3,4081,3,16792.03,0.9236,0.9668,126,nonparametric_bootstrap,0.2396,0.716,0.9351,"1,2,3",19.33,0.7317,1,,Extended nonparametric bootstrap refits from original complete-domain rows.
functional_bridge_earliest_sensitivity,bridge_sensitivity,KLoSA,3,4081,3,16792.03,0.9236,0.9668,127,nonparametric_bootstrap,0.9856,0.0548,0.103,"1,2,3",15.85,0.9261,1,,Extended nonparametric bootstrap refits from original complete-domain rows.
functional_bridge_earliest_sensitivity,bridge_sensitivity,KLoSA,3,4081,3,16792.03,0.9236,0.9668,128,nonparametric_bootstrap,0.2281,0.6935,0.9113,"1,2,3",20.26,0.7065,1,,Extended nonparametric bootstrap refits from original complete-domain rows.
functional_bridge_earliest_sensitivity,bridge_sensitivity,KLoSA,3,4081,3,16792.03,0.9236,0.9668,129,nonparametric_bootstrap,0.2428,0.7381,0.9962,"1,2,3",19.58,0.7222,1,,Extended nonparametric bootstrap refits from original complete-domain rows.
functional_bridge_earliest_sensitivity,bridge_sensitivity,KLoSA,3,4081,3,16792.03,0.9236,0.9668,130,nonparametric_bootstrap,0.2242,0.7023,0.898,"1,2,3",18.52,0.7079,1,,Extended nonparametric bootstrap refits from original complete-domain rows.
functional_bridge_earliest_sensitivity,bridge_sensitivity,KLoSA,3,4081,3,16792.03,0.9236,0.9668,131,nonparametric_bootstrap,0.9873,0.0623,0.124,"1,2,3",16.12,0.9259,1,,Extended nonparametric bootstrap refits from original complete-domain rows.
functional_bridge_earliest_sensitivity,bridge_sensitivity,KLoSA,3,4081,3,16792.03,0.9236,0.9668,132,nonparametric_bootstrap,0.976,0.0452,0.0789,"1,2,3",15.49,0.9197,1,,Extended nonparametric bootstrap refits from original complete-domain rows.
functional_bridge_earliest_sensitivity,bridge_sensitivity,KLoSA,3,4081,3,16792.03,0.9236,0.9668,133,nonparametric_bootstrap,0.2163,0.7292,0.9184,"1,2,3",17.74,0.7225,1,,Extended nonparametric bootstrap refits from original complete-domain rows.
functional_bridge_earliest_sensitivity,bridge_sensitivity,KLoSA,3,4081,3,16792.03,0.9236,0.9668,134,nonparametric_bootstrap,0.251,0.7122,0.9043,"1,2,3",20.19,0.7417,1,,Extended nonparametric bootstrap refits from original complete-domain rows.
functional_bridge_earliest_sensitivity,bridge_sensitivity,KLoSA,3,4081,3,16792.03,0.9236,0.9668,135,nonparametric_bootstrap,0.992,0.0525,0.1014,"1,2,3",16.05,0.9219,1,,Extended nonparametric bootstrap refits from original complete-domain rows.
functional_bridge_earliest_sensitivity,bridge_sensitivity,KLoSA,3,4081,3,16792.03,0.9236,0.9668,136,nonparametric_bootstrap,0.9921,0.0498,0.0701,"1,2,3",16.2,0.9211,1,,Extended nonparametric bootstrap refits from original complete-domain rows.
functional_bridge_earliest_sensitivity,bridge_sensitivity,KLoSA,3,4081,3,16792.03,0.9236,0.9668,137,nonparametric_bootstrap,0.9526,0.0807,0.1251,"1,2,3",18.65,0.9239,1,,Extended nonparametric bootstrap refits from original complete-domain rows.
functional_bridge_earliest_sensitivity,bridge_sensitivity,KLoSA,3,4081,3,16792.03,0.9236,0.9668,138,nonparametric_bootstrap,0.9765,0.0875,0.1574,"1,2,3",15.36,0.9269,1,,Extended nonparametric bootstrap refits from original complete-domain rows.
functional_bridge_earliest_sensitivity,bridge_sensitivity,KLoSA,3,4081,3,16792.03,0.9236,0.9668,139,nonparametric_bootstrap,0.2401,0.732,0.9586,"1,2,3",20.49,0.7269,1,,Extended nonparametric bootstrap refits from original complete-domain rows.
functional_bridge_earliest_sensitivity,bridge_sensitivity,KLoSA,3,4081,3,16792.03,0.9236,0.9668,140,nonparametric_bootstrap,0.22,0.7066,0.8993,"1,2,3",21.32,0.7474,1,,Extended nonparametric bootstrap refits from original complete-domain rows.
functional_bridge_earliest_sensitivity,bridge_sensitivity,KLoSA,3,4081,3,16792.03,0.9236,0.9668,141,nonparametric_bootstrap,0.9811,0.0442,0.0686,"1,2,3",15.63,0.9273,1,,Extended nonparametric bootstrap refits from original complete-domain rows.
functional_bridge_earliest_sensitivity,bridge_sensitivity,KLoSA,3,4081,3,16792.03,0.9236,0.9668,142,nonparametric_bootstrap,0.9898,0.0404,0.0621,"1,2,3",16.64,0.9219,1,,Extended nonparametric bootstrap refits from original complete-domain rows.
functional_bridge_earliest_sensitivity,bridge_sensitivity,KLoSA,3,4081,3,16792.03,0.9236,0.9668,143,nonparametric_bootstrap,0.2212,0.741,0.9943,"1,2,3",18.89,0.7155,1,,Extended nonparametric bootstrap refits from original complete-domain rows.
functional_bridge_earliest_sensitivity,bridge_sensitivity,KLoSA,3,4081,3,16792.03,0.9236,0.9668,144,nonparametric_bootstrap,0.9688,0.0775,0.1221,"1,2,3",17.79,0.9191,1,,Extended nonparametric bootstrap refits from original complete-domain rows.
functional_bridge_earliest_sensitivity,bridge_sensitivity,KLoSA,3,4081,3,16792.03,0.9236,0.9668,145,nonparametric_bootstrap,0.2304,0.7,0.8376,"1,2,3",20.34,0.7346,1,,Extended nonparametric bootstrap refits from original complete-domain rows.
functional_bridge_earliest_sensitivity,bridge_sensitivity,KLoSA,3,4081,3,16792.03,0.9236,0.9668,146,nonparametric_bootstrap,0.9852,0.0427,0.0561,"1,2,3",15.93,0.921,1,,Extended nonparametric bootstrap refits from original complete-domain rows.
functional_bridge_earliest_sensitivity,bridge_sensitivity,KLoSA,3,4081,3,16792.03,0.9236,0.9668,147,nonparametric_bootstrap,0.9805,0.072,0.0941,"1,2,3",17.23,0.9182,1,,Extended nonparametric bootstrap refits from original complete-domain rows.
functional_bridge_earliest_sensitivity,bridge_sensitivity,KLoSA,3,4081,3,16792.03,0.9236,0.9668,148,nonparametric_bootstrap,0.2368,0.7167,0.9229,"1,2,3",19.16,0.7316,1,,Extended nonparametric bootstrap refits from original complete-domain rows.
functional_bridge_earliest_sensitivity,bridge_sensitivity,KLoSA,3,4081,3,16792.03,0.9236,0.9668,149,nonparametric_bootstrap,0.979,0.0659,0.1224,"1,2,3",17.2,0.9193,1,,Extended nonparametric bootstrap refits from original complete-domain rows.
functional_bridge_earliest_sensitivity,bridge_sensitivity,KLoSA,3,4081,3,16792.03,0.9236,0.9668,150,nonparametric_bootstrap,0.979,0.0459,0.0568,"1,2,3",15.54,0.9257,1,,Extended nonparametric bootstrap refits from original complete-domain rows.
functional_bridge_earliest_sensitivity,bridge_sensitivity,KLoSA,3,4081,3,16792.03,0.9236,0.9668,151,nonparametric_bootstrap,0.9761,0.0856,0.1768,"1,2,3",17.45,0.9237,1,,Extended nonparametric bootstrap refits from original complete-domain rows.
functional_bridge_earliest_sensitivity,bridge_sensitivity,KLoSA,3,4081,3,16792.03,0.9236,0.9668,152,nonparametric_bootstrap,0.2074,0.7442,0.9804,"1,2,3",19.33,0.7296,1,,Extended nonparametric bootstrap refits from original complete-domain rows.
functional_bridge_earliest_sensitivity,bridge_sensitivity,KLoSA,3,4081,3,16792.03,0.9236,0.9668,153,nonparametric_bootstrap,0.9876,0.0647,0.1236,"1,2,3",16.54,0.916,1,,Extended nonparametric bootstrap refits from original complete-domain rows.
functional_bridge_earliest_sensitivity,bridge_sensitivity,KLoSA,3,4081,3,16792.03,0.9236,0.9668,154,nonparametric_bootstrap,0.2117,0.748,1.0027,"1,2,3",19.06,0.7238,1,,Extended nonparametric bootstrap refits from original complete-domain rows.
functional_bridge_earliest_sensitivity,bridge_sensitivity,KLoSA,3,4081,3,16792.03,0.9236,0.9668,155,nonparametric_bootstrap,0.9888,0.0653,0.1217,"1,2,3",16.05,0.9258,1,,Extended nonparametric bootstrap refits from original complete-domain rows.
functional_bridge_earliest_sensitivity,bridge_sensitivity,KLoSA,3,4081,3,16792.03,0.9236,0.9668,156,nonparametric_bootstrap,0.2327,0.7233,0.997,"1,2,3",20.34,0.7276,1,,Extended nonparametric bootstrap refits from original complete-domain rows.
functional_bridge_earliest_sensitivity,bridge_sensitivity,KLoSA,3,4081,3,16792.03,0.9236,0.9668,157,nonparametric_bootstrap,0.2731,0.6945,0.9005,"1,2,3",19.16,0.719,1,,Extended nonparametric bootstrap refits from original complete-domain rows.
functional_bridge_earliest_sensitivity,bridge_sensitivity,KLoSA,3,4081,3,16792.03,0.9236,0.9668,158,nonparametric_bootstrap,0.9745,0.0673,0.1225,"1,2,3",17.47,0.9157,1,,Extended nonparametric bootstrap refits from original complete-domain rows.
functional_bridge_earliest_sensitivity,bridge_sensitivity,KLoSA,3,4081,3,16792.03,0.9236,0.9668,159,nonparametric_bootstrap,0.9899,0.0427,0.0612,"1,2,3",16.1,0.9217,1,,Extended nonparametric bootstrap refits from original complete-domain rows.
functional_bridge_earliest_sensitivity,bridge_sensitivity,KLoSA,3,4081,3,16792.03,0.9236,0.9668,160,nonparametric_bootstrap,0.9696,0.0864,0.1375,"1,2,3",14.97,0.9222,1,,Extended nonparametric bootstrap refits from original complete-domain rows.
functional_bridge_earliest_sensitivity,bridge_sensitivity,KLoSA,3,4081,3,16792.03,0.9236,0.9668,161,nonparametric_bootstrap,0.9918,0.0353,0.0778,"1,2,3",16.59,0.9202,1,,Extended nonparametric bootstrap refits from original complete-domain rows.
functional_bridge_earliest_sensitivity,bridge_sensitivity,KLoSA,3,4081,3,16792.03,0.9236,0.9668,162,nonparametric_bootstrap,0.9761,0.0593,0.0844,"1,2,3",17.3,0.9171,1,,Extended nonparametric bootstrap refits from original complete-domain rows.
functional_bridge_earliest_sensitivity,bridge_sensitivity,KLoSA,3,4081,3,16792.03,0.9236,0.9668,163,nonparametric_bootstrap,0.2293,0.705,0.9455,"1,2,3",19.48,0.7182,1,,Extended nonparametric bootstrap refits from original complete-domain rows.
functional_bridge_earliest_sensitivity,bridge_sensitivity,KLoSA,3,4081,3,16792.03,0.9236,0.9668,164,nonparametric_bootstrap,0.2346,0.7216,0.9251,"1,2,3",19.16,0.7156,1,,Extended nonparametric bootstrap refits from original complete-domain rows.
functional_bridge_earliest_sensitivity,bridge_sensitivity,KLoSA,3,4081,3,16792.03,0.9236,0.9668,165,nonparametric_bootstrap,0.9809,0.0672,0.1314,"1,2,3",15.58,0.9223,1,,Extended nonparametric bootstrap refits from original complete-domain rows.
functional_bridge_earliest_sensitivity,bridge_sensitivity,KLoSA,3,4081,3,16792.03,0.9236,0.9668,166,nonparametric_bootstrap,0.9904,0.0527,0.0752,"1,2,3",16.37,0.9263,1,,Extended nonparametric bootstrap refits from original complete-domain rows.
functional_bridge_earliest_sensitivity,bridge_sensitivity,KLoSA,3,4081,3,16792.03,0.9236,0.9668,167,nonparametric_bootstrap,0.2512,0.7079,0.8847,"1,2,3",18.67,0.7235,1,,Extended nonparametric bootstrap refits from original complete-domain rows.
functional_bridge_earliest_sensitivity,bridge_sensitivity,KLoSA,3,4081,3,16792.03,0.9236,0.9668,168,nonparametric_bootstrap,0.9857,0.0584,0.104,"1,2,3",16.83,0.9258,1,,Extended nonparametric bootstrap refits from original complete-domain rows.
functional_bridge_earliest_sensitivity,bridge_sensitivity,KLoSA,3,4081,3,16792.03,0.9236,0.9668,169,nonparametric_bootstrap,0.2286,0.7063,0.8581,"1,2,3",18.43,0.7198,1,,Extended nonparametric bootstrap refits from original complete-domain rows.
functional_bridge_earliest_sensitivity,bridge_sensitivity,KLoSA,3,4081,3,16792.03,0.9236,0.9668,170,nonparametric_bootstrap,0.9914,0.0352,0.0518,"1,2,3",16.81,0.92,1,,Extended nonparametric bootstrap refits from original complete-domain rows.
functional_bridge_earliest_sensitivity,bridge_sensitivity,KLoSA,3,4081,3,16792.03,0.9236,0.9668,171,nonparametric_bootstrap,0.9874,0.0434,0.0764,"1,2,3",16.07,0.9232,1,,Extended nonparametric bootstrap refits from original complete-domain rows.
functional_bridge_earliest_sensitivity,bridge_sensitivity,KLoSA,3,4081,3,16792.03,0.9236,0.9668,172,nonparametric_bootstrap,0.2686,0.713,0.9543,"1,2,3",22.0,0.7332,1,,Extended nonparametric bootstrap refits from original complete-domain rows.
functional_bridge_earliest_sensitivity,bridge_sensitivity,KLoSA,3,4081,3,16792.03,0.9236,0.9668,173,nonparametric_bootstrap,0.9883,0.0506,0.0861,"1,2,3",16.91,0.9189,1,,Extended nonparametric bootstrap refits from original complete-domain rows.
functional_bridge_earliest_sensitivity,bridge_sensitivity,KLoSA,3,4081,3,16792.03,0.9236,0.9668,174,nonparametric_bootstrap,0.2097,0.7365,0.9119,"1,2,3",19.7,0.7298,1,,Extended nonparametric bootstrap refits from original complete-domain rows.
functional_bridge_earliest_sensitivity,bridge_sensitivity,KLoSA,3,4081,3,16792.03,0.9236,0.9668,175,nonparametric_bootstrap,0.9625,0.0581,0.0841,"1,2,3",17.72,0.9157,1,,Extended nonparametric bootstrap refits from original complete-domain rows.
functional_bridge_earliest_sensitivity,bridge_sensitivity,KLoSA,3,4081,3,16792.03,0.9236,0.9668,176,nonparametric_bootstrap,0.9762,0.0739,0.0803,"1,2,3",15.39,0.9258,1,,Extended nonparametric bootstrap refits from original complete-domain rows.
functional_bridge_earliest_sensitivity,bridge_sensitivity,KLoSA,3,4081,3,16792.03,0.9236,0.9668,177,nonparametric_bootstrap,0.981,0.0763,0.1313,"1,2,3",16.81,0.9199,1,,Extended nonparametric bootstrap refits from original complete-domain rows.
functional_bridge_earliest_sensitivity,bridge_sensitivity,KLoSA,3,4081,3,16792.03,0.9236,0.9668,178,nonparametric_bootstrap,0.9831,0.0796,0.1739,"1,2,3",15.83,0.9285,1,,Extended nonparametric bootstrap refits from original complete-domain rows.
functional_bridge_earliest_sensitivity,bridge_sensitivity,KLoSA,3,4081,3,16792.03,0.9236,0.9668,179,nonparametric_bootstrap,0.2481,0.6932,0.8372,"1,2,3",18.94,0.7312,1,,Extended nonparametric bootstrap refits from original complete-domain rows.
functional_bridge_earliest_sensitivity,bridge_sensitivity,KLoSA,3,4081,3,16792.03,0.9236,0.9668,180,nonparametric_bootstrap,0.2413,0.6761,0.9063,"1,2,3",20.31,0.7311,1,,Extended nonparametric bootstrap refits from original complete-domain rows.
functional_bridge_earliest_sensitivity,bridge_sensitivity,KLoSA,3,4081,3,16792.03,0.9236,0.9668,181,nonparametric_bootstrap,0.9773,0.0696,0.0981,"1,2,3",17.42,0.9247,1,,Extended nonparametric bootstrap refits from original complete-domain rows.
functional_bridge_earliest_sensitivity,bridge_sensitivity,KLoSA,3,4081,3,16792.03,0.9236,0.9668,182,nonparametric_bootstrap,0.982,0.0502,0.074,"1,2,3",17.05,0.926,1,,Extended nonparametric bootstrap refits from original complete-domain rows.
functional_bridge_earliest_sensitivity,bridge_sensitivity,KLoSA,3,4081,3,16792.03,0.9236,0.9668,183,nonparametric_bootstrap,0.2409,0.7334,0.9777,"1,2,3",18.62,0.7079,1,,Extended nonparametric bootstrap refits from original complete-domain rows.
functional_bridge_earliest_sensitivity,bridge_sensitivity,KLoSA,3,4081,3,16792.03,0.9236,0.9668,184,nonparametric_bootstrap,0.9771,0.0459,0.092,"1,2,3",17.45,0.9207,1,,Extended nonparametric bootstrap refits from original complete-domain rows.
functional_bridge_earliest_sensitivity,bridge_sensitivity,KLoSA,3,4081,3,16792.03,0.9236,0.9668,185,nonparametric_bootstrap,0.9883,0.0403,0.0507,"1,2,3",16.42,0.9269,1,,Extended nonparametric bootstrap refits from original complete-domain rows.
functional_bridge_earliest_sensitivity,bridge_sensitivity,KLoSA,3,4081,3,16792.03,0.9236,0.9668,186,nonparametric_bootstrap,0.9873,0.0698,0.1577,"1,2,3",15.88,0.928,1,,Extended nonparametric bootstrap refits from original complete-domain rows.
functional_bridge_earliest_sensitivity,bridge_sensitivity,KLoSA,3,4081,3,16792.03,0.9236,0.9668,187,nonparametric_bootstrap,0.2275,0.7356,0.9463,"1,2,3",17.5,0.7203,1,,Extended nonparametric bootstrap refits from original complete-domain rows.
functional_bridge_earliest_sensitivity,bridge_sensitivity,KLoSA,3,4081,3,16792.03,0.9236,0.9668,188,nonparametric_bootstrap,0.9778,0.0697,0.1052,"1,2,3",16.03,0.9223,1,,Extended nonparametric bootstrap refits from original complete-domain rows.
functional_bridge_earliest_sensitivity,bridge_sensitivity,KLoSA,3,4081,3,16792.03,0.9236,0.9668,189,nonparametric_bootstrap,0.976,0.0688,0.1059,"1,2,3",15.29,0.9302,1,,Extended nonparametric bootstrap refits from original complete-domain rows.
functional_bridge_earliest_sensitivity,bridge_sensitivity,KLoSA,3,4081,3,16792.03,0.9236,0.9668,190,nonparametric_bootstrap,0.9796,0.087,0.1753,"1,2,3",15.46,0.9313,1,,Extended nonparametric bootstrap refits from original complete-domain rows.
functional_bridge_earliest_sensitivity,bridge_sensitivity,KLoSA,3,4081,3,16792.03,0.9236,0.9668,191,nonparametric_bootstrap,0.9806,0.0711,0.0839,"1,2,3",15.76,0.9203,1,,Extended nonparametric bootstrap refits from original complete-domain rows.
functional_bridge_earliest_sensitivity,bridge_sensitivity,KLoSA,3,4081,3,16792.03,0.9236,0.9668,192,nonparametric_bootstrap,0.2147,0.7199,0.9029,"1,2,3",18.84,0.7159,1,,Extended nonparametric bootstrap refits from original complete-domain rows.
functional_bridge_earliest_sensitivity,bridge_sensitivity,KLoSA,3,4081,3,16792.03,0.9236,0.9668,193,nonparametric_bootstrap,0.9833,0.0731,0.108,"1,2,3",15.68,0.9246,1,,Extended nonparametric bootstrap refits from original complete-domain rows.
functional_bridge_earliest_sensitivity,bridge_sensitivity,KLoSA,3,4081,3,16792.03,0.9236,0.9668,194,nonparametric_bootstrap,0.2058,0.74,0.9212,"1,2,3",19.55,0.7374,1,,Extended nonparametric bootstrap refits from original complete-domain rows.
functional_bridge_earliest_sensitivity,bridge_sensitivity,KLoSA,3,4081,3,16792.03,0.9236,0.9668,195,nonparametric_bootstrap,0.2441,0.7843,1.0909,"1,2,3",16.88,0.7228,1,,Extended nonparametric bootstrap refits from original complete-domain rows.
functional_bridge_earliest_sensitivity,bridge_sensitivity,KLoSA,3,4081,3,16792.03,0.9236,0.9668,196,nonparametric_bootstrap,0.2321,0.7026,0.9252,"1,2,3",21.44,0.7411,1,,Extended nonparametric bootstrap refits from original complete-domain rows.
functional_bridge_earliest_sensitivity,bridge_sensitivity,KLoSA,3,4081,3,16792.03,0.9236,0.9668,197,nonparametric_bootstrap,0.9705,0.0617,0.0875,"1,2,3",17.47,0.9283,1,,Extended nonparametric bootstrap refits from original complete-domain rows.
functional_bridge_earliest_sensitivity,bridge_sensitivity,KLoSA,3,4081,3,16792.03,0.9236,0.9668,198,nonparametric_bootstrap,0.9921,0.0474,0.0846,"1,2,3",16.64,0.9213,1,,Extended nonparametric bootstrap refits from original complete-domain rows.
functional_bridge_earliest_sensitivity,bridge_sensitivity,KLoSA,3,4081,3,16792.03,0.9236,0.9668,199,nonparametric_bootstrap,0.9859,0.0569,0.08,"1,2,3",16.2,0.9212,1,,Extended nonparametric bootstrap refits from original complete-domain rows.
functional_bridge_earliest_sensitivity,bridge_sensitivity,KLoSA,3,4081,3,16792.03,0.9236,0.9668,200,nonparametric_bootstrap,0.9888,0.0482,0.0744,"1,2,3",16.0,0.9227,1,,Extended nonparametric bootstrap refits from original complete-domain rows.
strict_earliest_primary,strict_primary,CHARLS,1,6019,3,219.45,0.9997,1.0,1,nonparametric_bootstrap,1.0,0.039,0.0551,"1,2,3",11.41,0.9997,1,,Extended nonparametric bootstrap refits from original complete-domain rows.
strict_earliest_primary,strict_primary,CHARLS,1,6019,3,219.45,0.9997,1.0,2,nonparametric_bootstrap,1.0,0.0572,0.0946,"1,2,3",11.41,0.9997,1,,Extended nonparametric bootstrap refits from original complete-domain rows.
strict_earliest_primary,strict_primary,CHARLS,1,6019,3,219.45,0.9997,1.0,3,nonparametric_bootstrap,1.0,0.0472,0.0606,"1,2,3",11.41,0.9997,1,,Extended nonparametric bootstrap refits from original complete-domain rows.
strict_earliest_primary,strict_primary,CHARLS,1,6019,3,219.45,0.9997,1.0,4,nonparametric_bootstrap,1.0,0.0601,0.0842,"1,2,3",11.41,0.9997,1,,Extended nonparametric bootstrap refits from original complete-domain rows.
strict_earliest_primary,strict_primary,CHARLS,1,6019,3,219.45,0.9997,1.0,5,nonparametric_bootstrap,0.9275,0.8645,1.5304,"1,2,3",6.0,0.9517,1,,Extended nonparametric bootstrap refits from original complete-domain rows.
strict_earliest_primary,strict_primary,CHARLS,1,6019,3,219.45,0.9997,1.0,6,nonparametric_bootstrap,1.0,0.0379,0.0411,"1,2,3",11.41,0.9997,1,,Extended nonparametric bootstrap refits from original complete-domain rows.
strict_earliest_primary,strict_primary,CHARLS,1,6019,3,219.45,0.9997,1.0,7,nonparametric_bootstrap,0.43,0.887,1.2607,"1,2,3",26.58,0.9991,1,,Extended nonparametric bootstrap refits from original complete-domain rows.
strict_earliest_primary,strict_primary,CHARLS,1,6019,3,219.45,0.9997,1.0,8,nonparametric_bootstrap,1.0,0.0631,0.0962,"1,2,3",11.41,0.9997,1,,Extended nonparametric bootstrap refits from original complete-domain rows.
strict_earliest_primary,strict_primary,CHARLS,1,6019,3,219.45,0.9997,1.0,9,nonparametric_bootstrap,0.9443,0.3824,0.5815,"1,2,3",12.86,0.9569,1,,Extended nonparametric bootstrap refits from original complete-domain rows.
strict_earliest_primary,strict_primary,CHARLS,1,6019,3,219.45,0.9997,1.0,10,nonparametric_bootstrap,1.0,0.0367,0.0402,"1,2,3",11.41,0.9997,1,,Extended nonparametric bootstrap refits from original complete-domain rows.
strict_earliest_primary,strict_primary,CHARLS,1,6019,3,219.45,0.9997,1.0,11,nonparametric_bootstrap,1.0,0.0544,0.0685,"1,2,3",11.41,0.9997,1,,Extended nonparametric bootstrap refits from original complete-domain rows.
strict_earliest_primary,strict_primary,CHARLS,1,6019,3,219.45,0.9997,1.0,12,nonparametric_bootstrap,1.0,0.0668,0.0968,"1,2,3",11.41,0.9997,1,,Extended nonparametric bootstrap refits from original complete-domain rows.
strict_earliest_primary,strict_primary,CHARLS,1,6019,3,219.45,0.9997,1.0,13,nonparametric_bootstrap,1.0,0.047,0.0683,"1,2,3",11.41,0.9997,1,,Extended nonparametric bootstrap refits from original complete-domain rows.
strict_earliest_primary,strict_primary,CHARLS,1,6019,3,219.45,0.9997,1.0,14,nonparametric_bootstrap,1.0,0.0534,0.0847,"1,2,3",11.41,0.9997,1,,Extended nonparametric bootstrap refits from original complete-domain rows.
strict_earliest_primary,strict_primary,CHARLS,1,6019,3,219.45,0.9997,1.0,15,nonparametric_bootstrap,1.0,0.0495,0.0619,"1,2,3",11.41,0.9997,1,,Extended nonparametric bootstrap refits from original complete-domain rows.
strict_earliest_primary,strict_primary,CHARLS,1,6019,3,219.45,0.9997,1.0,16,nonparametric_bootstrap,1.0,0.0377,0.0637,"1,2,3",11.41,0.9997,1,,Extended nonparametric bootstrap refits from original complete-domain rows.
strict_earliest_primary,strict_primary,CHARLS,1,6019,3,219.45,0.9997,1.0,17,nonparametric_bootstrap,1.0,0.0384,0.0509,"1,2,3",11.41,0.9997,1,,Extended nonparametric bootstrap refits from original complete-domain rows.
strict_earliest_primary,strict_primary,CHARLS,1,6019,3,219.45,0.9997,1.0,18,nonparametric_bootstrap,1.0,0.0361,0.0435,"1,2,3",11.41,0.9997,1,,Extended nonparametric bootstrap refits from original complete-domain rows.
strict_earliest_primary,strict_primary,CHARLS,1,6019,3,219.45,0.9997,1.0,19,nonparametric_bootstrap,1.0,0.0488,0.0831,"1,2,3",11.41,0.9997,1,,Extended nonparametric bootstrap refits from original complete-domain rows.
strict_earliest_primary,strict_primary,CHARLS,1,6019,3,219.45,0.9997,1.0,20,nonparametric_bootstrap,1.0,0.0442,0.0599,"1,2,3",11.41,0.9997,1,,Extended nonparametric bootstrap refits from original complete-domain rows.
strict_earliest_primary,strict_primary,CHARLS,1,6019,3,219.45,0.9997,1.0,21,nonparametric_bootstrap,1.0,0.0339,0.0558,"1,2,3",11.41,0.9997,1,,Extended nonparametric bootstrap refits from original complete-domain rows.
strict_earliest_primary,strict_primary,CHARLS,1,6019,3,219.45,0.9997,1.0,22,nonparametric_bootstrap,1.0,0.0312,0.0451,"1,2,3",11.41,0.9997,1,,Extended nonparametric bootstrap refits from original complete-domain rows.
strict_earliest_primary,strict_primary,CHARLS,1,6019,3,219.45,0.9997,1.0,23,nonparametric_bootstrap,1.0,0.0494,0.0886,"1,2,3",11.41,0.9997,1,,Extended nonparametric bootstrap refits from original complete-domain rows.
strict_earliest_primary,strict_primary,CHARLS,1,6019,3,219.45,0.9997,1.0,24,nonparametric_bootstrap,1.0,0.0553,0.071,"1,2,3",11.41,0.9997,1,,Extended nonparametric bootstrap refits from original complete-domain rows.
strict_earliest_primary,strict_primary,CHARLS,1,6019,3,219.45,0.9997,1.0,25,nonparametric_bootstrap,0.43,0.9107,1.3101,"1,2,3",26.58,0.9991,1,,Extended nonparametric bootstrap refits from original complete-domain rows.
strict_earliest_primary,strict_primary,CHARLS,1,6019,3,219.45,0.9997,1.0,26,nonparametric_bootstrap,1.0,0.0347,0.0581,"1,2,3",11.41,0.9997,1,,Extended nonparametric bootstrap refits from original complete-domain rows.
strict_earliest_primary,strict_primary,CHARLS,1,6019,3,219.45,0.9997,1.0,27,nonparametric_bootstrap,1.0,0.0237,0.0421,"1,2,3",11.41,0.9997,1,,Extended nonparametric bootstrap refits from original complete-domain rows.
strict_earliest_primary,strict_primary,CHARLS,1,6019,3,219.45,0.9997,1.0,28,nonparametric_bootstrap,1.0,0.0526,0.0829,"1,2,3",11.41,0.9997,1,,Extended nonparametric bootstrap refits from original complete-domain rows.
strict_earliest_primary,strict_primary,CHARLS,1,6019,3,219.45,0.9997,1.0,29,nonparametric_bootstrap,1.0,0.0707,0.1237,"1,2,3",11.41,0.9997,1,,Extended nonparametric bootstrap refits from original complete-domain rows.
strict_earliest_primary,strict_primary,CHARLS,1,6019,3,219.45,0.9997,1.0,30,nonparametric_bootstrap,1.0,0.0663,0.1062,"1,2,3",11.41,0.9997,1,,Extended nonparametric bootstrap refits from original complete-domain rows.
strict_earliest_primary,strict_primary,CHARLS,1,6019,3,219.45,0.9997,1.0,31,nonparametric_bootstrap,1.0,0.0561,0.0818,"1,2,3",11.41,0.9997,1,,Extended nonparametric bootstrap refits from original complete-domain rows.
strict_earliest_primary,strict_primary,CHARLS,1,6019,3,219.45,0.9997,1.0,32,nonparametric_bootstrap,1.0,0.0556,0.1108,"1,2,3",11.41,0.9997,1,,Extended nonparametric bootstrap refits from original complete-domain rows.
strict_earliest_primary,strict_primary,CHARLS,1,6019,3,219.45,0.9997,1.0,33,nonparametric_bootstrap,1.0,0.0761,0.1149,"1,2,3",11.41,0.9997,1,,Extended nonparametric bootstrap refits from original complete-domain rows.
strict_earliest_primary,strict_primary,CHARLS,1,6019,3,219.45,0.9997,1.0,34,nonparametric_bootstrap,1.0,0.0447,0.0653,"1,2,3",11.41,0.9997,1,,Extended nonparametric bootstrap refits from original complete-domain rows.
strict_earliest_primary,strict_primary,CHARLS,1,6019,3,219.45,0.9997,1.0,35,nonparametric_bootstrap,0.9276,0.8305,1.5124,"1,2,3",6.01,0.9499,1,,Extended nonparametric bootstrap refits from original complete-domain rows.
strict_earliest_primary,strict_primary,CHARLS,1,6019,3,219.45,0.9997,1.0,36,nonparametric_bootstrap,1.0,0.0419,0.0588,"1,2,3",11.41,0.9997,1,,Extended nonparametric bootstrap refits from original complete-domain rows.
strict_earliest_primary,strict_primary,CHARLS,1,6019,3,219.45,0.9997,1.0,37,nonparametric_bootstrap,1.0,0.0502,0.0739,"1,2,3",11.41,0.9997,1,,Extended nonparametric bootstrap refits from original complete-domain rows.
strict_earliest_primary,strict_primary,CHARLS,1,6019,3,219.45,0.9997,1.0,38,nonparametric_bootstrap,1.0,0.0504,0.083,"1,2,3",11.41,0.9997,1,,Extended nonparametric bootstrap refits from original complete-domain rows.
strict_earliest_primary,strict_primary,CHARLS,1,6019,3,219.45,0.9997,1.0,39,nonparametric_bootstrap,0.927,0.8622,1.4983,"1,2,3",6.05,0.9401,1,,Extended nonparametric bootstrap refits from original complete-domain rows.
strict_earliest_primary,strict_primary,CHARLS,1,6019,3,219.45,0.9997,1.0,40,nonparametric_bootstrap,1.0,0.0498,0.0818,"1,2,3",11.41,0.9997,1,,Extended nonparametric bootstrap refits from original complete-domain rows.
strict_earliest_primary,strict_primary,CHARLS,1,6019,3,219.45,0.9997,1.0,41,nonparametric_bootstrap,1.0,0.0479,0.0907,"1,2,3",11.41,0.9997,1,,Extended nonparametric bootstrap refits from original complete-domain rows.
strict_earliest_primary,strict_primary,CHARLS,1,6019,3,219.45,0.9997,1.0,42,nonparametric_bootstrap,1.0,0.0531,0.0849,"1,2,3",11.41,0.9998,1,,Extended nonparametric bootstrap refits from original complete-domain rows.
strict_earliest_primary,strict_primary,CHARLS,1,6019,3,219.45,0.9997,1.0,43,nonparametric_bootstrap,1.0,0.0484,0.0769,"1,2,3",11.41,0.9997,1,,Extended nonparametric bootstrap refits from original complete-domain rows.
strict_earliest_primary,strict_primary,CHARLS,1,6019,3,219.45,0.9997,1.0,44,nonparametric_bootstrap,1.0,0.0504,0.0898,"1,2,3",11.41,0.9997,1,,Extended nonparametric bootstrap refits from original complete-domain rows.
strict_earliest_primary,strict_primary,CHARLS,1,6019,3,219.45,0.9997,1.0,45,nonparametric_bootstrap,1.0,0.0399,0.055,"1,2,3",11.41,0.9997,1,,Extended nonparametric bootstrap refits from original complete-domain rows.
strict_earliest_primary,strict_primary,CHARLS,1,6019,3,219.45,0.9997,1.0,46,nonparametric_bootstrap,1.0,0.0498,0.0621,"1,2,3",11.41,0.9997,1,,Extended nonparametric bootstrap refits from original complete-domain rows.
strict_earliest_primary,strict_primary,CHARLS,1,6019,3,219.45,0.9997,1.0,47,nonparametric_bootstrap,1.0,0.0571,0.0788,"1,2,3",11.41,0.9997,1,,Extended nonparametric bootstrap refits from original complete-domain rows.
strict_earliest_primary,strict_primary,CHARLS,1,6019,3,219.45,0.9997,1.0,48,nonparametric_bootstrap,0.9276,0.8381,1.4689,"1,2,3",6.01,0.9473,1,,Extended nonparametric bootstrap refits from original complete-domain rows.
strict_earliest_primary,strict_primary,CHARLS,1,6019,3,219.45,0.9997,1.0,49,nonparametric_bootstrap,0.9276,0.8368,1.4434,"1,2,3",6.01,0.9425,1,,Extended nonparametric bootstrap refits from original complete-domain rows.
strict_earliest_primary,strict_primary,CHARLS,1,6019,3,219.45,0.9997,1.0,50,nonparametric_bootstrap,1.0,0.0414,0.0686,"1,2,3",11.41,0.9997,1,,Extended nonparametric bootstrap refits from original complete-domain rows.
strict_earliest_primary,strict_primary,CHARLS,1,6019,3,219.45,0.9997,1.0,51,nonparametric_bootstrap,1.0,0.0544,0.0818,"1,2,3",11.41,0.9997,1,,Extended nonparametric bootstrap refits from original complete-domain rows.
strict_earliest_primary,strict_primary,CHARLS,1,6019,3,219.45,0.9997,1.0,52,nonparametric_bootstrap,1.0,0.0455,0.0592,"1,2,3",11.41,0.9997,1,,Extended nonparametric bootstrap refits from original complete-domain rows.
strict_earliest_primary,strict_primary,CHARLS,1,6019,3,219.45,0.9997,1.0,53,nonparametric_bootstrap,1.0,0.0511,0.0791,"1,2,3",11.41,0.9997,1,,Extended nonparametric bootstrap refits from original complete-domain rows.
strict_earliest_primary,strict_primary,CHARLS,1,6019,3,219.45,0.9997,1.0,54,nonparametric_bootstrap,1.0,0.041,0.066,"1,2,3",11.41,0.9997,1,,Extended nonparametric bootstrap refits from original complete-domain rows.
strict_earliest_primary,strict_primary,CHARLS,1,6019,3,219.45,0.9997,1.0,55,nonparametric_bootstrap,1.0,0.0415,0.0842,"1,2,3",11.41,0.9998,1,,Extended nonparametric bootstrap refits from original complete-domain rows.
strict_earliest_primary,strict_primary,CHARLS,1,6019,3,219.45,0.9997,1.0,56,nonparametric_bootstrap,1.0,0.0537,0.1094,"1,2,3",11.41,0.9997,1,,Extended nonparametric bootstrap refits from original complete-domain rows.
strict_earliest_primary,strict_primary,CHARLS,1,6019,3,219.45,0.9997,1.0,57,nonparametric_bootstrap,1.0,0.0463,0.0805,"1,2,3",11.41,0.9997,1,,Extended nonparametric bootstrap refits from original complete-domain rows.
strict_earliest_primary,strict_primary,CHARLS,1,6019,3,219.45,0.9997,1.0,58,nonparametric_bootstrap,1.0,0.0307,0.0407,"1,2,3",11.41,0.9997,1,,Extended nonparametric bootstrap refits from original complete-domain rows.
strict_earliest_primary,strict_primary,CHARLS,1,6019,3,219.45,0.9997,1.0,59,nonparametric_bootstrap,1.0,0.0479,0.0692,"1,2,3",11.41,0.9997,1,,Extended nonparametric bootstrap refits from original complete-domain rows.
strict_earliest_primary,strict_primary,CHARLS,1,6019,3,219.45,0.9997,1.0,60,nonparametric_bootstrap,1.0,0.047,0.0872,"1,2,3",11.41,0.9997,1,,Extended nonparametric bootstrap refits from original complete-domain rows.
strict_earliest_primary,strict_primary,CHARLS,1,6019,3,219.45,0.9997,1.0,61,nonparametric_bootstrap,1.0,0.0524,0.0812,"1,2,3",11.41,0.9997,1,,Extended nonparametric bootstrap refits from original complete-domain rows.
strict_earliest_primary,strict_primary,CHARLS,1,6019,3,219.45,0.9997,1.0,62,nonparametric_bootstrap,1.0,0.0521,0.0583,"1,2,3",11.41,0.9997,1,,Extended nonparametric bootstrap refits from original complete-domain rows.
strict_earliest_primary,strict_primary,CHARLS,1,6019,3,219.45,0.9997,1.0,63,nonparametric_bootstrap,1.0,0.0443,0.0678,"1,2,3",11.41,0.9997,1,,Extended nonparametric bootstrap refits from original complete-domain rows.
strict_earliest_primary,strict_primary,CHARLS,1,6019,3,219.45,0.9997,1.0,64,nonparametric_bootstrap,1.0,0.0504,0.0674,"1,2,3",11.41,0.9997,1,,Extended nonparametric bootstrap refits from original complete-domain rows.
strict_earliest_primary,strict_primary,CHARLS,1,6019,3,219.45,0.9997,1.0,65,nonparametric_bootstrap,1.0,0.0435,0.059,"1,2,3",11.41,0.9997,1,,Extended nonparametric bootstrap refits from original complete-domain rows.
strict_earliest_primary,strict_primary,CHARLS,1,6019,3,219.45,0.9997,1.0,66,nonparametric_bootstrap,1.0,0.0363,0.0757,"1,2,3",11.41,0.9997,1,,Extended nonparametric bootstrap refits from original complete-domain rows.
strict_earliest_primary,strict_primary,CHARLS,1,6019,3,219.45,0.9997,1.0,67,nonparametric_bootstrap,1.0,0.043,0.0771,"1,2,3",11.41,0.9997,1,,Extended nonparametric bootstrap refits from original complete-domain rows.
strict_earliest_primary,strict_primary,CHARLS,1,6019,3,219.45,0.9997,1.0,68,nonparametric_bootstrap,1.0,0.0387,0.0608,"1,2,3",11.41,0.9997,1,,Extended nonparametric bootstrap refits from original complete-domain rows.
strict_earliest_primary,strict_primary,CHARLS,1,6019,3,219.45,0.9997,1.0,69,nonparametric_bootstrap,1.0,0.0498,0.0855,"1,2,3",11.41,0.9997,1,,Extended nonparametric bootstrap refits from original complete-domain rows.
strict_earliest_primary,strict_primary,CHARLS,1,6019,3,219.45,0.9997,1.0,70,nonparametric_bootstrap,1.0,0.047,0.0781,"1,2,3",11.41,0.9997,1,,Extended nonparametric bootstrap refits from original complete-domain rows.
strict_earliest_primary,strict_primary,CHARLS,1,6019,3,219.45,0.9997,1.0,71,nonparametric_bootstrap,1.0,0.0558,0.0747,"1,2,3",11.41,0.9998,1,,Extended nonparametric bootstrap refits from original complete-domain rows.
strict_earliest_primary,strict_primary,CHARLS,1,6019,3,219.45,0.9997,1.0,72,nonparametric_bootstrap,0.43,0.8889,1.2879,"1,2,3",26.58,0.9991,1,,Extended nonparametric bootstrap refits from original complete-domain rows.
strict_earliest_primary,strict_primary,CHARLS,1,6019,3,219.45,0.9997,1.0,73,nonparametric_bootstrap,1.0,0.018,0.0196,"1,2,3",11.41,0.9997,1,,Extended nonparametric bootstrap refits from original complete-domain rows.
strict_earliest_primary,strict_primary,CHARLS,1,6019,3,219.45,0.9997,1.0,74,nonparametric_bootstrap,1.0,0.0489,0.0721,"1,2,3",11.41,0.9997,1,,Extended nonparametric bootstrap refits from original complete-domain rows.
strict_earliest_primary,strict_primary,CHARLS,1,6019,3,219.45,0.9997,1.0,75,nonparametric_bootstrap,1.0,0.0669,0.1006,"1,2,3",11.41,0.9997,1,,Extended nonparametric bootstrap refits from original complete-domain rows.
strict_earliest_primary,strict_primary,CHARLS,1,6019,3,219.45,0.9997,1.0,76,nonparametric_bootstrap,1.0,0.0485,0.1086,"1,2,3",11.41,0.9997,1,,Extended nonparametric bootstrap refits from original complete-domain rows.
strict_earliest_primary,strict_primary,CHARLS,1,6019,3,219.45,0.9997,1.0,77,nonparametric_bootstrap,1.0,0.0563,0.0999,"1,2,3",11.41,0.9997,1,,Extended nonparametric bootstrap refits from original complete-domain rows.
strict_earliest_primary,strict_primary,CHARLS,1,6019,3,219.45,0.9997,1.0,78,nonparametric_bootstrap,1.0,0.0551,0.089,"1,2,3",11.41,0.9997,1,,Extended nonparametric bootstrap refits from original complete-domain rows.
strict_earliest_primary,strict_primary,CHARLS,1,6019,3,219.45,0.9997,1.0,79,nonparametric_bootstrap,1.0,0.0622,0.0844,"1,2,3",11.41,0.9997,1,,Extended nonparametric bootstrap refits from original complete-domain rows.
strict_earliest_primary,strict_primary,CHARLS,1,6019,3,219.45,0.9997,1.0,80,nonparametric_bootstrap,1.0,0.0644,0.1104,"1,2,3",11.41,0.9997,1,,Extended nonparametric bootstrap refits from original complete-domain rows.
strict_earliest_primary,strict_primary,CHARLS,1,6019,3,219.45,0.9997,1.0,81,nonparametric_bootstrap,0.9275,0.8325,1.5161,"1,2,3",6.0,0.9482,1,,Extended nonparametric bootstrap refits from original complete-domain rows.
strict_earliest_primary,strict_primary,CHARLS,1,6019,3,219.45,0.9997,1.0,82,nonparametric_bootstrap,1.0,0.0404,0.061,"1,2,3",11.41,0.9997,1,,Extended nonparametric bootstrap refits from original complete-domain rows.
strict_earliest_primary,strict_primary,CHARLS,1,6019,3,219.45,0.9997,1.0,83,nonparametric_bootstrap,1.0,0.0499,0.0647,"1,2,3",11.41,0.9997,1,,Extended nonparametric bootstrap refits from original complete-domain rows.
strict_earliest_primary,strict_primary,CHARLS,1,6019,3,219.45,0.9997,1.0,84,nonparametric_bootstrap,1.0,0.05,0.1049,"1,2,3",11.41,0.9997,1,,Extended nonparametric bootstrap refits from original complete-domain rows.
strict_earliest_primary,strict_primary,CHARLS,1,6019,3,219.45,0.9997,1.0,85,nonparametric_bootstrap,1.0,0.0415,0.0689,"1,2,3",11.41,0.9997,1,,Extended nonparametric bootstrap refits from original complete-domain rows.
strict_earliest_primary,strict_primary,CHARLS,1,6019,3,219.45,0.9997,1.0,86,nonparametric_bootstrap,1.0,0.0553,0.1223,"1,2,3",11.41,0.9997,1,,Extended nonparametric bootstrap refits from original complete-domain rows.
strict_earliest_primary,strict_primary,CHARLS,1,6019,3,219.45,0.9997,1.0,87,nonparametric_bootstrap,0.9275,0.8256,1.4424,"1,2,3",6.05,0.9487,1,,Extended nonparametric bootstrap refits from original complete-domain rows.
strict_earliest_primary,strict_primary,CHARLS,1,6019,3,219.45,0.9997,1.0,88,nonparametric_bootstrap,1.0,0.0469,0.07,"1,2,3",11.41,0.9997,1,,Extended nonparametric bootstrap refits from original complete-domain rows.
strict_earliest_primary,strict_primary,CHARLS,1,6019,3,219.45,0.9997,1.0,89,nonparametric_bootstrap,1.0,0.0502,0.063,"1,2,3",11.41,0.9997,1,,Extended nonparametric bootstrap refits from original complete-domain rows.
strict_earliest_primary,strict_primary,CHARLS,1,6019,3,219.45,0.9997,1.0,90,nonparametric_bootstrap,1.0,0.0705,0.1314,"1,2,3",11.41,0.9997,1,,Extended nonparametric bootstrap refits from original complete-domain rows.
strict_earliest_primary,strict_primary,CHARLS,1,6019,3,219.45,0.9997,1.0,91,nonparametric_bootstrap,1.0,0.03,0.0585,"1,2,3",11.41,0.9997,1,,Extended nonparametric bootstrap refits from original complete-domain rows.
strict_earliest_primary,strict_primary,CHARLS,1,6019,3,219.45,0.9997,1.0,92,nonparametric_bootstrap,1.0,0.0491,0.0767,"1,2,3",11.41,0.9997,1,,Extended nonparametric bootstrap refits from original complete-domain rows.
strict_earliest_primary,strict_primary,CHARLS,1,6019,3,219.45,0.9997,1.0,93,nonparametric_bootstrap,1.0,0.0707,0.1082,"1,2,3",11.41,0.9997,1,,Extended nonparametric bootstrap refits from original complete-domain rows.
strict_earliest_primary,strict_primary,CHARLS,1,6019,3,219.45,0.9997,1.0,94,nonparametric_bootstrap,1.0,0.0558,0.0852,"1,2,3",11.41,0.9997,1,,Extended nonparametric bootstrap refits from original complete-domain rows.
strict_earliest_primary,strict_primary,CHARLS,1,6019,3,219.45,0.9997,1.0,95,nonparametric_bootstrap,1.0,0.0373,0.0511,"1,2,3",11.41,0.9997,1,,Extended nonparametric bootstrap refits from original complete-domain rows.
strict_earliest_primary,strict_primary,CHARLS,1,6019,3,219.45,0.9997,1.0,96,nonparametric_bootstrap,1.0,0.0472,0.0679,"1,2,3",11.41,0.9997,1,,Extended nonparametric bootstrap refits from original complete-domain rows.
strict_earliest_primary,strict_primary,CHARLS,1,6019,3,219.45,0.9997,1.0,97,nonparametric_bootstrap,1.0,0.0406,0.0717,"1,2,3",11.41,0.9997,1,,Extended nonparametric bootstrap refits from original complete-domain rows.
strict_earliest_primary,strict_primary,CHARLS,1,6019,3,219.45,0.9997,1.0,98,nonparametric_bootstrap,1.0,0.0569,0.0841,"1,2,3",11.41,0.9997,1,,Extended nonparametric bootstrap refits from original complete-domain rows.
strict_earliest_primary,strict_primary,CHARLS,1,6019,3,219.45,0.9997,1.0,99,nonparametric_bootstrap,1.0,0.0685,0.1082,"1,2,3",11.41,0.9997,1,,Extended nonparametric bootstrap refits from original complete-domain rows.
strict_earliest_primary,strict_primary,CHARLS,1,6019,3,219.45,0.9997,1.0,100,nonparametric_bootstrap,1.0,0.0291,0.0524,"1,2,3",11.41,0.9997,1,,Extended nonparametric bootstrap refits from original complete-domain rows.
strict_earliest_primary,strict_primary,CHARLS,1,6019,3,219.45,0.9997,1.0,101,nonparametric_bootstrap,1.0,0.0419,0.0519,"1,2,3",11.41,0.9997,1,,Extended nonparametric bootstrap refits from original complete-domain rows.
strict_earliest_primary,strict_primary,CHARLS,1,6019,3,219.45,0.9997,1.0,102,nonparametric_bootstrap,0.43,0.8927,1.2951,"1,2,3",26.58,0.9991,1,,Extended nonparametric bootstrap refits from original complete-domain rows.
strict_earliest_primary,strict_primary,CHARLS,1,6019,3,219.45,0.9997,1.0,103,nonparametric_bootstrap,0.9276,0.8623,1.4982,"1,2,3",6.01,0.9463,1,,Extended nonparametric bootstrap refits from original complete-domain rows.
strict_earliest_primary,strict_primary,CHARLS,1,6019,3,219.45,0.9997,1.0,104,nonparametric_bootstrap,1.0,0.0439,0.0628,"1,2,3",11.41,0.9997,1,,Extended nonparametric bootstrap refits from original complete-domain rows.
strict_earliest_primary,strict_primary,CHARLS,1,6019,3,219.45,0.9997,1.0,105,nonparametric_bootstrap,1.0,0.0378,0.067,"1,2,3",11.41,0.9997,1,,Extended nonparametric bootstrap refits from original complete-domain rows.
strict_earliest_primary,strict_primary,CHARLS,1,6019,3,219.45,0.9997,1.0,106,nonparametric_bootstrap,1.0,0.0602,0.1073,"1,2,3",11.41,0.9996,1,,Extended nonparametric bootstrap refits from original complete-domain rows.
strict_earliest_primary,strict_primary,CHARLS,1,6019,3,219.45,0.9997,1.0,107,nonparametric_bootstrap,1.0,0.0173,0.0341,"1,2,3",11.41,0.9997,1,,Extended nonparametric bootstrap refits from original complete-domain rows.
strict_earliest_primary,strict_primary,CHARLS,1,6019,3,219.45,0.9997,1.0,108,nonparametric_bootstrap,1.0,0.0511,0.088,"1,2,3",11.41,0.9997,1,,Extended nonparametric bootstrap refits from original complete-domain rows.
strict_earliest_primary,strict_primary,CHARLS,1,6019,3,219.45,0.9997,1.0,109,nonparametric_bootstrap,1.0,0.0555,0.0991,"1,2,3",11.41,0.9997,1,,Extended nonparametric bootstrap refits from original complete-domain rows.
strict_earliest_primary,strict_primary,CHARLS,1,6019,3,219.45,0.9997,1.0,110,nonparametric_bootstrap,1.0,0.0483,0.0548,"1,2,3",11.41,0.9997,1,,Extended nonparametric bootstrap refits from original complete-domain rows.
strict_earliest_primary,strict_primary,CHARLS,1,6019,3,219.45,0.9997,1.0,111,nonparametric_bootstrap,1.0,0.0482,0.07,"1,2,3",11.41,0.9997,1,,Extended nonparametric bootstrap refits from original complete-domain rows.
strict_earliest_primary,strict_primary,CHARLS,1,6019,3,219.45,0.9997,1.0,112,nonparametric_bootstrap,1.0,0.0372,0.0854,"1,2,3",11.41,0.9997,1,,Extended nonparametric bootstrap refits from original complete-domain rows.
strict_earliest_primary,strict_primary,CHARLS,1,6019,3,219.45,0.9997,1.0,113,nonparametric_bootstrap,1.0,0.0295,0.0488,"1,2,3",11.41,0.9997,1,,Extended nonparametric bootstrap refits from original complete-domain rows.
strict_earliest_primary,strict_primary,CHARLS,1,6019,3,219.45,0.9997,1.0,114,nonparametric_bootstrap,1.0,0.0642,0.0859,"1,2,3",11.41,0.9997,1,,Extended nonparametric bootstrap refits from original complete-domain rows.
strict_earliest_primary,strict_primary,CHARLS,1,6019,3,219.45,0.9997,1.0,115,nonparametric_bootstrap,1.0,0.0512,0.0703,"1,2,3",11.41,0.9997,1,,Extended nonparametric bootstrap refits from original complete-domain rows.
strict_earliest_primary,strict_primary,CHARLS,1,6019,3,219.45,0.9997,1.0,116,nonparametric_bootstrap,1.0,0.0347,0.0505,"1,2,3",11.41,0.9997,1,,Extended nonparametric bootstrap refits from original complete-domain rows.
strict_earliest_primary,strict_primary,CHARLS,1,6019,3,219.45,0.9997,1.0,117,nonparametric_bootstrap,1.0,0.0454,0.0588,"1,2,3",11.41,0.9997,1,,Extended nonparametric bootstrap refits from original complete-domain rows.
strict_earliest_primary,strict_primary,CHARLS,1,6019,3,219.45,0.9997,1.0,118,nonparametric_bootstrap,1.0,0.0758,0.1261,"1,2,3",11.41,0.9997,1,,Extended nonparametric bootstrap refits from original complete-domain rows.
strict_earliest_primary,strict_primary,CHARLS,1,6019,3,219.45,0.9997,1.0,119,nonparametric_bootstrap,1.0,0.0522,0.0896,"1,2,3",11.41,0.9997,1,,Extended nonparametric bootstrap refits from original complete-domain rows.
strict_earliest_primary,strict_primary,CHARLS,1,6019,3,219.45,0.9997,1.0,120,nonparametric_bootstrap,1.0,0.0463,0.0581,"1,2,3",11.41,0.9997,1,,Extended nonparametric bootstrap refits from original complete-domain rows.
strict_earliest_primary,strict_primary,CHARLS,1,6019,3,219.45,0.9997,1.0,121,nonparametric_bootstrap,1.0,0.0573,0.0861,"1,2,3",11.41,0.9997,1,,Extended nonparametric bootstrap refits from original complete-domain rows.
strict_earliest_primary,strict_primary,CHARLS,1,6019,3,219.45,0.9997,1.0,122,nonparametric_bootstrap,1.0,0.0337,0.063,"1,2,3",11.41,0.9998,1,,Extended nonparametric bootstrap refits from original complete-domain rows.
strict_earliest_primary,strict_primary,CHARLS,1,6019,3,219.45,0.9997,1.0,123,nonparametric_bootstrap,1.0,0.0496,0.06,"1,2,3",11.41,0.9997,1,,Extended nonparametric bootstrap refits from original complete-domain rows.
strict_earliest_primary,strict_primary,CHARLS,1,6019,3,219.45,0.9997,1.0,124,nonparametric_bootstrap,1.0,0.0397,0.0584,"1,2,3",11.41,0.9997,1,,Extended nonparametric bootstrap refits from original complete-domain rows.
strict_earliest_primary,strict_primary,CHARLS,1,6019,3,219.45,0.9997,1.0,125,nonparametric_bootstrap,1.0,0.0651,0.1054,"1,2,3",11.41,0.9997,1,,Extended nonparametric bootstrap refits from original complete-domain rows.
strict_earliest_primary,strict_primary,CHARLS,1,6019,3,219.45,0.9997,1.0,126,nonparametric_bootstrap,1.0,0.0394,0.0476,"1,2,3",11.41,0.9997,1,,Extended nonparametric bootstrap refits from original complete-domain rows.
strict_earliest_primary,strict_primary,CHARLS,1,6019,3,219.45,0.9997,1.0,127,nonparametric_bootstrap,1.0,0.0593,0.0986,"1,2,3",11.41,0.9997,1,,Extended nonparametric bootstrap refits from original complete-domain rows.
strict_earliest_primary,strict_primary,CHARLS,1,6019,3,219.45,0.9997,1.0,128,nonparametric_bootstrap,0.927,0.8154,1.4479,"1,2,3",6.3,0.9442,1,,Extended nonparametric bootstrap refits from original complete-domain rows.
strict_earliest_primary,strict_primary,CHARLS,1,6019,3,219.45,0.9997,1.0,129,nonparametric_bootstrap,1.0,0.0337,0.0463,"1,2,3",11.41,0.9997,1,,Extended nonparametric bootstrap refits from original complete-domain rows.
strict_earliest_primary,strict_primary,CHARLS,1,6019,3,219.45,0.9997,1.0,130,nonparametric_bootstrap,1.0,0.0454,0.0634,"1,2,3",11.41,0.9997,1,,Extended nonparametric bootstrap refits from original complete-domain rows.
strict_earliest_primary,strict_primary,CHARLS,1,6019,3,219.45,0.9997,1.0,131,nonparametric_bootstrap,1.0,0.0458,0.06,"1,2,3",11.41,0.9997,1,,Extended nonparametric bootstrap refits from original complete-domain rows.
strict_earliest_primary,strict_primary,CHARLS,1,6019,3,219.45,0.9997,1.0,132,nonparametric_bootstrap,1.0,0.0627,0.0898,"1,2,3",11.41,0.9997,1,,Extended nonparametric bootstrap refits from original complete-domain rows.
strict_earliest_primary,strict_primary,CHARLS,1,6019,3,219.45,0.9997,1.0,133,nonparametric_bootstrap,0.43,0.8877,1.269,"1,2,3",26.58,0.9991,1,,Extended nonparametric bootstrap refits from original complete-domain rows.
strict_earliest_primary,strict_primary,CHARLS,1,6019,3,219.45,0.9997,1.0,134,nonparametric_bootstrap,1.0,0.0588,0.0999,"1,2,3",11.41,0.9997,1,,Extended nonparametric bootstrap refits from original complete-domain rows.
strict_earliest_primary,strict_primary,CHARLS,1,6019,3,219.45,0.9997,1.0,135,nonparametric_bootstrap,1.0,0.0543,0.0777,"1,2,3",11.41,0.9997,1,,Extended nonparametric bootstrap refits from original complete-domain rows.
strict_earliest_primary,strict_primary,CHARLS,1,6019,3,219.45,0.9997,1.0,136,nonparametric_bootstrap,1.0,0.029,0.0378,"1,2,3",11.41,0.9997,1,,Extended nonparametric bootstrap refits from original complete-domain rows.
strict_earliest_primary,strict_primary,CHARLS,1,6019,3,219.45,0.9997,1.0,137,nonparametric_bootstrap,1.0,0.0591,0.0867,"1,2,3",11.41,0.9997,1,,Extended nonparametric bootstrap refits from original complete-domain rows.
strict_earliest_primary,strict_primary,CHARLS,1,6019,3,219.45,0.9997,1.0,138,nonparametric_bootstrap,1.0,0.0372,0.0509,"1,2,3",11.41,0.9997,1,,Extended nonparametric bootstrap refits from original complete-domain rows.
strict_earliest_primary,strict_primary,CHARLS,1,6019,3,219.45,0.9997,1.0,139,nonparametric_bootstrap,1.0,0.0213,0.0409,"1,2,3",11.41,0.9997,1,,Extended nonparametric bootstrap refits from original complete-domain rows.
strict_earliest_primary,strict_primary,CHARLS,1,6019,3,219.45,0.9997,1.0,140,nonparametric_bootstrap,1.0,0.0526,0.084,"1,2,3",11.41,0.9997,1,,Extended nonparametric bootstrap refits from original complete-domain rows.
strict_earliest_primary,strict_primary,CHARLS,1,6019,3,219.45,0.9997,1.0,141,nonparametric_bootstrap,1.0,0.0584,0.0833,"1,2,3",11.41,0.9997,1,,Extended nonparametric bootstrap refits from original complete-domain rows.
strict_earliest_primary,strict_primary,CHARLS,1,6019,3,219.45,0.9997,1.0,142,nonparametric_bootstrap,0.927,0.8379,1.5159,"1,2,3",6.03,0.9499,1,,Extended nonparametric bootstrap refits from original complete-domain rows.
strict_earliest_primary,strict_primary,CHARLS,1,6019,3,219.45,0.9997,1.0,143,nonparametric_bootstrap,1.0,0.0356,0.0681,"1,2,3",11.41,0.9997,1,,Extended nonparametric bootstrap refits from original complete-domain rows.
strict_earliest_primary,strict_primary,CHARLS,1,6019,3,219.45,0.9997,1.0,144,nonparametric_bootstrap,1.0,0.0273,0.0416,"1,2,3",11.41,0.9997,1,,Extended nonparametric bootstrap refits from original complete-domain rows.
strict_earliest_primary,strict_primary,CHARLS,1,6019,3,219.45,0.9997,1.0,145,nonparametric_bootstrap,1.0,0.0236,0.0405,"1,2,3",11.41,0.9997,1,,Extended nonparametric bootstrap refits from original complete-domain rows.
strict_earliest_primary,strict_primary,CHARLS,1,6019,3,219.45,0.9997,1.0,146,nonparametric_bootstrap,1.0,0.0395,0.07,"1,2,3",11.41,0.9997,1,,Extended nonparametric bootstrap refits from original complete-domain rows.
strict_earliest_primary,strict_primary,CHARLS,1,6019,3,219.45,0.9997,1.0,147,nonparametric_bootstrap,1.0,0.0308,0.043,"1,2,3",11.41,0.9997,1,,Extended nonparametric bootstrap refits from original complete-domain rows.
strict_earliest_primary,strict_primary,CHARLS,1,6019,3,219.45,0.9997,1.0,148,nonparametric_bootstrap,1.0,0.0289,0.0384,"1,2,3",11.41,0.9997,1,,Extended nonparametric bootstrap refits from original complete-domain rows.
strict_earliest_primary,strict_primary,CHARLS,1,6019,3,219.45,0.9997,1.0,149,nonparametric_bootstrap,1.0,0.0508,0.1009,"1,2,3",11.41,0.9997,1,,Extended nonparametric bootstrap refits from original complete-domain rows.
strict_earliest_primary,strict_primary,CHARLS,1,6019,3,219.45,0.9997,1.0,150,nonparametric_bootstrap,1.0,0.072,0.0887,"1,2,3",11.41,0.9997,1,,Extended nonparametric bootstrap refits from original complete-domain rows.
strict_earliest_primary,strict_primary,CHARLS,1,6019,3,219.45,0.9997,1.0,151,nonparametric_bootstrap,1.0,0.0517,0.0719,"1,2,3",11.41,0.9997,1,,Extended nonparametric bootstrap refits from original complete-domain rows.
strict_earliest_primary,strict_primary,CHARLS,1,6019,3,219.45,0.9997,1.0,152,nonparametric_bootstrap,1.0,0.062,0.1289,"1,2,3",11.41,0.9997,1,,Extended nonparametric bootstrap refits from original complete-domain rows.
strict_earliest_primary,strict_primary,CHARLS,1,6019,3,219.45,0.9997,1.0,153,nonparametric_bootstrap,1.0,0.0543,0.0745,"1,2,3",11.41,0.9997,1,,Extended nonparametric bootstrap refits from original complete-domain rows.
strict_earliest_primary,strict_primary,CHARLS,1,6019,3,219.45,0.9997,1.0,154,nonparametric_bootstrap,1.0,0.0665,0.1308,"1,2,3",11.41,0.9997,1,,Extended nonparametric bootstrap refits from original complete-domain rows.
strict_earliest_primary,strict_primary,CHARLS,1,6019,3,219.45,0.9997,1.0,155,nonparametric_bootstrap,1.0,0.0628,0.0961,"1,2,3",11.41,0.9997,1,,Extended nonparametric bootstrap refits from original complete-domain rows.
strict_earliest_primary,strict_primary,CHARLS,1,6019,3,219.45,0.9997,1.0,156,nonparametric_bootstrap,1.0,0.0535,0.0649,"1,2,3",11.41,0.9997,1,,Extended nonparametric bootstrap refits from original complete-domain rows.
strict_earliest_primary,strict_primary,CHARLS,1,6019,3,219.45,0.9997,1.0,157,nonparametric_bootstrap,1.0,0.0412,0.0583,"1,2,3",11.41,0.9997,1,,Extended nonparametric bootstrap refits from original complete-domain rows.
strict_earliest_primary,strict_primary,CHARLS,1,6019,3,219.45,0.9997,1.0,158,nonparametric_bootstrap,1.0,0.054,0.0957,"1,2,3",11.41,0.9997,1,,Extended nonparametric bootstrap refits from original complete-domain rows.
strict_earliest_primary,strict_primary,CHARLS,1,6019,3,219.45,0.9997,1.0,159,nonparametric_bootstrap,1.0,0.0628,0.0967,"1,2,3",11.41,0.9997,1,,Extended nonparametric bootstrap refits from original complete-domain rows.
strict_earliest_primary,strict_primary,CHARLS,1,6019,3,219.45,0.9997,1.0,160,nonparametric_bootstrap,1.0,0.0552,0.1046,"1,2,3",11.41,0.9997,1,,Extended nonparametric bootstrap refits from original complete-domain rows.
strict_earliest_primary,strict_primary,CHARLS,1,6019,3,219.45,0.9997,1.0,161,nonparametric_bootstrap,1.0,0.0586,0.0795,"1,2,3",11.41,0.9997,1,,Extended nonparametric bootstrap refits from original complete-domain rows.
strict_earliest_primary,strict_primary,CHARLS,1,6019,3,219.45,0.9997,1.0,162,nonparametric_bootstrap,1.0,0.0661,0.1023,"1,2,3",11.41,0.9997,1,,Extended nonparametric bootstrap refits from original complete-domain rows.
strict_earliest_primary,strict_primary,CHARLS,1,6019,3,219.45,0.9997,1.0,163,nonparametric_bootstrap,1.0,0.0524,0.0888,"1,2,3",11.41,0.9997,1,,Extended nonparametric bootstrap refits from original complete-domain rows.
strict_earliest_primary,strict_primary,CHARLS,1,6019,3,219.45,0.9997,1.0,164,nonparametric_bootstrap,1.0,0.0614,0.1027,"1,2,3",11.41,0.9996,1,,Extended nonparametric bootstrap refits from original complete-domain rows.
strict_earliest_primary,strict_primary,CHARLS,1,6019,3,219.45,0.9997,1.0,165,nonparametric_bootstrap,1.0,0.0528,0.0774,"1,2,3",11.41,0.9997,1,,Extended nonparametric bootstrap refits from original complete-domain rows.
strict_earliest_primary,strict_primary,CHARLS,1,6019,3,219.45,0.9997,1.0,166,nonparametric_bootstrap,1.0,0.0341,0.0472,"1,2,3",11.41,0.9997,1,,Extended nonparametric bootstrap refits from original complete-domain rows.
strict_earliest_primary,strict_primary,CHARLS,1,6019,3,219.45,0.9997,1.0,167,nonparametric_bootstrap,1.0,0.0475,0.0666,"1,2,3",11.41,0.9997,1,,Extended nonparametric bootstrap refits from original complete-domain rows.
strict_earliest_primary,strict_primary,CHARLS,1,6019,3,219.45,0.9997,1.0,168,nonparametric_bootstrap,1.0,0.0442,0.0949,"1,2,3",11.41,0.9997,1,,Extended nonparametric bootstrap refits from original complete-domain rows.
strict_earliest_primary,strict_primary,CHARLS,1,6019,3,219.45,0.9997,1.0,169,nonparametric_bootstrap,0.43,0.8924,1.2917,"1,2,3",26.58,0.9991,1,,Extended nonparametric bootstrap refits from original complete-domain rows.
strict_earliest_primary,strict_primary,CHARLS,1,6019,3,219.45,0.9997,1.0,170,nonparametric_bootstrap,1.0,0.0396,0.0664,"1,2,3",11.41,0.9997,1,,Extended nonparametric bootstrap refits from original complete-domain rows.
strict_earliest_primary,strict_primary,CHARLS,1,6019,3,219.45,0.9997,1.0,171,nonparametric_bootstrap,1.0,0.039,0.0712,"1,2,3",11.41,0.9997,1,,Extended nonparametric bootstrap refits from original complete-domain rows.
strict_earliest_primary,strict_primary,CHARLS,1,6019,3,219.45,0.9997,1.0,172,nonparametric_bootstrap,1.0,0.0487,0.0622,"1,2,3",11.41,0.9997,1,,Extended nonparametric bootstrap refits from original complete-domain rows.
strict_earliest_primary,strict_primary,CHARLS,1,6019,3,219.45,0.9997,1.0,173,nonparametric_bootstrap,1.0,0.057,0.0711,"1,2,3",11.41,0.9997,1,,Extended nonparametric bootstrap refits from original complete-domain rows.
strict_earliest_primary,strict_primary,CHARLS,1,6019,3,219.45,0.9997,1.0,174,nonparametric_bootstrap,1.0,0.0602,0.0916,"1,2,3",11.41,0.9996,1,,Extended nonparametric bootstrap refits from original complete-domain rows.
strict_earliest_primary,strict_primary,CHARLS,1,6019,3,219.45,0.9997,1.0,175,nonparametric_bootstrap,1.0,0.0384,0.0708,"1,2,3",11.41,0.9997,1,,Extended nonparametric bootstrap refits from original complete-domain rows.
strict_earliest_primary,strict_primary,CHARLS,1,6019,3,219.45,0.9997,1.0,176,nonparametric_bootstrap,0.9275,0.8604,1.5411,"1,2,3",6.0,0.9478,1,,Extended nonparametric bootstrap refits from original complete-domain rows.
strict_earliest_primary,strict_primary,CHARLS,1,6019,3,219.45,0.9997,1.0,177,nonparametric_bootstrap,1.0,0.044,0.055,"1,2,3",11.41,0.9997,1,,Extended nonparametric bootstrap refits from original complete-domain rows.
strict_earliest_primary,strict_primary,CHARLS,1,6019,3,219.45,0.9997,1.0,178,nonparametric_bootstrap,1.0,0.0533,0.0931,"1,2,3",11.41,0.9997,1,,Extended nonparametric bootstrap refits from original complete-domain rows.
strict_earliest_primary,strict_primary,CHARLS,1,6019,3,219.45,0.9997,1.0,179,nonparametric_bootstrap,1.0,0.0344,0.0428,"1,2,3",11.41,0.9997,1,,Extended nonparametric bootstrap refits from original complete-domain rows.
strict_earliest_primary,strict_primary,CHARLS,1,6019,3,219.45,0.9997,1.0,180,nonparametric_bootstrap,1.0,0.0729,0.1034,"1,2,3",11.41,0.9997,1,,Extended nonparametric bootstrap refits from original complete-domain rows.
strict_earliest_primary,strict_primary,CHARLS,1,6019,3,219.45,0.9997,1.0,181,nonparametric_bootstrap,1.0,0.0615,0.0966,"1,2,3",11.41,0.9997,1,,Extended nonparametric bootstrap refits from original complete-domain rows.
strict_earliest_primary,strict_primary,CHARLS,1,6019,3,219.45,0.9997,1.0,182,nonparametric_bootstrap,1.0,0.0536,0.0717,"1,2,3",11.41,0.9997,1,,Extended nonparametric bootstrap refits from original complete-domain rows.
strict_earliest_primary,strict_primary,CHARLS,1,6019,3,219.45,0.9997,1.0,183,nonparametric_bootstrap,1.0,0.036,0.0506,"1,2,3",11.41,0.9997,1,,Extended nonparametric bootstrap refits from original complete-domain rows.
strict_earliest_primary,strict_primary,CHARLS,1,6019,3,219.45,0.9997,1.0,184,nonparametric_bootstrap,1.0,0.0465,0.057,"1,2,3",11.41,0.9997,1,,Extended nonparametric bootstrap refits from original complete-domain rows.
strict_earliest_primary,strict_primary,CHARLS,1,6019,3,219.45,0.9997,1.0,185,nonparametric_bootstrap,1.0,0.0366,0.0544,"1,2,3",11.41,0.9997,1,,Extended nonparametric bootstrap refits from original complete-domain rows.
strict_earliest_primary,strict_primary,CHARLS,1,6019,3,219.45,0.9997,1.0,186,nonparametric_bootstrap,1.0,0.0719,0.1136,"1,2,3",11.41,0.9997,1,,Extended nonparametric bootstrap refits from original complete-domain rows.
strict_earliest_primary,strict_primary,CHARLS,1,6019,3,219.45,0.9997,1.0,187,nonparametric_bootstrap,1.0,0.051,0.0907,"1,2,3",11.41,0.9997,1,,Extended nonparametric bootstrap refits from original complete-domain rows.
strict_earliest_primary,strict_primary,CHARLS,1,6019,3,219.45,0.9997,1.0,188,nonparametric_bootstrap,1.0,0.0337,0.0623,"1,2,3",11.41,0.9997,1,,Extended nonparametric bootstrap refits from original complete-domain rows.
strict_earliest_primary,strict_primary,CHARLS,1,6019,3,219.45,0.9997,1.0,189,nonparametric_bootstrap,1.0,0.0503,0.0883,"1,2,3",11.41,0.9997,1,,Extended nonparametric bootstrap refits from original complete-domain rows.
strict_earliest_primary,strict_primary,CHARLS,1,6019,3,219.45,0.9997,1.0,190,nonparametric_bootstrap,1.0,0.0536,0.0775,"1,2,3",11.41,0.9997,1,,Extended nonparametric bootstrap refits from original complete-domain rows.
strict_earliest_primary,strict_primary,CHARLS,1,6019,3,219.45,0.9997,1.0,191,nonparametric_bootstrap,1.0,0.0563,0.0969,"1,2,3",11.41,0.9997,1,,Extended nonparametric bootstrap refits from original complete-domain rows.
strict_earliest_primary,strict_primary,CHARLS,1,6019,3,219.45,0.9997,1.0,192,nonparametric_bootstrap,1.0,0.0754,0.1284,"1,2,3",11.41,0.9997,1,,Extended nonparametric bootstrap refits from original complete-domain rows.
strict_earliest_primary,strict_primary,CHARLS,1,6019,3,219.45,0.9997,1.0,193,nonparametric_bootstrap,1.0,0.0487,0.084,"1,2,3",11.41,0.9997,1,,Extended nonparametric bootstrap refits from original complete-domain rows.
strict_earliest_primary,strict_primary,CHARLS,1,6019,3,219.45,0.9997,1.0,194,nonparametric_bootstrap,1.0,0.0486,0.0818,"1,2,3",11.41,0.9997,1,,Extended nonparametric bootstrap refits from original complete-domain rows.
strict_earliest_primary,strict_primary,CHARLS,1,6019,3,219.45,0.9997,1.0,195,nonparametric_bootstrap,1.0,0.0378,0.0508,"1,2,3",11.41,0.9997,1,,Extended nonparametric bootstrap refits from original complete-domain rows.
strict_earliest_primary,strict_primary,CHARLS,1,6019,3,219.45,0.9997,1.0,196,nonparametric_bootstrap,1.0,0.0317,0.0392,"1,2,3",11.41,0.9997,1,,Extended nonparametric bootstrap refits from original complete-domain rows.
strict_earliest_primary,strict_primary,CHARLS,1,6019,3,219.45,0.9997,1.0,197,nonparametric_bootstrap,0.9275,0.8389,1.4283,"1,2,3",6.0,0.9428,1,,Extended nonparametric bootstrap refits from original complete-domain rows.
strict_earliest_primary,strict_primary,CHARLS,1,6019,3,219.45,0.9997,1.0,198,nonparametric_bootstrap,1.0,0.0535,0.0735,"1,2,3",11.41,0.9997,1,,Extended nonparametric bootstrap refits from original complete-domain rows.
strict_earliest_primary,strict_primary,CHARLS,1,6019,3,219.45,0.9997,1.0,199,nonparametric_bootstrap,1.0,0.0449,0.0618,"1,2,3",11.41,0.9997,1,,Extended nonparametric bootstrap refits from original complete-domain rows.
strict_earliest_primary,strict_primary,CHARLS,1,6019,3,219.45,0.9997,1.0,200,nonparametric_bootstrap,1.0,0.0475,0.0546,"1,2,3",11.41,0.9997,1,,Extended nonparametric bootstrap refits from original complete-domain rows.
strict_earliest_primary,strict_primary,ELSA,1,6104,5,-58676.83,0.9998,1.0,1,nonparametric_bootstrap,0.9997,0.0443,0.0835,"1,2,3,4,5",8.96,0.9998,1,,Extended nonparametric bootstrap refits from original complete-domain rows.
strict_earliest_primary,strict_primary,ELSA,1,6104,5,-58676.83,0.9998,1.0,2,nonparametric_bootstrap,0.8737,0.4695,1.8074,"1,2,3,4,5",3.88,0.9993,1,,Extended nonparametric bootstrap refits from original complete-domain rows.
strict_earliest_primary,strict_primary,ELSA,1,6104,5,-58676.83,0.9998,1.0,3,nonparametric_bootstrap,0.8714,0.8072,2.5839,"1,2,3,4,5",5.36,0.9996,1,,Extended nonparametric bootstrap refits from original complete-domain rows.
strict_earliest_primary,strict_primary,ELSA,1,6104,5,-58676.83,0.9998,1.0,4,nonparametric_bootstrap,0.2847,1.2455,2.3695,"1,2,3,5,4",5.88,0.8267,1,,Extended nonparametric bootstrap refits from original complete-domain rows.
strict_earliest_primary,strict_primary,ELSA,1,6104,5,-58676.83,0.9998,1.0,5,nonparametric_bootstrap,0.7925,0.5195,0.953,"1,2,4,3,5",7.45,0.9818,1,,Extended nonparametric bootstrap refits from original complete-domain rows.
strict_earliest_primary,strict_primary,ELSA,1,6104,5,-58676.83,0.9998,1.0,6,nonparametric_bootstrap,0.8776,0.6429,2.5012,"1,2,3,4,5",1.88,0.9994,1,,Extended nonparametric bootstrap refits from original complete-domain rows.
strict_earliest_primary,strict_primary,ELSA,1,6104,5,-58676.83,0.9998,1.0,7,nonparametric_bootstrap,0.9997,0.0736,0.1422,"1,2,3,4,5",8.96,0.9998,1,,Extended nonparametric bootstrap refits from original complete-domain rows.
strict_earliest_primary,strict_primary,ELSA,1,6104,5,-58676.83,0.9998,1.0,8,nonparametric_bootstrap,0.8489,0.5954,2.483,"1,2,3,4,5",6.14,0.966,1,,Extended nonparametric bootstrap refits from original complete-domain rows.
strict_earliest_primary,strict_primary,ELSA,1,6104,5,-58676.83,0.9998,1.0,9,nonparametric_bootstrap,0.9997,0.0535,0.0941,"1,2,3,4,5",8.96,0.9998,1,,Extended nonparametric bootstrap refits from original complete-domain rows.
strict_earliest_primary,strict_primary,ELSA,1,6104,5,-58676.83,0.9998,1.0,10,nonparametric_bootstrap,0.8503,0.6314,1.19,"1,2,4,3,5",5.82,0.9998,1,,Extended nonparametric bootstrap refits from original complete-domain rows.
strict_earliest_primary,strict_primary,ELSA,1,6104,5,-58676.83,0.9998,1.0,11,nonparametric_bootstrap,0.7834,0.8965,3.2821,"1,2,3,4,5",0.36,0.9572,1,,Extended nonparametric bootstrap refits from original complete-domain rows.
strict_earliest_primary,strict_primary,ELSA,1,6104,5,-58676.83,0.9998,1.0,12,nonparametric_bootstrap,0.7824,0.8662,3.2234,"1,2,3,4,5",0.54,0.9558,1,,Extended nonparametric bootstrap refits from original complete-domain rows.
strict_earliest_primary,strict_primary,ELSA,1,6104,5,-58676.83,0.9998,1.0,13,nonparametric_bootstrap,0.6534,0.7104,1.6092,"1,2,4,3,5",7.7,0.9046,1,,Extended nonparametric bootstrap refits from original complete-domain rows.
strict_earliest_primary,strict_primary,ELSA,1,6104,5,-58676.83,0.9998,1.0,14,nonparametric_bootstrap,0.8768,0.7025,2.6328,"1,2,3,4,5",2.33,0.9903,1,,Extended nonparametric bootstrap refits from original complete-domain rows.
strict_earliest_primary,strict_primary,ELSA,1,6104,5,-58676.83,0.9998,1.0,15,nonparametric_bootstrap,0.7395,0.4749,1.0392,"1,2,3,4,5",1.72,0.918,1,,Extended nonparametric bootstrap refits from original complete-domain rows.
strict_earliest_primary,strict_primary,ELSA,1,6104,5,-58676.83,0.9998,1.0,16,nonparametric_bootstrap,0.9997,0.0603,0.1153,"1,2,4,3,5",8.96,0.9998,1,,Extended nonparametric bootstrap refits from original complete-domain rows.
strict_earliest_primary,strict_primary,ELSA,1,6104,5,-58676.83,0.9998,1.0,17,nonparametric_bootstrap,0.8197,0.3505,0.889,"1,2,4,3,5",3.88,0.9825,1,,Extended nonparametric bootstrap refits from original complete-domain rows.
strict_earliest_primary,strict_primary,ELSA,1,6104,5,-58676.83,0.9998,1.0,18,nonparametric_bootstrap,0.3308,0.9802,2.565,"1,2,3,4,5",5.34,0.8988,1,,Extended nonparametric bootstrap refits from original complete-domain rows.
strict_earliest_primary,strict_primary,ELSA,1,6104,5,-58676.83,0.9998,1.0,19,nonparametric_bootstrap,0.7362,0.6833,1.3204,"1,2,4,3,5",1.88,0.8701,1,,Extended nonparametric bootstrap refits from original complete-domain rows.
strict_earliest_primary,strict_primary,ELSA,1,6104,5,-58676.83,0.9998,1.0,20,nonparametric_bootstrap,0.7412,0.4976,1.0702,"1,2,3,4,5",1.72,0.912,1,,Extended nonparametric bootstrap refits from original complete-domain rows.
strict_earliest_primary,strict_primary,ELSA,1,6104,5,-58676.83,0.9998,1.0,21,nonparametric_bootstrap,0.7551,0.9278,3.2823,"1,2,3,4,5",0.36,0.8842,1,,Extended nonparametric bootstrap refits from original complete-domain rows.
strict_earliest_primary,strict_primary,ELSA,1,6104,5,-58676.83,0.9998,1.0,22,nonparametric_bootstrap,0.7388,0.4846,1.0521,"1,2,3,4,5",1.72,0.9116,1,,Extended nonparametric bootstrap refits from original complete-domain rows.
strict_earliest_primary,strict_primary,ELSA,1,6104,5,-58676.83,0.9998,1.0,23,nonparametric_bootstrap,0.7107,0.6387,1.7762,"1,2,3,4,5",5.64,0.8739,1,,Extended nonparametric bootstrap refits from original complete-domain rows.
strict_earliest_primary,strict_primary,ELSA,1,6104,5,-58676.83,0.9998,1.0,24,nonparametric_bootstrap,0.8416,0.5895,2.2879,"1,2,3,4,5",7.0,0.9616,1,,Extended nonparametric bootstrap refits from original complete-domain rows.
strict_earliest_primary,strict_primary,ELSA,1,6104,5,-58676.83,0.9998,1.0,25,nonparametric_bootstrap,0.9997,0.0498,0.0638,"1,2,3,4,5",8.96,0.9998,1,,Extended nonparametric bootstrap refits from original complete-domain rows.
strict_earliest_primary,strict_primary,ELSA,1,6104,5,-58676.83,0.9998,1.0,26,nonparametric_bootstrap,0.3425,1.1177,1.6975,"1,2,3,4,5",1.47,0.9902,1,,Extended nonparametric bootstrap refits from original complete-domain rows.
strict_earliest_primary,strict_primary,ELSA,1,6104,5,-58676.83,0.9998,1.0,27,nonparametric_bootstrap,1.0,0.0462,0.0943,"1,2,3,4,5",8.99,0.9998,1,,Extended nonparametric bootstrap refits from original complete-domain rows.
strict_earliest_primary,strict_primary,ELSA,1,6104,5,-58676.83,0.9998,1.0,28,nonparametric_bootstrap,0.3327,0.7218,1.2959,"1,2,3,4,5",4.51,0.8747,1,,Extended nonparametric bootstrap refits from original complete-domain rows.
strict_earliest_primary,strict_primary,ELSA,1,6104,5,-58676.83,0.9998,1.0,29,nonparametric_bootstrap,0.9997,0.065,0.0909,"1,2,3,4,5",8.96,0.9998,1,,Extended nonparametric bootstrap refits from original complete-domain rows.
strict_earliest_primary,strict_primary,ELSA,1,6104,5,-58676.83,0.9998,1.0,30,nonparametric_bootstrap,0.8249,0.4676,0.904,"1,2,4,3,5",7.45,0.9836,1,,Extended nonparametric bootstrap refits from original complete-domain rows.
strict_earliest_primary,strict_primary,ELSA,1,6104,5,-58676.83,0.9998,1.0,31,nonparametric_bootstrap,0.8817,0.7334,3.0546,"1,2,3,4,5",0.88,0.9959,1,,Extended nonparametric bootstrap refits from original complete-domain rows.
strict_earliest_primary,strict_primary,ELSA,1,6104,5,-58676.83,0.9998,1.0,32,nonparametric_bootstrap,0.851,0.8041,2.2002,"1,2,3,5,4",0.36,0.998,1,,Extended nonparametric bootstrap refits from original complete-domain rows.
strict_earliest_primary,strict_primary,ELSA,1,6104,5,-58676.83,0.9998,1.0,33,nonparametric_bootstrap,0.745,0.7381,2.4914,"1,2,3,4,5",3.88,0.936,1,,Extended nonparametric bootstrap refits from original complete-domain rows.
strict_earliest_primary,strict_primary,ELSA,1,6104,5,-58676.83,0.9998,1.0,34,nonparametric_bootstrap,0.9997,0.0566,0.1209,"1,2,3,4,5",8.96,0.9998,1,,Extended nonparametric bootstrap refits from original complete-domain rows.
strict_earliest_primary,strict_primary,ELSA,1,6104,5,-58676.83,0.9998,1.0,35,nonparametric_bootstrap,0.9997,0.0516,0.0781,"1,2,3,4,5",8.96,0.9997,1,,Extended nonparametric bootstrap refits from original complete-domain rows.
strict_earliest_primary,strict_primary,ELSA,1,6104,5,-58676.83,0.9998,1.0,36,nonparametric_bootstrap,0.3454,1.1817,2.2249,"3,1,2,4,5",1.98,0.9997,1,,Extended nonparametric bootstrap refits from original complete-domain rows.
strict_earliest_primary,strict_primary,ELSA,1,6104,5,-58676.83,0.9998,1.0,37,nonparametric_bootstrap,0.8858,0.8759,3.864,"1,2,3,5,4",0.03,0.9996,1,,Extended nonparametric bootstrap refits from original complete-domain rows.
strict_earliest_primary,strict_primary,ELSA,1,6104,5,-58676.83,0.9998,1.0,38,nonparametric_bootstrap,0.8696,0.6038,2.5623,"1,2,3,4,5",3.95,0.9692,1,,Extended nonparametric bootstrap refits from original complete-domain rows.
strict_earliest_primary,strict_primary,ELSA,1,6104,5,-58676.83,0.9998,1.0,39,nonparametric_bootstrap,0.3071,1.2353,2.3056,"2,1,3,4,5",3.36,0.9445,1,,Extended nonparametric bootstrap refits from original complete-domain rows.
strict_earliest_primary,strict_primary,ELSA,1,6104,5,-58676.83,0.9998,1.0,40,nonparametric_bootstrap,0.8481,0.6107,2.444,"1,2,3,4,5",6.24,0.9658,1,,Extended nonparametric bootstrap refits from original complete-domain rows.
strict_earliest_primary,strict_primary,ELSA,1,6104,5,-58676.83,0.9998,1.0,41,nonparametric_bootstrap,0.2459,1.3338,2.7269,"2,1,3,4,5",2.15,0.9069,1,,Extended nonparametric bootstrap refits from original complete-domain rows.
strict_earliest_primary,strict_primary,ELSA,1,6104,5,-58676.83,0.9998,1.0,42,nonparametric_bootstrap,0.8253,0.5034,0.9023,"1,2,4,3,5",7.45,0.9828,1,,Extended nonparametric bootstrap refits from original complete-domain rows.
strict_earliest_primary,strict_primary,ELSA,1,6104,5,-58676.83,0.9998,1.0,43,nonparametric_bootstrap,0.8374,0.6058,2.2629,"1,2,3,4,5",7.26,0.9601,1,,Extended nonparametric bootstrap refits from original complete-domain rows.
strict_earliest_primary,strict_primary,ELSA,1,6104,5,-58676.83,0.9998,1.0,44,nonparametric_bootstrap,1.0,0.0418,0.0936,"1,2,3,4,5",8.99,0.9998,1,,Extended nonparametric bootstrap refits from original complete-domain rows.
strict_earliest_primary,strict_primary,ELSA,1,6104,5,-58676.83,0.9998,1.0,45,nonparametric_bootstrap,0.8737,0.4607,1.728,"1,2,4,3,5",3.88,0.9993,1,,Extended nonparametric bootstrap refits from original complete-domain rows.
strict_earliest_primary,strict_primary,ELSA,1,6104,5,-58676.83,0.9998,1.0,46,nonparametric_bootstrap,0.8737,0.4721,1.7998,"1,2,3,4,5",3.88,0.9993,1,,Extended nonparametric bootstrap refits from original complete-domain rows.
strict_earliest_primary,strict_primary,ELSA,1,6104,5,-58676.83,0.9998,1.0,47,nonparametric_bootstrap,0.7408,0.4735,1.0467,"1,2,3,4,5",1.72,0.9207,1,,Extended nonparametric bootstrap refits from original complete-domain rows.
strict_earliest_primary,strict_primary,ELSA,1,6104,5,-58676.83,0.9998,1.0,48,nonparametric_bootstrap,0.8085,0.373,1.0597,"1,2,4,3,5",3.88,0.9813,1,,Extended nonparametric bootstrap refits from original complete-domain rows.
strict_earliest_primary,strict_primary,ELSA,1,6104,5,-58676.83,0.9998,1.0,49,nonparametric_bootstrap,0.7939,0.5585,1.0692,"1,2,4,3,5",7.45,0.9798,1,,Extended nonparametric bootstrap refits from original complete-domain rows.
strict_earliest_primary,strict_primary,ELSA,1,6104,5,-58676.83,0.9998,1.0,50,nonparametric_bootstrap,0.8244,0.5054,0.96,"1,2,4,3,5",7.45,0.9839,1,,Extended nonparametric bootstrap refits from original complete-domain rows.
strict_earliest_primary,strict_primary,ELSA,1,6104,5,-58676.83,0.9998,1.0,51,nonparametric_bootstrap,0.8715,0.7731,2.5321,"1,2,3,4,5",5.34,0.9996,1,,Extended nonparametric bootstrap refits from original complete-domain rows.
strict_earliest_primary,strict_primary,ELSA,1,6104,5,-58676.83,0.9998,1.0,52,nonparametric_bootstrap,0.8921,0.161,0.4932,"1,2,4,3,5",3.88,0.9986,1,,Extended nonparametric bootstrap refits from original complete-domain rows.
strict_earliest_primary,strict_primary,ELSA,1,6104,5,-58676.83,0.9998,1.0,53,nonparametric_bootstrap,0.9997,0.0522,0.0696,"1,2,3,4,5",8.96,0.9997,1,,Extended nonparametric bootstrap refits from original complete-domain rows.
strict_earliest_primary,strict_primary,ELSA,1,6104,5,-58676.83,0.9998,1.0,54,nonparametric_bootstrap,0.8278,0.4117,0.9003,"1,2,4,3,5",7.29,0.9594,1,,Extended nonparametric bootstrap refits from original complete-domain rows.
strict_earliest_primary,strict_primary,ELSA,1,6104,5,-58676.83,0.9998,1.0,55,nonparametric_bootstrap,0.8476,0.5853,2.3459,"1,2,3,4,5",6.32,0.9653,1,,Extended nonparametric bootstrap refits from original complete-domain rows.
strict_earliest_primary,strict_primary,ELSA,1,6104,5,-58676.83,0.9998,1.0,56,nonparametric_bootstrap,0.8732,0.6067,1.1208,"1,3,4,2,5",4.36,0.9842,1,,Extended nonparametric bootstrap refits from original complete-domain rows.
strict_earliest_primary,strict_primary,ELSA,1,6104,5,-58676.83,0.9998,1.0,57,nonparametric_bootstrap,0.8849,0.6485,2.7434,"1,2,3,5,4",0.18,0.9988,1,,Extended nonparametric bootstrap refits from original complete-domain rows.
strict_earliest_primary,strict_primary,ELSA,1,6104,5,-58676.83,0.9998,1.0,58,nonparametric_bootstrap,0.2821,1.2784,2.3931,"1,2,3,5,4",5.96,0.8298,1,,Extended nonparametric bootstrap refits from original complete-domain rows.
strict_earliest_primary,strict_primary,ELSA,1,6104,5,-58676.83,0.9998,1.0,59,nonparametric_bootstrap,0.8503,0.646,1.1291,"1,2,4,3,5",5.82,0.9997,1,,Extended nonparametric bootstrap refits from original complete-domain rows.
strict_earliest_primary,strict_primary,ELSA,1,6104,5,-58676.83,0.9998,1.0,60,nonparametric_bootstrap,0.8691,0.3464,0.9253,"1,2,4,3,5",5.9,0.9996,1,,Extended nonparametric bootstrap refits from original complete-domain rows.
strict_earliest_primary,strict_primary,ELSA,1,6104,5,-58676.83,0.9998,1.0,61,nonparametric_bootstrap,0.8919,0.2118,0.5145,"1,2,4,3,5",3.88,0.9989,1,,Extended nonparametric bootstrap refits from original complete-domain rows.
strict_earliest_primary,strict_primary,ELSA,1,6104,5,-58676.83,0.9998,1.0,62,nonparametric_bootstrap,0.7953,0.5708,1.0361,"1,2,4,3,5",7.45,0.9806,1,,Extended nonparametric bootstrap refits from original complete-domain rows.
strict_earliest_primary,strict_primary,ELSA,1,6104,5,-58676.83,0.9998,1.0,63,nonparametric_bootstrap,0.7798,0.7544,2.7849,"1,2,3,4,5",2.36,0.9543,1,,Extended nonparametric bootstrap refits from original complete-domain rows.
strict_earliest_primary,strict_primary,ELSA,1,6104,5,-58676.83,0.9998,1.0,64,nonparametric_bootstrap,0.9997,0.062,0.1203,"1,2,3,4,5",8.96,0.9998,1,,Extended nonparametric bootstrap refits from original complete-domain rows.
strict_earliest_primary,strict_primary,ELSA,1,6104,5,-58676.83,0.9998,1.0,65,nonparametric_bootstrap,0.8502,0.6545,1.1045,"1,2,4,3,5",5.83,0.9998,1,,Extended nonparametric bootstrap refits from original complete-domain rows.
strict_earliest_primary,strict_primary,ELSA,1,6104,5,-58676.83,0.9998,1.0,66,nonparametric_bootstrap,0.8804,0.5358,2.1082,"1,2,3,4,5",1.15,0.9996,1,,Extended nonparametric bootstrap refits from original complete-domain rows.
strict_earliest_primary,strict_primary,ELSA,1,6104,5,-58676.83,0.9998,1.0,67,nonparametric_bootstrap,0.3457,1.1006,1.6849,"1,2,3,4,5",0.62,0.9997,1,,Extended nonparametric bootstrap refits from original complete-domain rows.
strict_earliest_primary,strict_primary,ELSA,1,6104,5,-58676.83,0.9998,1.0,68,nonparametric_bootstrap,0.8398,0.3651,0.9103,"1,2,4,3,5",3.88,0.9824,1,,Extended nonparametric bootstrap refits from original complete-domain rows.
strict_earliest_primary,strict_primary,ELSA,1,6104,5,-58676.83,0.9998,1.0,69,nonparametric_bootstrap,0.8503,0.6498,1.1281,"1,2,4,3,5",5.82,0.9998,1,,Extended nonparametric bootstrap refits from original complete-domain rows.
strict_earliest_primary,strict_primary,ELSA,1,6104,5,-58676.83,0.9998,1.0,70,nonparametric_bootstrap,1.0,0.0452,0.0857,"1,2,3,4,5",8.99,0.9998,1,,Extended nonparametric bootstrap refits from original complete-domain rows.
strict_earliest_primary,strict_primary,ELSA,1,6104,5,-58676.83,0.9998,1.0,71,nonparametric_bootstrap,0.7335,0.7962,2.0602,"1,2,3,4,5",3.87,0.9202,1,,Extended nonparametric bootstrap refits from original complete-domain rows.
strict_earliest_primary,strict_primary,ELSA,1,6104,5,-58676.83,0.9998,1.0,72,nonparametric_bootstrap,0.9997,0.0627,0.1327,"1,2,3,4,5",8.96,0.9998,1,,Extended nonparametric bootstrap refits from original complete-domain rows.
strict_earliest_primary,strict_primary,ELSA,1,6104,5,-58676.83,0.9998,1.0,73,nonparametric_bootstrap,0.8253,0.5364,0.9766,"1,2,4,3,5",7.45,0.9836,1,,Extended nonparametric bootstrap refits from original complete-domain rows.
strict_earliest_primary,strict_primary,ELSA,1,6104,5,-58676.83,0.9998,1.0,74,nonparametric_bootstrap,0.8362,0.5943,2.2191,"1,2,3,4,5",7.27,0.9577,1,,Extended nonparametric bootstrap refits from original complete-domain rows.
strict_earliest_primary,strict_primary,ELSA,1,6104,5,-58676.83,0.9998,1.0,75,nonparametric_bootstrap,0.8858,1.7774,8.2946,"1,2,3,5,4",0.03,0.9995,1,,Extended nonparametric bootstrap refits from original complete-domain rows.
strict_earliest_primary,strict_primary,ELSA,1,6104,5,-58676.83,0.9998,1.0,76,nonparametric_bootstrap,0.7372,0.7709,1.8925,"1,2,4,3,5",3.87,0.9243,1,,Extended nonparametric bootstrap refits from original complete-domain rows.
strict_earliest_primary,strict_primary,ELSA,1,6104,5,-58676.83,0.9998,1.0,77,nonparametric_bootstrap,1.0,0.0419,0.0569,"1,2,3,4,5",8.99,0.9998,1,,Extended nonparametric bootstrap refits from original complete-domain rows.
strict_earliest_primary,strict_primary,ELSA,1,6104,5,-58676.83,0.9998,1.0,78,nonparametric_bootstrap,0.2431,1.0726,1.8508,"2,1,3,4,5",1.72,0.9097,1,,Extended nonparametric bootstrap refits from original complete-domain rows.
strict_earliest_primary,strict_primary,ELSA,1,6104,5,-58676.83,0.9998,1.0,79,nonparametric_bootstrap,0.8249,0.4851,0.8518,"1,2,4,3,5",7.44,0.9837,1,,Extended nonparametric bootstrap refits from original complete-domain rows.
strict_earliest_primary,strict_primary,ELSA,1,6104,5,-58676.83,0.9998,1.0,80,nonparametric_bootstrap,0.8431,0.6165,2.4654,"1,2,3,4,5",6.8,0.9677,1,,Extended nonparametric bootstrap refits from original complete-domain rows.
strict_earliest_primary,strict_primary,ELSA,1,6104,5,-58676.83,0.9998,1.0,81,nonparametric_bootstrap,0.8921,0.1591,0.5327,"1,2,3,4,5",3.88,0.9992,1,,Extended nonparametric bootstrap refits from original complete-domain rows.
strict_earliest_primary,strict_primary,ELSA,1,6104,5,-58676.83,0.9998,1.0,82,nonparametric_bootstrap,0.8224,0.5246,0.9661,"1,2,4,3,5",7.45,0.9823,1,,Extended nonparametric bootstrap refits from original complete-domain rows.
strict_earliest_primary,strict_primary,ELSA,1,6104,5,-58676.83,0.9998,1.0,83,nonparametric_bootstrap,0.7938,0.366,1.0749,"1,2,3,4,5",1.72,0.9557,1,,Extended nonparametric bootstrap refits from original complete-domain rows.
strict_earliest_primary,strict_primary,ELSA,1,6104,5,-58676.83,0.9998,1.0,84,nonparametric_bootstrap,1.0,0.0367,0.0587,"1,2,3,4,5",8.99,0.9997,1,,Extended nonparametric bootstrap refits from original complete-domain rows.
strict_earliest_primary,strict_primary,ELSA,1,6104,5,-58676.83,0.9998,1.0,85,nonparametric_bootstrap,0.7883,0.5199,1.4704,"1,2,3,4,5",0.46,0.9517,1,,Extended nonparametric bootstrap refits from original complete-domain rows.
strict_earliest_primary,strict_primary,ELSA,1,6104,5,-58676.83,0.9998,1.0,86,nonparametric_bootstrap,0.8715,0.8058,2.5402,"1,2,3,4,5",5.36,0.9996,1,,Extended nonparametric bootstrap refits from original complete-domain rows.
strict_earliest_primary,strict_primary,ELSA,1,6104,5,-58676.83,0.9998,1.0,87,nonparametric_bootstrap,0.8334,0.4123,0.9576,"1,2,4,3,5",7.44,0.9984,1,,Extended nonparametric bootstrap refits from original complete-domain rows.
strict_earliest_primary,strict_primary,ELSA,1,6104,5,-58676.83,0.9998,1.0,88,nonparametric_bootstrap,0.2911,1.0203,1.4778,"1,3,2,4,5",6.52,0.8332,1,,Extended nonparametric bootstrap refits from original complete-domain rows.
strict_earliest_primary,strict_primary,ELSA,1,6104,5,-58676.83,0.9998,1.0,89,nonparametric_bootstrap,0.8053,0.5031,1.0798,"1,2,4,3,5",6.37,0.9608,1,,Extended nonparametric bootstrap refits from original complete-domain rows.
strict_earliest_primary,strict_primary,ELSA,1,6104,5,-58676.83,0.9998,1.0,90,nonparametric_bootstrap,0.8372,0.5982,2.3158,"1,2,3,4,5",7.29,0.966,1,,Extended nonparametric bootstrap refits from original complete-domain rows.
strict_earliest_primary,strict_primary,ELSA,1,6104,5,-58676.83,0.9998,1.0,91,nonparametric_bootstrap,0.2796,1.234,1.7397,"2,1,4,3,5",5.91,0.8193,1,,Extended nonparametric bootstrap refits from original complete-domain rows.
strict_earliest_primary,strict_primary,ELSA,1,6104,5,-58676.83,0.9998,1.0,92,nonparametric_bootstrap,0.3466,1.5022,3.211,"3,1,2,4,5",0.9,0.9999,1,,Extended nonparametric bootstrap refits from original complete-domain rows.
strict_earliest_primary,strict_primary,ELSA,1,6104,5,-58676.83,0.9998,1.0,93,nonparametric_bootstrap,0.9997,0.0462,0.075,"1,2,3,4,5",8.96,0.9998,1,,Extended nonparametric bootstrap refits from original complete-domain rows.
strict_earliest_primary,strict_primary,ELSA,1,6104,5,-58676.83,0.9998,1.0,94,nonparametric_bootstrap,0.7762,0.7651,2.7548,"1,2,3,5,4",3.7,0.9524,1,,Extended nonparametric bootstrap refits from original complete-domain rows.
strict_earliest_primary,strict_primary,ELSA,1,6104,5,-58676.83,0.9998,1.0,95,nonparametric_bootstrap,0.8438,0.5936,2.2899,"1,2,3,4,5",6.77,0.9576,1,,Extended nonparametric bootstrap refits from original complete-domain rows.
strict_earliest_primary,strict_primary,ELSA,1,6104,5,-58676.83,0.9998,1.0,96,nonparametric_bootstrap,0.7975,0.3362,1.0996,"1,2,3,4,5",2.42,0.954,1,,Extended nonparametric bootstrap refits from original complete-domain rows.
strict_earliest_primary,strict_primary,ELSA,1,6104,5,-58676.83,0.9998,1.0,97,nonparametric_bootstrap,0.7939,0.3811,1.1848,"1,2,3,4,5",1.75,0.9593,1,,Extended nonparametric bootstrap refits from original complete-domain rows.
strict_earliest_primary,strict_primary,ELSA,1,6104,5,-58676.83,0.9998,1.0,98,nonparametric_bootstrap,1.0,0.0449,0.1052,"1,2,3,4,5",8.99,0.9998,1,,Extended nonparametric bootstrap refits from original complete-domain rows.
strict_earliest_primary,strict_primary,ELSA,1,6104,5,-58676.83,0.9998,1.0,99,nonparametric_bootstrap,0.8737,0.479,1.8151,"1,2,3,4,5",3.88,0.9993,1,,Extended nonparametric bootstrap refits from original complete-domain rows.
strict_earliest_primary,strict_primary,ELSA,1,6104,5,-58676.83,0.9998,1.0,100,nonparametric_bootstrap,0.8377,0.5716,2.3215,"1,2,3,4,5",7.26,0.9617,1,,Extended nonparametric bootstrap refits from original complete-domain rows.
strict_earliest_primary,strict_primary,ELSA,1,6104,5,-58676.83,0.9998,1.0,101,nonparametric_bootstrap,0.8453,0.5971,2.317,"1,2,3,4,5",6.59,0.96,1,,Extended nonparametric bootstrap refits from original complete-domain rows.
strict_earliest_primary,strict_primary,ELSA,1,6104,5,-58676.83,0.9998,1.0,102,nonparametric_bootstrap,0.8444,0.621,2.4604,"1,2,3,4,5",6.6,0.9694,1,,Extended nonparametric bootstrap refits from original complete-domain rows.
strict_earliest_primary,strict_primary,ELSA,1,6104,5,-58676.83,0.9998,1.0,103,nonparametric_bootstrap,0.3453,1.2413,2.4831,"3,1,2,4,5",2.2,0.9871,1,,Extended nonparametric bootstrap refits from original complete-domain rows.
strict_earliest_primary,strict_primary,ELSA,1,6104,5,-58676.83,0.9998,1.0,104,nonparametric_bootstrap,0.7377,0.5159,1.1293,"1,2,3,4,5",1.8,0.9123,1,,Extended nonparametric bootstrap refits from original complete-domain rows.
strict_earliest_primary,strict_primary,ELSA,1,6104,5,-58676.83,0.9998,1.0,105,nonparametric_bootstrap,0.7344,0.842,1.6951,"1,2,4,3,5",5.1,0.8786,1,,Extended nonparametric bootstrap refits from original complete-domain rows.
strict_earliest_primary,strict_primary,ELSA,1,6104,5,-58676.83,0.9998,1.0,106,nonparametric_bootstrap,0.7803,0.7011,2.511,"1,2,3,4,5",1.88,0.9567,1,,Extended nonparametric bootstrap refits from original complete-domain rows.
strict_earliest_primary,strict_primary,ELSA,1,6104,5,-58676.83,0.9998,1.0,107,nonparametric_bootstrap,1.0,0.0675,0.1031,"1,2,3,4,5",8.99,0.9998,1,,Extended nonparametric bootstrap refits from original complete-domain rows.
strict_earliest_primary,strict_primary,ELSA,1,6104,5,-58676.83,0.9998,1.0,108,nonparametric_bootstrap,0.8411,0.6161,2.3619,"1,2,3,4,5",7.01,0.9651,1,,Extended nonparametric bootstrap refits from original complete-domain rows.
strict_earliest_primary,strict_primary,ELSA,1,6104,5,-58676.83,0.9998,1.0,109,nonparametric_bootstrap,0.8843,0.7573,3.2472,"1,2,3,4,5",0.29,0.9976,1,,Extended nonparametric bootstrap refits from original complete-domain rows.
strict_earliest_primary,strict_primary,ELSA,1,6104,5,-58676.83,0.9998,1.0,110,nonparametric_bootstrap,0.8353,0.5518,2.2064,"1,2,3,4,5",7.27,0.9552,1,,Extended nonparametric bootstrap refits from original complete-domain rows.
strict_earliest_primary,strict_primary,ELSA,1,6104,5,-58676.83,0.9998,1.0,111,nonparametric_bootstrap,0.8715,0.7946,2.561,"1,2,3,4,5",5.34,0.9997,1,,Extended nonparametric bootstrap refits from original complete-domain rows.
strict_earliest_primary,strict_primary,ELSA,1,6104,5,-58676.83,0.9998,1.0,112,nonparametric_bootstrap,0.8419,0.6163,2.454,"1,2,3,4,5",6.85,0.9709,1,,Extended nonparametric bootstrap refits from original complete-domain rows.
strict_earliest_primary,strict_primary,ELSA,1,6104,5,-58676.83,0.9998,1.0,113,nonparametric_bootstrap,0.8776,0.6275,2.5247,"1,2,3,4,5",1.88,0.9996,1,,Extended nonparametric bootstrap refits from original complete-domain rows.
strict_earliest_primary,strict_primary,ELSA,1,6104,5,-58676.83,0.9998,1.0,114,nonparametric_bootstrap,0.7366,0.47,1.0781,"1,2,3,4,5",1.72,0.9035,1,,Extended nonparametric bootstrap refits from original complete-domain rows.
strict_earliest_primary,strict_primary,ELSA,1,6104,5,-58676.83,0.9998,1.0,115,nonparametric_bootstrap,0.856,0.5261,1.0426,"1,2,3,4,5",1.33,0.9994,1,,Extended nonparametric bootstrap refits from original complete-domain rows.
strict_earliest_primary,strict_primary,ELSA,1,6104,5,-58676.83,0.9998,1.0,116,nonparametric_bootstrap,0.2435,1.3265,2.6861,"2,1,3,4,5",2.13,0.9029,1,,Extended nonparametric bootstrap refits from original complete-domain rows.
strict_earliest_primary,strict_primary,ELSA,1,6104,5,-58676.83,0.9998,1.0,117,nonparametric_bootstrap,0.884,0.6236,2.545,"1,2,3,4,5",0.38,0.996,1,,Extended nonparametric bootstrap refits from original complete-domain rows.
strict_earliest_primary,strict_primary,ELSA,1,6104,5,-58676.83,0.9998,1.0,118,nonparametric_bootstrap,0.8737,0.4732,1.8053,"1,2,3,4,5",3.88,0.9992,1,,Extended nonparametric bootstrap refits from original complete-domain rows.
strict_earliest_primary,strict_primary,ELSA,1,6104,5,-58676.83,0.9998,1.0,119,nonparametric_bootstrap,0.8617,0.2514,0.6034,"1,2,4,3,5",6.42,0.9929,1,,Extended nonparametric bootstrap refits from original complete-domain rows.
strict_earliest_primary,strict_primary,ELSA,1,6104,5,-58676.83,0.9998,1.0,120,nonparametric_bootstrap,0.8092,0.3792,1.0274,"1,2,4,3,5",3.88,0.9819,1,,Extended nonparametric bootstrap refits from original complete-domain rows.
strict_earliest_primary,strict_primary,ELSA,1,6104,5,-58676.83,0.9998,1.0,121,nonparametric_bootstrap,0.9998,0.0545,0.0811,"1,2,3,4,5",8.98,0.9997,1,,Extended nonparametric bootstrap refits from original complete-domain rows.
strict_earliest_primary,strict_primary,ELSA,1,6104,5,-58676.83,0.9998,1.0,122,nonparametric_bootstrap,0.3454,1.176,2.2549,"3,1,2,4,5",1.98,0.9998,1,,Extended nonparametric bootstrap refits from original complete-domain rows.
strict_earliest_primary,strict_primary,ELSA,1,6104,5,-58676.83,0.9998,1.0,123,nonparametric_bootstrap,1.0,0.0433,0.0639,"1,2,3,4,5",8.99,0.9998,1,,Extended nonparametric bootstrap refits from original complete-domain rows.
strict_earliest_primary,strict_primary,ELSA,1,6104,5,-58676.83,0.9998,1.0,124,nonparametric_bootstrap,0.8468,0.6031,2.3972,"1,2,3,4,5",6.41,0.9649,1,,Extended nonparametric bootstrap refits from original complete-domain rows.
strict_earliest_primary,strict_primary,ELSA,1,6104,5,-58676.83,0.9998,1.0,125,nonparametric_bootstrap,0.8371,0.5928,2.3516,"1,2,3,4,5",7.26,0.961,1,,Extended nonparametric bootstrap refits from original complete-domain rows.
strict_earliest_primary,strict_primary,ELSA,1,6104,5,-58676.83,0.9998,1.0,126,nonparametric_bootstrap,1.0,0.0509,0.0812,"1,2,3,4,5",8.99,0.9998,1,,Extended nonparametric bootstrap refits from original complete-domain rows.
strict_earliest_primary,strict_primary,ELSA,1,6104,5,-58676.83,0.9998,1.0,127,nonparametric_bootstrap,0.9997,0.0769,0.1557,"1,2,4,3,5",8.96,0.9998,1,,Extended nonparametric bootstrap refits from original complete-domain rows.
strict_earliest_primary,strict_primary,ELSA,1,6104,5,-58676.83,0.9998,1.0,128,nonparametric_bootstrap,0.7975,0.3351,1.0856,"1,2,3,4,5",2.42,0.9573,1,,Extended nonparametric bootstrap refits from original complete-domain rows.
strict_earliest_primary,strict_primary,ELSA,1,6104,5,-58676.83,0.9998,1.0,129,nonparametric_bootstrap,0.8384,0.6316,2.3662,"1,2,3,4,5",7.22,0.9648,1,,Extended nonparametric bootstrap refits from original complete-domain rows.
strict_earliest_primary,strict_primary,ELSA,1,6104,5,-58676.83,0.9998,1.0,130,nonparametric_bootstrap,0.8819,0.7339,2.9934,"1,2,3,4,5",0.82,0.9963,1,,Extended nonparametric bootstrap refits from original complete-domain rows.
strict_earliest_primary,strict_primary,ELSA,1,6104,5,-58676.83,0.9998,1.0,131,nonparametric_bootstrap,1.0,0.0562,0.0976,"1,2,4,3,5",8.99,0.9998,1,,Extended nonparametric bootstrap refits from original complete-domain rows.
strict_earliest_primary,strict_primary,ELSA,1,6104,5,-58676.83,0.9998,1.0,132,nonparametric_bootstrap,0.8412,0.5933,2.3543,"1,2,3,4,5",6.95,0.9664,1,,Extended nonparametric bootstrap refits from original complete-domain rows.
strict_earliest_primary,strict_primary,ELSA,1,6104,5,-58676.83,0.9998,1.0,133,nonparametric_bootstrap,0.8737,0.4659,1.777,"1,2,3,4,5",3.88,0.9992,1,,Extended nonparametric bootstrap refits from original complete-domain rows.
strict_earliest_primary,strict_primary,ELSA,1,6104,5,-58676.83,0.9998,1.0,134,nonparametric_bootstrap,0.8737,0.4736,1.7707,"1,2,3,4,5",3.88,0.9992,1,,Extended nonparametric bootstrap refits from original complete-domain rows.
strict_earliest_primary,strict_primary,ELSA,1,6104,5,-58676.83,0.9998,1.0,135,nonparametric_bootstrap,0.3455,1.187,2.4083,"3,1,2,4,5",1.85,0.9882,1,,Extended nonparametric bootstrap refits from original complete-domain rows.
strict_earliest_primary,strict_primary,ELSA,1,6104,5,-58676.83,0.9998,1.0,136,nonparametric_bootstrap,0.8715,0.7969,2.5654,"1,2,3,4,5",5.34,0.9996,1,,Extended nonparametric bootstrap refits from original complete-domain rows.
strict_earliest_primary,strict_primary,ELSA,1,6104,5,-58676.83,0.9998,1.0,137,nonparametric_bootstrap,0.787,0.5867,1.9572,"1,2,3,4,5",0.1,0.9504,1,,Extended nonparametric bootstrap refits from original complete-domain rows.
strict_earliest_primary,strict_primary,ELSA,1,6104,5,-58676.83,0.9998,1.0,138,nonparametric_bootstrap,1.0,0.0392,0.0703,"1,2,3,4,5",8.99,0.9997,1,,Extended nonparametric bootstrap refits from original complete-domain rows.
strict_earliest_primary,strict_primary,ELSA,1,6104,5,-58676.83,0.9998,1.0,139,nonparametric_bootstrap,0.2423,1.0682,1.8136,"2,1,3,4,5",1.72,0.9101,1,,Extended nonparametric bootstrap refits from original complete-domain rows.
strict_earliest_primary,strict_primary,ELSA,1,6104,5,-58676.83,0.9998,1.0,140,nonparametric_bootstrap,0.8715,0.7959,2.5631,"1,2,3,4,5",5.34,0.9997,1,,Extended nonparametric bootstrap refits from original complete-domain rows.
strict_earliest_primary,strict_primary,ELSA,1,6104,5,-58676.83,0.9998,1.0,141,nonparametric_bootstrap,0.2327,1.0469,1.5809,"2,1,3,4,5",2.93,0.8974,1,,Extended nonparametric bootstrap refits from original complete-domain rows.
strict_earliest_primary,strict_primary,ELSA,1,6104,5,-58676.83,0.9998,1.0,142,nonparametric_bootstrap,0.8715,0.7956,2.4982,"1,2,3,4,5",5.34,0.9997,1,,Extended nonparametric bootstrap refits from original complete-domain rows.
strict_earliest_primary,strict_primary,ELSA,1,6104,5,-58676.83,0.9998,1.0,143,nonparametric_bootstrap,0.8503,0.6337,1.1247,"1,2,4,3,5",5.82,0.9996,1,,Extended nonparametric bootstrap refits from original complete-domain rows.
strict_earliest_primary,strict_primary,ELSA,1,6104,5,-58676.83,0.9998,1.0,144,nonparametric_bootstrap,0.9997,0.0417,0.072,"1,2,3,4,5",8.96,0.9998,1,,Extended nonparametric bootstrap refits from original complete-domain rows.
strict_earliest_primary,strict_primary,ELSA,1,6104,5,-58676.83,0.9998,1.0,145,nonparametric_bootstrap,0.7834,0.8749,3.3015,"1,2,3,4,5",0.39,0.9549,1,,Extended nonparametric bootstrap refits from original complete-domain rows.
strict_earliest_primary,strict_primary,ELSA,1,6104,5,-58676.83,0.9998,1.0,146,nonparametric_bootstrap,0.7108,0.614,1.6957,"1,2,3,5,4",5.68,0.8835,1,,Extended nonparametric bootstrap refits from original complete-domain rows.
strict_earliest_primary,strict_primary,ELSA,1,6104,5,-58676.83,0.9998,1.0,147,nonparametric_bootstrap,0.8714,0.7949,2.5742,"1,2,3,4,5",5.34,0.9996,1,,Extended nonparametric bootstrap refits from original complete-domain rows.
strict_earliest_primary,strict_primary,ELSA,1,6104,5,-58676.83,0.9998,1.0,148,nonparametric_bootstrap,0.8715,0.8033,2.6179,"1,2,3,4,5",5.34,0.9997,1,,Extended nonparametric bootstrap refits from original complete-domain rows.
strict_earliest_primary,strict_primary,ELSA,1,6104,5,-58676.83,0.9998,1.0,149,nonparametric_bootstrap,0.8503,0.6459,1.1249,"1,2,4,3,5",5.82,0.9997,1,,Extended nonparametric bootstrap refits from original complete-domain rows.
strict_earliest_primary,strict_primary,ELSA,1,6104,5,-58676.83,0.9998,1.0,150,nonparametric_bootstrap,0.7363,0.4955,1.2235,"1,2,3,4,5",2.0,0.9132,1,,Extended nonparametric bootstrap refits from original complete-domain rows.
strict_earliest_primary,strict_primary,ELSA,1,6104,5,-58676.83,0.9998,1.0,151,nonparametric_bootstrap,0.9997,0.0615,0.1343,"1,2,3,4,5",8.96,0.9998,1,,Extended nonparametric bootstrap refits from original complete-domain rows.
strict_earliest_primary,strict_primary,ELSA,1,6104,5,-58676.83,0.9998,1.0,152,nonparametric_bootstrap,0.2572,1.138,1.5935,"2,1,4,3,5",3.93,0.9066,1,,Extended nonparametric bootstrap refits from original complete-domain rows.
strict_earliest_primary,strict_primary,ELSA,1,6104,5,-58676.83,0.9998,1.0,153,nonparametric_bootstrap,0.8177,0.5411,1.0071,"1,2,4,3,5",7.45,0.983,1,,Extended nonparametric bootstrap refits from original complete-domain rows.
strict_earliest_primary,strict_primary,ELSA,1,6104,5,-58676.83,0.9998,1.0,154,nonparametric_bootstrap,0.8736,0.4638,1.7946,"1,2,3,4,5",3.88,0.9994,1,,Extended nonparametric bootstrap refits from original complete-domain rows.
strict_earliest_primary,strict_primary,ELSA,1,6104,5,-58676.83,0.9998,1.0,155,nonparametric_bootstrap,0.8248,0.529,0.9725,"1,2,4,3,5",7.45,0.9831,1,,Extended nonparametric bootstrap refits from original complete-domain rows.
strict_earliest_primary,strict_primary,ELSA,1,6104,5,-58676.83,0.9998,1.0,156,nonparametric_bootstrap,0.2772,1.257,1.7048,"3,1,4,2,5",5.91,0.8251,1,,Extended nonparametric bootstrap refits from original complete-domain rows.
strict_earliest_primary,strict_primary,ELSA,1,6104,5,-58676.83,0.9998,1.0,157,nonparametric_bootstrap,0.8737,0.4687,1.7972,"1,2,3,4,5",3.88,0.9993,1,,Extended nonparametric bootstrap refits from original complete-domain rows.
strict_earliest_primary,strict_primary,ELSA,1,6104,5,-58676.83,0.9998,1.0,158,nonparametric_bootstrap,0.3181,0.9764,2.5041,"1,2,3,4,5",5.34,0.8978,1,,Extended nonparametric bootstrap refits from original complete-domain rows.
strict_earliest_primary,strict_primary,ELSA,1,6104,5,-58676.83,0.9998,1.0,159,nonparametric_bootstrap,0.7698,0.8843,3.3741,"1,2,3,4,5",1.0,0.9578,1,,Extended nonparametric bootstrap refits from original complete-domain rows.
strict_earliest_primary,strict_primary,ELSA,1,6104,5,-58676.83,0.9998,1.0,160,nonparametric_bootstrap,0.9997,0.0678,0.104,"1,2,3,4,5",8.96,0.9998,1,,Extended nonparametric bootstrap refits from original complete-domain rows.
strict_earliest_primary,strict_primary,ELSA,1,6104,5,-58676.83,0.9998,1.0,161,nonparametric_bootstrap,0.7341,0.767,1.9835,"1,2,4,3,5",3.87,0.9233,1,,Extended nonparametric bootstrap refits from original complete-domain rows.
strict_earliest_primary,strict_primary,ELSA,1,6104,5,-58676.83,0.9998,1.0,162,nonparametric_bootstrap,0.8715,0.766,2.547,"1,2,3,4,5",5.34,0.9997,1,,Extended nonparametric bootstrap refits from original complete-domain rows.
strict_earliest_primary,strict_primary,ELSA,1,6104,5,-58676.83,0.9998,1.0,163,nonparametric_bootstrap,0.8073,0.4767,1.1092,"1,2,4,3,5",6.11,0.9609,1,,Extended nonparametric bootstrap refits from original complete-domain rows.
strict_earliest_primary,strict_primary,ELSA,1,6104,5,-58676.83,0.9998,1.0,164,nonparametric_bootstrap,0.3454,1.1777,2.2516,"2,1,3,4,5",1.98,0.9997,1,,Extended nonparametric bootstrap refits from original complete-domain rows.
strict_earliest_primary,strict_primary,ELSA,1,6104,5,-58676.83,0.9998,1.0,165,nonparametric_bootstrap,0.2332,1.0531,1.6048,"2,1,4,3,5",3.64,0.8964,1,,Extended nonparametric bootstrap refits from original complete-domain rows.
strict_earliest_primary,strict_primary,ELSA,1,6104,5,-58676.83,0.9998,1.0,166,nonparametric_bootstrap,0.8484,0.6087,2.4615,"1,2,3,4,5",6.19,0.968,1,,Extended nonparametric bootstrap refits from original complete-domain rows.
strict_earliest_primary,strict_primary,ELSA,1,6104,5,-58676.83,0.9998,1.0,167,nonparametric_bootstrap,0.8715,0.777,2.5695,"1,2,3,4,5",5.34,0.9996,1,,Extended nonparametric bootstrap refits from original complete-domain rows.
strict_earliest_primary,strict_primary,ELSA,1,6104,5,-58676.83,0.9998,1.0,168,nonparametric_bootstrap,0.8719,0.8892,2.8818,"1,2,3,4,5",4.59,0.9848,1,,Extended nonparametric bootstrap refits from original complete-domain rows.
strict_earliest_primary,strict_primary,ELSA,1,6104,5,-58676.83,0.9998,1.0,169,nonparametric_bootstrap,0.3475,1.2534,2.5112,"1,2,3,5,4",0.2,0.999,1,,Extended nonparametric bootstrap refits from original complete-domain rows.
strict_earliest_primary,strict_primary,ELSA,1,6104,5,-58676.83,0.9998,1.0,170,nonparametric_bootstrap,0.7275,0.499,1.0799,"1,2,3,4,5",1.72,0.9134,1,,Extended nonparametric bootstrap refits from original complete-domain rows.
strict_earliest_primary,strict_primary,ELSA,1,6104,5,-58676.83,0.9998,1.0,171,nonparametric_bootstrap,0.7325,0.4542,1.0218,"1,2,3,4,5",1.72,0.9048,1,,Extended nonparametric bootstrap refits from original complete-domain rows.
strict_earliest_primary,strict_primary,ELSA,1,6104,5,-58676.83,0.9998,1.0,172,nonparametric_bootstrap,0.8237,0.498,0.8863,"1,2,4,3,5",7.45,0.9822,1,,Extended nonparametric bootstrap refits from original complete-domain rows.
strict_earliest_primary,strict_primary,ELSA,1,6104,5,-58676.83,0.9998,1.0,173,nonparametric_bootstrap,0.9997,0.0561,0.0944,"1,2,3,4,5",8.96,0.9997,1,,Extended nonparametric bootstrap refits from original complete-domain rows.
strict_earliest_primary,strict_primary,ELSA,1,6104,5,-58676.83,0.9998,1.0,174,nonparametric_bootstrap,0.8317,0.371,1.0004,"1,2,4,3,5",5.83,0.9994,1,,Extended nonparametric bootstrap refits from original complete-domain rows.
strict_earliest_primary,strict_primary,ELSA,1,6104,5,-58676.83,0.9998,1.0,175,nonparametric_bootstrap,0.8482,0.6285,2.5141,"1,2,3,4,5",6.21,0.9706,1,,Extended nonparametric bootstrap refits from original complete-domain rows.
strict_earliest_primary,strict_primary,ELSA,1,6104,5,-58676.83,0.9998,1.0,176,nonparametric_bootstrap,0.8715,0.7828,2.5844,"1,2,3,4,5",5.36,0.9996,1,,Extended nonparametric bootstrap refits from original complete-domain rows.
strict_earliest_primary,strict_primary,ELSA,1,6104,5,-58676.83,0.9998,1.0,177,nonparametric_bootstrap,0.8072,0.3695,0.9788,"1,2,4,3,5",3.88,0.9812,1,,Extended nonparametric bootstrap refits from original complete-domain rows.
strict_earliest_primary,strict_primary,ELSA,1,6104,5,-58676.83,0.9998,1.0,178,nonparametric_bootstrap,0.8402,0.6247,2.3605,"1,2,3,4,5",7.08,0.9646,1,,Extended nonparametric bootstrap refits from original complete-domain rows.
strict_earliest_primary,strict_primary,ELSA,1,6104,5,-58676.83,0.9998,1.0,179,nonparametric_bootstrap,0.8362,0.3242,0.8322,"1,2,4,3,5",3.88,0.9836,1,,Extended nonparametric bootstrap refits from original complete-domain rows.
strict_earliest_primary,strict_primary,ELSA,1,6104,5,-58676.83,0.9998,1.0,180,nonparametric_bootstrap,0.3071,0.9977,1.5096,"1,2,3,4,5",6.31,0.8477,1,,Extended nonparametric bootstrap refits from original complete-domain rows.
strict_earliest_primary,strict_primary,ELSA,1,6104,5,-58676.83,0.9998,1.0,181,nonparametric_bootstrap,0.3483,1.3776,3.0342,"1,2,3,4,5",0.03,0.9996,1,,Extended nonparametric bootstrap refits from original complete-domain rows.
strict_earliest_primary,strict_primary,ELSA,1,6104,5,-58676.83,0.9998,1.0,182,nonparametric_bootstrap,0.7267,0.9784,3.2067,"1,2,3,4,5",1.0,0.9136,1,,Extended nonparametric bootstrap refits from original complete-domain rows.
strict_earliest_primary,strict_primary,ELSA,1,6104,5,-58676.83,0.9998,1.0,183,nonparametric_bootstrap,0.3454,1.1601,2.2343,"2,1,3,4,5",1.98,0.9996,1,,Extended nonparametric bootstrap refits from original complete-domain rows.
strict_earliest_primary,strict_primary,ELSA,1,6104,5,-58676.83,0.9998,1.0,184,nonparametric_bootstrap,1.0,0.0769,0.1446,"1,2,3,4,5",8.99,0.9998,1,,Extended nonparametric bootstrap refits from original complete-domain rows.
strict_earliest_primary,strict_primary,ELSA,1,6104,5,-58676.83,0.9998,1.0,185,nonparametric_bootstrap,0.8395,0.314,0.7714,"1,2,4,3,5",3.88,0.9831,1,,Extended nonparametric bootstrap refits from original complete-domain rows.
strict_earliest_primary,strict_primary,ELSA,1,6104,5,-58676.83,0.9998,1.0,186,nonparametric_bootstrap,1.0,0.0537,0.0942,"1,2,3,4,5",8.99,0.9997,1,,Extended nonparametric bootstrap refits from original complete-domain rows.
strict_earliest_primary,strict_primary,ELSA,1,6104,5,-58676.83,0.9998,1.0,187,nonparametric_bootstrap,0.8715,0.7879,2.5955,"1,2,3,4,5",5.34,0.9997,1,,Extended nonparametric bootstrap refits from original complete-domain rows.
strict_earliest_primary,strict_primary,ELSA,1,6104,5,-58676.83,0.9998,1.0,188,nonparametric_bootstrap,0.8736,0.4773,1.7977,"1,2,3,4,5",3.88,0.9994,1,,Extended nonparametric bootstrap refits from original complete-domain rows.
strict_earliest_primary,strict_primary,ELSA,1,6104,5,-58676.83,0.9998,1.0,189,nonparametric_bootstrap,0.7975,0.3353,1.1103,"1,2,3,4,5",2.42,0.9498,1,,Extended nonparametric bootstrap refits from original complete-domain rows.
strict_earliest_primary,strict_primary,ELSA,1,6104,5,-58676.83,0.9998,1.0,190,nonparametric_bootstrap,0.9997,0.045,0.072,"1,2,3,4,5",8.96,0.9998,1,,Extended nonparametric bootstrap refits from original complete-domain rows.
strict_earliest_primary,strict_primary,ELSA,1,6104,5,-58676.83,0.9998,1.0,191,nonparametric_bootstrap,0.2831,1.2552,2.2858,"1,2,3,5,4",5.91,0.8273,1,,Extended nonparametric bootstrap refits from original complete-domain rows.
strict_earliest_primary,strict_primary,ELSA,1,6104,5,-58676.83,0.9998,1.0,192,nonparametric_bootstrap,0.7936,0.5744,0.9497,"1,2,4,3,5",7.45,0.9818,1,,Extended nonparametric bootstrap refits from original complete-domain rows.
strict_earliest_primary,strict_primary,ELSA,1,6104,5,-58676.83,0.9998,1.0,193,nonparametric_bootstrap,0.7938,0.3781,1.0376,"1,2,3,4,5",1.72,0.9565,1,,Extended nonparametric bootstrap refits from original complete-domain rows.
strict_earliest_primary,strict_primary,ELSA,1,6104,5,-58676.83,0.9998,1.0,194,nonparametric_bootstrap,0.651,0.7213,1.6067,"1,2,4,3,5",7.62,0.9018,1,,Extended nonparametric bootstrap refits from original complete-domain rows.
strict_earliest_primary,strict_primary,ELSA,1,6104,5,-58676.83,0.9998,1.0,195,nonparametric_bootstrap,0.8715,0.8117,2.6098,"1,2,3,4,5",5.36,0.9996,1,,Extended nonparametric bootstrap refits from original complete-domain rows.
strict_earliest_primary,strict_primary,ELSA,1,6104,5,-58676.83,0.9998,1.0,196,nonparametric_bootstrap,0.8776,0.6452,2.5567,"1,2,3,4,5",1.88,0.9996,1,,Extended nonparametric bootstrap refits from original complete-domain rows.
strict_earliest_primary,strict_primary,ELSA,1,6104,5,-58676.83,0.9998,1.0,197,nonparametric_bootstrap,0.8714,0.7944,2.6046,"1,2,3,4,5",5.36,0.9997,1,,Extended nonparametric bootstrap refits from original complete-domain rows.
strict_earliest_primary,strict_primary,ELSA,1,6104,5,-58676.83,0.9998,1.0,198,nonparametric_bootstrap,0.7939,0.3689,1.0789,"1,2,3,4,5",1.75,0.9568,1,,Extended nonparametric bootstrap refits from original complete-domain rows.
strict_earliest_primary,strict_primary,ELSA,1,6104,5,-58676.83,0.9998,1.0,199,nonparametric_bootstrap,0.8742,0.7762,3.3413,"1,2,3,4,5",1.0,0.9989,1,,Extended nonparametric bootstrap refits from original complete-domain rows.
strict_earliest_primary,strict_primary,ELSA,1,6104,5,-58676.83,0.9998,1.0,200,nonparametric_bootstrap,0.3483,2.2135,7.1484,"1,3,2,5,4",0.03,0.9999,1,,Extended nonparametric bootstrap refits from original complete-domain rows.
strict_earliest_primary,strict_primary,HRS,5,10202,5,-59579.5,0.9554,0.9714,1,nonparametric_bootstrap,0.6634,0.8871,1.5087,"1,2,3,4,5",7.98,0.9771,1,,Extended nonparametric bootstrap refits from original complete-domain rows.
strict_earliest_primary,strict_primary,HRS,5,10202,5,-59579.5,0.9554,0.9714,2,nonparametric_bootstrap,0.4034,1.1454,2.1227,"1,3,2,5,4",0.0,0.9948,1,,Extended nonparametric bootstrap refits from original complete-domain rows.
strict_earliest_primary,strict_primary,HRS,5,10202,5,-59579.5,0.9554,0.9714,3,nonparametric_bootstrap,0.281,0.8507,1.63,"1,2,3,5,4",2.29,0.8849,1,,Extended nonparametric bootstrap refits from original complete-domain rows.
strict_earliest_primary,strict_primary,HRS,5,10202,5,-59579.5,0.9554,0.9714,4,nonparametric_bootstrap,1.0,0.0496,0.0783,"1,2,3,4,5",4.05,0.9995,1,,Extended nonparametric bootstrap refits from original complete-domain rows.
strict_earliest_primary,strict_primary,HRS,5,10202,5,-59579.5,0.9554,0.9714,5,nonparametric_bootstrap,0.2833,0.8203,1.4254,"1,2,3,4,5",2.81,0.8849,1,,Extended nonparametric bootstrap refits from original complete-domain rows.
strict_earliest_primary,strict_primary,HRS,5,10202,5,-59579.5,0.9554,0.9714,6,nonparametric_bootstrap,1.0,0.0492,0.1298,"1,2,3,4,5",4.05,0.9995,1,,Extended nonparametric bootstrap refits from original complete-domain rows.
strict_earliest_primary,strict_primary,HRS,5,10202,5,-59579.5,0.9554,0.9714,7,nonparametric_bootstrap,0.9216,0.3786,0.9125,"1,2,3,4,5",6.36,0.9496,1,,Extended nonparametric bootstrap refits from original complete-domain rows.
strict_earliest_primary,strict_primary,HRS,5,10202,5,-59579.5,0.9554,0.9714,8,nonparametric_bootstrap,0.2997,0.3332,0.6942,"1,2,3,4,5",4.05,0.8918,1,,Extended nonparametric bootstrap refits from original complete-domain rows.
strict_earliest_primary,strict_primary,HRS,5,10202,5,-59579.5,0.9554,0.9714,9,nonparametric_bootstrap,0.2813,0.8453,1.5535,"1,2,3,4,5",2.34,0.8859,1,,Extended nonparametric bootstrap refits from original complete-domain rows.
strict_earliest_primary,strict_primary,HRS,5,10202,5,-59579.5,0.9554,0.9714,10,nonparametric_bootstrap,0.2892,0.8142,1.5763,"1,2,3,4,5",2.18,0.8854,1,,Extended nonparametric bootstrap refits from original complete-domain rows.
strict_earliest_primary,strict_primary,HRS,5,10202,5,-59579.5,0.9554,0.9714,11,nonparametric_bootstrap,0.2799,0.8353,1.4126,"1,2,3,4,5",2.86,0.8788,1,,Extended nonparametric bootstrap refits from original complete-domain rows.
strict_earliest_primary,strict_primary,HRS,5,10202,5,-59579.5,0.9554,0.9714,12,nonparametric_bootstrap,0.2886,0.8485,1.9494,"1,2,3,4,5",1.26,0.8871,1,,Extended nonparametric bootstrap refits from original complete-domain rows.
strict_earliest_primary,strict_primary,HRS,5,10202,5,-59579.5,0.9554,0.9714,13,nonparametric_bootstrap,1.0,0.025,0.0394,"1,2,3,4,5",4.05,0.9995,1,,Extended nonparametric bootstrap refits from original complete-domain rows.
strict_earliest_primary,strict_primary,HRS,5,10202,5,-59579.5,0.9554,0.9714,14,nonparametric_bootstrap,0.4009,1.2093,2.2786,"1,3,2,5,4",0.01,0.9895,1,,Extended nonparametric bootstrap refits from original complete-domain rows.
strict_earliest_primary,strict_primary,HRS,5,10202,5,-59579.5,0.9554,0.9714,15,nonparametric_bootstrap,0.2823,0.8184,1.5911,"1,2,3,4,5",2.1,0.8854,1,,Extended nonparametric bootstrap refits from original complete-domain rows.
strict_earliest_primary,strict_primary,HRS,5,10202,5,-59579.5,0.9554,0.9714,16,nonparametric_bootstrap,0.2823,0.3733,0.9154,"1,2,3,4,5",4.05,0.9989,1,,Extended nonparametric bootstrap refits from original complete-domain rows.
strict_earliest_primary,strict_primary,HRS,5,10202,5,-59579.5,0.9554,0.9714,17,nonparametric_bootstrap,0.2822,0.8673,1.6679,"1,2,3,4,5",2.17,0.884,1,,Extended nonparametric bootstrap refits from original complete-domain rows.
strict_earliest_primary,strict_primary,HRS,5,10202,5,-59579.5,0.9554,0.9714,18,nonparametric_bootstrap,0.2687,0.8634,1.7012,"1,2,3,4,5",1.53,0.9918,1,,Extended nonparametric bootstrap refits from original complete-domain rows.
strict_earliest_primary,strict_primary,HRS,5,10202,5,-59579.5,0.9554,0.9714,19,nonparametric_bootstrap,1.0,0.0475,0.0887,"1,2,3,4,5",4.05,0.9995,1,,Extended nonparametric bootstrap refits from original complete-domain rows.
strict_earliest_primary,strict_primary,HRS,5,10202,5,-59579.5,0.9554,0.9714,20,nonparametric_bootstrap,0.2909,0.8811,2.3058,"1,2,3,5,4",0.11,0.8912,1,,Extended nonparametric bootstrap refits from original complete-domain rows.
strict_earliest_primary,strict_primary,HRS,5,10202,5,-59579.5,0.9554,0.9714,21,nonparametric_bootstrap,0.9932,0.2673,0.8667,"1,2,3,4,5",3.06,0.9871,1,,Extended nonparametric bootstrap refits from original complete-domain rows.
strict_earliest_primary,strict_primary,HRS,5,10202,5,-59579.5,0.9554,0.9714,22,nonparametric_bootstrap,1.0,0.0608,0.1289,"1,2,3,4,5",4.05,0.9995,1,,Extended nonparametric bootstrap refits from original complete-domain rows.
strict_earliest_primary,strict_primary,HRS,5,10202,5,-59579.5,0.9554,0.9714,23,nonparametric_bootstrap,0.9885,0.5996,2.16,"1,2,3,4,5",0.59,0.9959,1,,Extended nonparametric bootstrap refits from original complete-domain rows.
strict_earliest_primary,strict_primary,HRS,5,10202,5,-59579.5,0.9554,0.9714,24,nonparametric_bootstrap,1.0,0.055,0.137,"1,2,3,4,5",4.05,0.9995,1,,Extended nonparametric bootstrap refits from original complete-domain rows.
strict_earliest_primary,strict_primary,HRS,5,10202,5,-59579.5,0.9554,0.9714,25,nonparametric_bootstrap,0.4074,0.6485,2.063,"1,4,2,3,5",0.86,0.9926,1,,Extended nonparametric bootstrap refits from original complete-domain rows.
strict_earliest_primary,strict_primary,HRS,5,10202,5,-59579.5,0.9554,0.9714,26,nonparametric_bootstrap,0.9902,0.6203,2.2732,"1,2,3,5,4",0.12,0.9971,1,,Extended nonparametric bootstrap refits from original complete-domain rows.
strict_earliest_primary,strict_primary,HRS,5,10202,5,-59579.5,0.9554,0.9714,27,nonparametric_bootstrap,0.4039,0.4837,1.1645,"2,1,3,4,5",2.21,0.9999,1,,Extended nonparametric bootstrap refits from original complete-domain rows.
strict_earliest_primary,strict_primary,HRS,5,10202,5,-59579.5,0.9554,0.9714,28,nonparametric_bootstrap,0.9887,0.6162,2.1918,"1,2,3,5,4",0.51,0.9967,1,,Extended nonparametric bootstrap refits from original complete-domain rows.
strict_earliest_primary,strict_primary,HRS,5,10202,5,-59579.5,0.9554,0.9714,29,nonparametric_bootstrap,0.9907,0.7263,2.7688,"1,2,3,5,4",0.01,0.9989,1,,Extended nonparametric bootstrap refits from original complete-domain rows.
strict_earliest_primary,strict_primary,HRS,5,10202,5,-59579.5,0.9554,0.9714,30,nonparametric_bootstrap,0.9905,0.2557,0.5952,"1,2,3,4,5",0.01,0.9917,1,,Extended nonparametric bootstrap refits from original complete-domain rows.
strict_earliest_primary,strict_primary,HRS,5,10202,5,-59579.5,0.9554,0.9714,31,nonparametric_bootstrap,1.0,0.0608,0.1258,"1,2,3,4,5",4.05,0.9995,1,,Extended nonparametric bootstrap refits from original complete-domain rows.
strict_earliest_primary,strict_primary,HRS,5,10202,5,-59579.5,0.9554,0.9714,32,nonparametric_bootstrap,0.2998,0.3144,0.7025,"1,2,3,4,5",4.05,0.8929,1,,Extended nonparametric bootstrap refits from original complete-domain rows.
strict_earliest_primary,strict_primary,HRS,5,10202,5,-59579.5,0.9554,0.9714,33,nonparametric_bootstrap,0.9862,0.6158,1.9701,"1,2,3,5,4",1.28,0.995,1,,Extended nonparametric bootstrap refits from original complete-domain rows.
strict_earliest_primary,strict_primary,HRS,5,10202,5,-59579.5,0.9554,0.9714,34,nonparametric_bootstrap,0.2851,0.8292,1.7683,"1,2,3,5,4",1.33,0.8883,1,,Extended nonparametric bootstrap refits from original complete-domain rows.
strict_earliest_primary,strict_primary,HRS,5,10202,5,-59579.5,0.9554,0.9714,35,nonparametric_bootstrap,1.0,0.0525,0.1072,"1,2,3,4,5",4.05,0.9995,1,,Extended nonparametric bootstrap refits from original complete-domain rows.
strict_earliest_primary,strict_primary,HRS,5,10202,5,-59579.5,0.9554,0.9714,36,nonparametric_bootstrap,0.2839,0.8627,1.5975,"1,2,3,4,5",2.16,0.8854,1,,Extended nonparametric bootstrap refits from original complete-domain rows.
strict_earliest_primary,strict_primary,HRS,5,10202,5,-59579.5,0.9554,0.9714,37,nonparametric_bootstrap,1.0,0.0551,0.1416,"1,2,3,4,5",4.05,0.9995,1,,Extended nonparametric bootstrap refits from original complete-domain rows.
strict_earliest_primary,strict_primary,HRS,5,10202,5,-59579.5,0.9554,0.9714,38,nonparametric_bootstrap,0.9907,0.6403,2.4375,"1,2,3,5,4",0.0,0.9992,1,,Extended nonparametric bootstrap refits from original complete-domain rows.
strict_earliest_primary,strict_primary,HRS,5,10202,5,-59579.5,0.9554,0.9714,39,nonparametric_bootstrap,0.9881,0.6286,2.1776,"1,2,3,5,4",0.7,0.9966,1,,Extended nonparametric bootstrap refits from original complete-domain rows.
strict_earliest_primary,strict_primary,HRS,5,10202,5,-59579.5,0.9554,0.9714,40,nonparametric_bootstrap,0.3942,1.0965,1.9782,"1,2,3,4,5",0.74,0.9778,1,,Extended nonparametric bootstrap refits from original complete-domain rows.
strict_earliest_primary,strict_primary,HRS,5,10202,5,-59579.5,0.9554,0.9714,41,nonparametric_bootstrap,0.9905,0.6757,2.5996,"1,2,3,5,4",0.01,0.9992,1,,Extended nonparametric bootstrap refits from original complete-domain rows.
strict_earliest_primary,strict_primary,HRS,5,10202,5,-59579.5,0.9554,0.9714,42,nonparametric_bootstrap,0.2817,0.9636,2.5439,"1,2,3,4,5",0.23,0.8923,1,,Extended nonparametric bootstrap refits from original complete-domain rows.
strict_earliest_primary,strict_primary,HRS,5,10202,5,-59579.5,0.9554,0.9714,43,nonparametric_bootstrap,0.3985,1.1297,2.1516,"1,3,2,4,5",0.74,0.9872,1,,Extended nonparametric bootstrap refits from original complete-domain rows.
strict_earliest_primary,strict_primary,HRS,5,10202,5,-59579.5,0.9554,0.9714,44,nonparametric_bootstrap,0.2888,0.8822,2.2288,"1,2,3,5,4",0.4,0.8898,1,,Extended nonparametric bootstrap refits from original complete-domain rows.
strict_earliest_primary,strict_primary,HRS,5,10202,5,-59579.5,0.9554,0.9714,45,nonparametric_bootstrap,0.2829,0.8105,1.4017,"1,2,3,4,5",2.93,0.8822,1,,Extended nonparametric bootstrap refits from original complete-domain rows.
strict_earliest_primary,strict_primary,HRS,5,10202,5,-59579.5,0.9554,0.9714,46,nonparametric_bootstrap,0.9846,0.5292,1.4877,"1,2,3,4,5",1.89,0.9858,1,,Extended nonparametric bootstrap refits from original complete-domain rows.
strict_earliest_primary,strict_primary,HRS,5,10202,5,-59579.5,0.9554,0.9714,47,nonparametric_bootstrap,1.0,0.0547,0.0946,"1,2,3,4,5",4.05,0.9995,1,,Extended nonparametric bootstrap refits from original complete-domain rows.
strict_earliest_primary,strict_primary,HRS,5,10202,5,-59579.5,0.9554,0.9714,48,nonparametric_bootstrap,0.2842,0.8373,1.5196,"1,2,3,4,5",2.28,0.8827,1,,Extended nonparametric bootstrap refits from original complete-domain rows.
strict_earliest_primary,strict_primary,HRS,5,10202,5,-59579.5,0.9554,0.9714,49,nonparametric_bootstrap,0.9901,0.6635,2.4942,"1,2,3,4,5",0.15,0.9984,1,,Extended nonparametric bootstrap refits from original complete-domain rows.
strict_earliest_primary,strict_primary,HRS,5,10202,5,-59579.5,0.9554,0.9714,50,nonparametric_bootstrap,0.9885,0.6101,2.1499,"1,2,3,4,5",0.58,0.9963,1,,Extended nonparametric bootstrap refits from original complete-domain rows.
strict_earliest_primary,strict_primary,HRS,5,10202,5,-59579.5,0.9554,0.9714,51,nonparametric_bootstrap,0.4103,0.8319,3.3307,"2,1,3,4,5",0.18,0.9999,1,,Extended nonparametric bootstrap refits from original complete-domain rows.
strict_earliest_primary,strict_primary,HRS,5,10202,5,-59579.5,0.9554,0.9714,52,nonparametric_bootstrap,1.0,0.0732,0.1517,"1,2,3,4,5",4.05,0.9995,1,,Extended nonparametric bootstrap refits from original complete-domain rows.
strict_earliest_primary,strict_primary,HRS,5,10202,5,-59579.5,0.9554,0.9714,53,nonparametric_bootstrap,0.9904,0.5936,2.1793,"1,2,3,4,5",0.08,0.9967,1,,Extended nonparametric bootstrap refits from original complete-domain rows.
strict_earliest_primary,strict_primary,HRS,5,10202,5,-59579.5,0.9554,0.9714,54,nonparametric_bootstrap,0.2988,0.3094,0.7082,"1,2,3,4,5",4.05,0.8943,1,,Extended nonparametric bootstrap refits from original complete-domain rows.
strict_earliest_primary,strict_primary,HRS,5,10202,5,-59579.5,0.9554,0.9714,55,nonparametric_bootstrap,0.9275,0.3576,0.9092,"1,2,3,4,5",6.36,0.9579,1,,Extended nonparametric bootstrap refits from original complete-domain rows.
strict_earliest_primary,strict_primary,HRS,5,10202,5,-59579.5,0.9554,0.9714,56,nonparametric_bootstrap,0.2718,0.9075,2.1342,"1,2,3,4,5",0.7,0.9957,1,,Extended nonparametric bootstrap refits from original complete-domain rows.
strict_earliest_primary,strict_primary,HRS,5,10202,5,-59579.5,0.9554,0.9714,57,nonparametric_bootstrap,0.4017,0.6241,1.0014,"1,2,4,3,5",3.7,0.9835,1,,Extended nonparametric bootstrap refits from original complete-domain rows.
strict_earliest_primary,strict_primary,HRS,5,10202,5,-59579.5,0.9554,0.9714,58,nonparametric_bootstrap,0.397,1.0816,2.3631,"2,1,3,5,4",0.19,0.9989,1,,Extended nonparametric bootstrap refits from original complete-domain rows.
strict_earliest_primary,strict_primary,HRS,5,10202,5,-59579.5,0.9554,0.9714,59,nonparametric_bootstrap,0.2862,0.8477,2.0108,"1,2,3,5,4",1.12,0.8865,1,,Extended nonparametric bootstrap refits from original complete-domain rows.
strict_earliest_primary,strict_primary,HRS,5,10202,5,-59579.5,0.9554,0.9714,60,nonparametric_bootstrap,0.284,0.8015,1.4789,"1,2,3,4,5",2.25,0.887,1,,Extended nonparametric bootstrap refits from original complete-domain rows.
strict_earliest_primary,strict_primary,HRS,5,10202,5,-59579.5,0.9554,0.9714,61,nonparametric_bootstrap,0.9905,0.6434,2.4022,"1,2,3,4,5",0.06,0.9983,1,,Extended nonparametric bootstrap refits from original complete-domain rows.
strict_earliest_primary,strict_primary,HRS,5,10202,5,-59579.5,0.9554,0.9714,62,nonparametric_bootstrap,0.9905,0.9404,3.8462,"1,2,3,5,4",0.02,0.9993,1,,Extended nonparametric bootstrap refits from original complete-domain rows.
strict_earliest_primary,strict_primary,HRS,5,10202,5,-59579.5,0.9554,0.9714,63,nonparametric_bootstrap,0.2821,0.7805,1.3625,"1,2,3,4,5",2.7,0.8816,1,,Extended nonparametric bootstrap refits from original complete-domain rows.
strict_earliest_primary,strict_primary,HRS,5,10202,5,-59579.5,0.9554,0.9714,64,nonparametric_bootstrap,0.2959,0.86,2.0354,"1,2,3,4,5",1.17,0.8852,1,,Extended nonparametric bootstrap refits from original complete-domain rows.
strict_earliest_primary,strict_primary,HRS,5,10202,5,-59579.5,0.9554,0.9714,65,nonparametric_bootstrap,0.988,0.6035,2.1109,"1,2,3,4,5",0.72,0.9959,1,,Extended nonparametric bootstrap refits from original complete-domain rows.
strict_earliest_primary,strict_primary,HRS,5,10202,5,-59579.5,0.9554,0.9714,66,nonparametric_bootstrap,0.9907,0.6255,2.3341,"1,2,3,5,4",0.0,0.999,1,,Extended nonparametric bootstrap refits from original complete-domain rows.
strict_earliest_primary,strict_primary,HRS,5,10202,5,-59579.5,0.9554,0.9714,67,nonparametric_bootstrap,1.0,0.0437,0.1029,"1,2,3,4,5",4.05,0.9995,1,,Extended nonparametric bootstrap refits from original complete-domain rows.
strict_earliest_primary,strict_primary,HRS,5,10202,5,-59579.5,0.9554,0.9714,68,nonparametric_bootstrap,0.7609,0.6455,1.9732,"1,2,4,3,5",9.24,0.9997,1,,Extended nonparametric bootstrap refits from original complete-domain rows.
strict_earliest_primary,strict_primary,HRS,5,10202,5,-59579.5,0.9554,0.9714,69,nonparametric_bootstrap,0.4085,0.6781,2.2456,"1,4,2,3,5",0.52,0.9927,1,,Extended nonparametric bootstrap refits from original complete-domain rows.
strict_earliest_primary,strict_primary,HRS,5,10202,5,-59579.5,0.9554,0.9714,70,nonparametric_bootstrap,0.3964,1.0319,2.1503,"2,1,3,5,4",0.41,0.9969,1,,Extended nonparametric bootstrap refits from original complete-domain rows.
strict_earliest_primary,strict_primary,HRS,5,10202,5,-59579.5,0.9554,0.9714,71,nonparametric_bootstrap,0.2841,0.8425,1.7413,"1,2,3,5,4",1.73,0.8854,1,,Extended nonparametric bootstrap refits from original complete-domain rows.
strict_earliest_primary,strict_primary,HRS,5,10202,5,-59579.5,0.9554,0.9714,72,nonparametric_bootstrap,0.9906,0.6435,2.3961,"1,2,3,4,5",0.02,0.9985,1,,Extended nonparametric bootstrap refits from original complete-domain rows.
strict_earliest_primary,strict_primary,HRS,5,10202,5,-59579.5,0.9554,0.9714,73,nonparametric_bootstrap,0.9905,0.662,2.5715,"1,2,3,4,5",0.05,0.9988,1,,Extended nonparametric bootstrap refits from original complete-domain rows.
strict_earliest_primary,strict_primary,HRS,5,10202,5,-59579.5,0.9554,0.9714,74,nonparametric_bootstrap,0.2858,0.8514,1.8605,"1,2,3,4,5",1.35,0.8879,1,,Extended nonparametric bootstrap refits from original complete-domain rows.
strict_earliest_primary,strict_primary,HRS,5,10202,5,-59579.5,0.9554,0.9714,75,nonparametric_bootstrap,0.4089,0.6407,2.0373,"1,3,2,4,5",0.42,0.9972,1,,Extended nonparametric bootstrap refits from original complete-domain rows.
strict_earliest_primary,strict_primary,HRS,5,10202,5,-59579.5,0.9554,0.9714,76,nonparametric_bootstrap,0.4014,0.5402,1.1782,"2,1,3,4,5",4.05,0.9844,1,,Extended nonparametric bootstrap refits from original complete-domain rows.
strict_earliest_primary,strict_primary,HRS,5,10202,5,-59579.5,0.9554,0.9714,77,nonparametric_bootstrap,0.9878,0.5791,2.0733,"1,2,3,5,4",0.78,0.9952,1,,Extended nonparametric bootstrap refits from original complete-domain rows.
strict_earliest_primary,strict_primary,HRS,5,10202,5,-59579.5,0.9554,0.9714,78,nonparametric_bootstrap,0.9927,0.3623,1.0472,"1,2,4,3,5",1.65,0.9943,1,,Extended nonparametric bootstrap refits from original complete-domain rows.
strict_earliest_primary,strict_primary,HRS,5,10202,5,-59579.5,0.9554,0.9714,79,nonparametric_bootstrap,0.9898,0.6759,2.5941,"1,2,3,4,5",0.22,0.9984,1,,Extended nonparametric bootstrap refits from original complete-domain rows.
strict_earliest_primary,strict_primary,HRS,5,10202,5,-59579.5,0.9554,0.9714,80,nonparametric_bootstrap,1.0,0.064,0.148,"1,2,3,4,5",4.05,0.9995,1,,Extended nonparametric bootstrap refits from original complete-domain rows.
strict_earliest_primary,strict_primary,HRS,5,10202,5,-59579.5,0.9554,0.9714,81,nonparametric_bootstrap,0.9823,0.5464,1.2383,"1,2,3,4,5",3.11,0.9884,1,,Extended nonparametric bootstrap refits from original complete-domain rows.
strict_earliest_primary,strict_primary,HRS,5,10202,5,-59579.5,0.9554,0.9714,82,nonparametric_bootstrap,0.2977,0.3455,0.7447,"1,2,3,4,5",4.05,0.8871,1,,Extended nonparametric bootstrap refits from original complete-domain rows.
strict_earliest_primary,strict_primary,HRS,5,10202,5,-59579.5,0.9554,0.9714,83,nonparametric_bootstrap,0.9895,0.6182,2.2659,"1,2,3,4,5",0.29,0.9969,1,,Extended nonparametric bootstrap refits from original complete-domain rows.
strict_earliest_primary,strict_primary,HRS,5,10202,5,-59579.5,0.9554,0.9714,84,nonparametric_bootstrap,1.0,0.0396,0.0575,"1,2,3,4,5",4.05,0.9995,1,,Extended nonparametric bootstrap refits from original complete-domain rows.
strict_earliest_primary,strict_primary,HRS,5,10202,5,-59579.5,0.9554,0.9714,85,nonparametric_bootstrap,0.2869,0.8638,2.0323,"1,2,3,5,4",1.12,0.8882,1,,Extended nonparametric bootstrap refits from original complete-domain rows.
strict_earliest_primary,strict_primary,HRS,5,10202,5,-59579.5,0.9554,0.9714,86,nonparametric_bootstrap,0.988,0.6118,2.1227,"1,2,3,4,5",0.72,0.9964,1,,Extended nonparametric bootstrap refits from original complete-domain rows.
strict_earliest_primary,strict_primary,HRS,5,10202,5,-59579.5,0.9554,0.9714,87,nonparametric_bootstrap,0.4101,0.7632,2.7129,"1,3,2,4,5",0.11,0.9998,1,,Extended nonparametric bootstrap refits from original complete-domain rows.
strict_earliest_primary,strict_primary,HRS,5,10202,5,-59579.5,0.9554,0.9714,88,nonparametric_bootstrap,0.4094,0.6139,1.8548,"2,1,3,4,5",0.81,0.9999,1,,Extended nonparametric bootstrap refits from original complete-domain rows.
strict_earliest_primary,strict_primary,HRS,5,10202,5,-59579.5,0.9554,0.9714,89,nonparametric_bootstrap,0.2698,0.9274,1.9839,"1,2,3,5,4",1.21,0.9937,1,,Extended nonparametric bootstrap refits from original complete-domain rows.
strict_earliest_primary,strict_primary,HRS,5,10202,5,-59579.5,0.9554,0.9714,90,nonparametric_bootstrap,0.2709,0.9035,2.0376,"1,2,3,4,5",0.93,0.9946,1,,Extended nonparametric bootstrap refits from original complete-domain rows.
strict_earliest_primary,strict_primary,HRS,5,10202,5,-59579.5,0.9554,0.9714,91,nonparametric_bootstrap,0.9884,0.6047,2.1422,"1,2,3,5,4",0.6,0.9957,1,,Extended nonparametric bootstrap refits from original complete-domain rows.
strict_earliest_primary,strict_primary,HRS,5,10202,5,-59579.5,0.9554,0.9714,92,nonparametric_bootstrap,0.7609,0.6479,1.9491,"1,2,4,3,5",9.24,0.9997,1,,Extended nonparametric bootstrap refits from original complete-domain rows.
strict_earliest_primary,strict_primary,HRS,5,10202,5,-59579.5,0.9554,0.9714,93,nonparametric_bootstrap,0.9905,1.0722,4.5151,"1,2,3,5,4",0.01,0.9994,1,,Extended nonparametric bootstrap refits from original complete-domain rows.
strict_earliest_primary,strict_primary,HRS,5,10202,5,-59579.5,0.9554,0.9714,94,nonparametric_bootstrap,0.4101,0.9098,3.4486,"1,5,2,3,4",0.09,0.9993,1,,Extended nonparametric bootstrap refits from original complete-domain rows.
strict_earliest_primary,strict_primary,HRS,5,10202,5,-59579.5,0.9554,0.9714,95,nonparametric_bootstrap,1.0,0.0623,0.1439,"1,2,3,4,5",4.05,0.9995,1,,Extended nonparametric bootstrap refits from original complete-domain rows.
strict_earliest_primary,strict_primary,HRS,5,10202,5,-59579.5,0.9554,0.9714,96,nonparametric_bootstrap,1.0,0.0628,0.1239,"1,2,3,4,5",4.05,0.9995,1,,Extended nonparametric bootstrap refits from original complete-domain rows.
strict_earliest_primary,strict_primary,HRS,5,10202,5,-59579.5,0.9554,0.9714,97,nonparametric_bootstrap,0.2818,0.8334,1.6108,"1,2,3,4,5",2.09,0.8856,1,,Extended nonparametric bootstrap refits from original complete-domain rows.
strict_earliest_primary,strict_primary,HRS,5,10202,5,-59579.5,0.9554,0.9714,98,nonparametric_bootstrap,0.9906,0.6054,2.2301,"1,2,3,5,4",0.03,0.9979,1,,Extended nonparametric bootstrap refits from original complete-domain rows.
strict_earliest_primary,strict_primary,HRS,5,10202,5,-59579.5,0.9554,0.9714,99,nonparametric_bootstrap,0.4094,0.7479,2.5089,"1,4,2,3,5",0.27,0.9953,1,,Extended nonparametric bootstrap refits from original complete-domain rows.
strict_earliest_primary,strict_primary,HRS,5,10202,5,-59579.5,0.9554,0.9714,100,nonparametric_bootstrap,1.0,0.0563,0.0942,"1,2,3,4,5",4.05,0.9995,1,,Extended nonparametric bootstrap refits from original complete-domain rows.
strict_earliest_primary,strict_primary,HRS,5,10202,5,-59579.5,0.9554,0.9714,101,nonparametric_bootstrap,1.0,0.0578,0.1071,"1,2,3,4,5",4.05,0.9995,1,,Extended nonparametric bootstrap refits from original complete-domain rows.
strict_earliest_primary,strict_primary,HRS,5,10202,5,-59579.5,0.9554,0.9714,102,nonparametric_bootstrap,0.9889,0.6001,2.181,"1,2,3,4,5",0.48,0.9966,1,,Extended nonparametric bootstrap refits from original complete-domain rows.
strict_earliest_primary,strict_primary,HRS,5,10202,5,-59579.5,0.9554,0.9714,103,nonparametric_bootstrap,0.9429,0.3454,0.7974,"1,2,3,4,5",5.72,0.9573,1,,Extended nonparametric bootstrap refits from original complete-domain rows.
strict_earliest_primary,strict_primary,HRS,5,10202,5,-59579.5,0.9554,0.9714,104,nonparametric_bootstrap,0.4055,0.6841,2.047,"1,4,2,3,5",1.52,0.985,1,,Extended nonparametric bootstrap refits from original complete-domain rows.
strict_earliest_primary,strict_primary,HRS,5,10202,5,-59579.5,0.9554,0.9714,105,nonparametric_bootstrap,0.9907,0.5978,2.1311,"1,2,3,5,4",0.0,0.9975,1,,Extended nonparametric bootstrap refits from original complete-domain rows.
strict_earliest_primary,strict_primary,HRS,5,10202,5,-59579.5,0.9554,0.9714,106,nonparametric_bootstrap,0.3944,1.1248,2.1961,"2,1,3,5,4",0.39,0.9821,1,,Extended nonparametric bootstrap refits from original complete-domain rows.
strict_earliest_primary,strict_primary,HRS,5,10202,5,-59579.5,0.9554,0.9714,107,nonparametric_bootstrap,0.2833,0.8308,1.7463,"1,2,3,4,5",1.76,0.8845,1,,Extended nonparametric bootstrap refits from original complete-domain rows.
strict_earliest_primary,strict_primary,HRS,5,10202,5,-59579.5,0.9554,0.9714,108,nonparametric_bootstrap,1.0,0.0517,0.0993,"1,2,3,4,5",4.05,0.9995,1,,Extended nonparametric bootstrap refits from original complete-domain rows.
strict_earliest_primary,strict_primary,HRS,5,10202,5,-59579.5,0.9554,0.9714,109,nonparametric_bootstrap,0.2808,0.8119,1.3873,"1,2,3,4,5",2.69,0.8826,1,,Extended nonparametric bootstrap refits from original complete-domain rows.
strict_earliest_primary,strict_primary,HRS,5,10202,5,-59579.5,0.9554,0.9714,110,nonparametric_bootstrap,0.9925,0.3621,1.0046,"1,2,3,5,4",1.5,0.9935,1,,Extended nonparametric bootstrap refits from original complete-domain rows.
strict_earliest_primary,strict_primary,HRS,5,10202,5,-59579.5,0.9554,0.9714,111,nonparametric_bootstrap,0.2828,0.8214,1.646,"1,2,3,4,5",2.08,0.8842,1,,Extended nonparametric bootstrap refits from original complete-domain rows.
strict_earliest_primary,strict_primary,HRS,5,10202,5,-59579.5,0.9554,0.9714,112,nonparametric_bootstrap,1.0,0.0631,0.1424,"1,2,3,4,5",4.05,0.9995,1,,Extended nonparametric bootstrap refits from original complete-domain rows.
strict_earliest_primary,strict_primary,HRS,5,10202,5,-59579.5,0.9554,0.9714,113,nonparametric_bootstrap,0.4001,1.0853,2.2586,"1,3,2,5,4",0.01,0.9869,1,,Extended nonparametric bootstrap refits from original complete-domain rows.
strict_earliest_primary,strict_primary,HRS,5,10202,5,-59579.5,0.9554,0.9714,114,nonparametric_bootstrap,0.2975,0.3468,0.7458,"1,2,3,4,5",4.05,0.8894,1,,Extended nonparametric bootstrap refits from original complete-domain rows.
strict_earliest_primary,strict_primary,HRS,5,10202,5,-59579.5,0.9554,0.9714,115,nonparametric_bootstrap,0.7609,0.654,1.969,"1,2,4,3,5",9.24,0.9997,1,,Extended nonparametric bootstrap refits from original complete-domain rows.
strict_earliest_primary,strict_primary,HRS,5,10202,5,-59579.5,0.9554,0.9714,116,nonparametric_bootstrap,0.9841,0.5752,1.8048,"1,3,4,2,5",2.08,0.9881,1,,Extended nonparametric bootstrap refits from original complete-domain rows.
strict_earliest_primary,strict_primary,HRS,5,10202,5,-59579.5,0.9554,0.9714,117,nonparametric_bootstrap,0.988,0.5963,2.1803,"1,2,3,5,4",0.72,0.9961,1,,Extended nonparametric bootstrap refits from original complete-domain rows.
strict_earliest_primary,strict_primary,HRS,5,10202,5,-59579.5,0.9554,0.9714,118,nonparametric_bootstrap,1.0,0.0563,0.116,"1,2,3,4,5",4.05,0.9995,1,,Extended nonparametric bootstrap refits from original complete-domain rows.
strict_earliest_primary,strict_primary,HRS,5,10202,5,-59579.5,0.9554,0.9714,119,nonparametric_bootstrap,1.0,0.0452,0.0937,"1,2,3,4,5",4.05,0.9995,1,,Extended nonparametric bootstrap refits from original complete-domain rows.
strict_earliest_primary,strict_primary,HRS,5,10202,5,-59579.5,0.9554,0.9714,120,nonparametric_bootstrap,0.3975,1.0916,2.383,"2,1,3,5,4",0.01,0.9987,1,,Extended nonparametric bootstrap refits from original complete-domain rows.
strict_earliest_primary,strict_primary,HRS,5,10202,5,-59579.5,0.9554,0.9714,121,nonparametric_bootstrap,0.989,0.592,2.162,"1,2,3,4,5",0.45,0.9974,1,,Extended nonparametric bootstrap refits from original complete-domain rows.
strict_earliest_primary,strict_primary,HRS,5,10202,5,-59579.5,0.9554,0.9714,122,nonparametric_bootstrap,0.9872,0.5908,1.8863,"1,2,3,4,5",0.97,0.9943,1,,Extended nonparametric bootstrap refits from original complete-domain rows.
strict_earliest_primary,strict_primary,HRS,5,10202,5,-59579.5,0.9554,0.9714,123,nonparametric_bootstrap,0.27,0.9146,1.9904,"1,2,3,4,5",1.15,0.9942,1,,Extended nonparametric bootstrap refits from original complete-domain rows.
strict_earliest_primary,strict_primary,HRS,5,10202,5,-59579.5,0.9554,0.9714,124,nonparametric_bootstrap,0.9905,0.4794,1.5609,"1,2,3,5,4",0.01,0.9985,1,,Extended nonparametric bootstrap refits from original complete-domain rows.
strict_earliest_primary,strict_primary,HRS,5,10202,5,-59579.5,0.9554,0.9714,125,nonparametric_bootstrap,0.9898,0.6572,2.5338,"1,2,3,4,5",0.23,0.998,1,,Extended nonparametric bootstrap refits from original complete-domain rows.
strict_earliest_primary,strict_primary,HRS,5,10202,5,-59579.5,0.9554,0.9714,126,nonparametric_bootstrap,0.4068,0.5728,1.6714,"1,3,2,4,5",1.06,0.9879,1,,Extended nonparametric bootstrap refits from original complete-domain rows.
strict_earliest_primary,strict_primary,HRS,5,10202,5,-59579.5,0.9554,0.9714,127,nonparametric_bootstrap,0.2889,0.8643,1.9386,"1,2,3,5,4",1.3,0.8857,1,,Extended nonparametric bootstrap refits from original complete-domain rows.
strict_earliest_primary,strict_primary,HRS,5,10202,5,-59579.5,0.9554,0.9714,128,nonparametric_bootstrap,0.4099,0.6652,2.215,"1,4,2,3,5",0.14,0.9966,1,,Extended nonparametric bootstrap refits from original complete-domain rows.
strict_earliest_primary,strict_primary,HRS,5,10202,5,-59579.5,0.9554,0.9714,129,nonparametric_bootstrap,0.3031,0.3077,0.6866,"1,2,3,4,5",4.05,0.89,1,,Extended nonparametric bootstrap refits from original complete-domain rows.
strict_earliest_primary,strict_primary,HRS,5,10202,5,-59579.5,0.9554,0.9714,130,nonparametric_bootstrap,0.9905,0.5232,1.8654,"1,2,3,5,4",0.01,0.9987,1,,Extended nonparametric bootstrap refits from original complete-domain rows.
strict_earliest_primary,strict_primary,HRS,5,10202,5,-59579.5,0.9554,0.9714,131,nonparametric_bootstrap,0.4092,0.6233,1.8812,"1,3,2,4,5",0.33,0.9956,1,,Extended nonparametric bootstrap refits from original complete-domain rows.
strict_earliest_primary,strict_primary,HRS,5,10202,5,-59579.5,0.9554,0.9714,132,nonparametric_bootstrap,0.9883,0.6081,2.1615,"1,2,3,5,4",0.65,0.9965,1,,Extended nonparametric bootstrap refits from original complete-domain rows.
strict_earliest_primary,strict_primary,HRS,5,10202,5,-59579.5,0.9554,0.9714,133,nonparametric_bootstrap,0.2885,0.8835,2.1747,"1,2,3,5,4",0.25,0.8926,1,,Extended nonparametric bootstrap refits from original complete-domain rows.
strict_earliest_primary,strict_primary,HRS,5,10202,5,-59579.5,0.9554,0.9714,134,nonparametric_bootstrap,0.2766,0.88,1.8649,"1,2,3,5,4",1.33,0.8876,1,,Extended nonparametric bootstrap refits from original complete-domain rows.
strict_earliest_primary,strict_primary,HRS,5,10202,5,-59579.5,0.9554,0.9714,135,nonparametric_bootstrap,0.2662,0.8776,1.5212,"1,2,3,4,5",2.41,0.9922,1,,Extended nonparametric bootstrap refits from original complete-domain rows.
strict_earliest_primary,strict_primary,HRS,5,10202,5,-59579.5,0.9554,0.9714,136,nonparametric_bootstrap,0.2823,0.3505,0.9223,"1,2,3,4,5",4.05,0.9989,1,,Extended nonparametric bootstrap refits from original complete-domain rows.
strict_earliest_primary,strict_primary,HRS,5,10202,5,-59579.5,0.9554,0.9714,137,nonparametric_bootstrap,0.2852,0.8368,1.8442,"1,2,3,4,5",1.27,0.887,1,,Extended nonparametric bootstrap refits from original complete-domain rows.
strict_earliest_primary,strict_primary,HRS,5,10202,5,-59579.5,0.9554,0.9714,138,nonparametric_bootstrap,0.9946,0.2173,0.5698,"1,2,3,4,5",3.99,0.9856,1,,Extended nonparametric bootstrap refits from original complete-domain rows.
strict_earliest_primary,strict_primary,HRS,5,10202,5,-59579.5,0.9554,0.9714,139,nonparametric_bootstrap,0.9881,0.6377,2.1563,"1,2,3,5,4",0.69,0.9965,1,,Extended nonparametric bootstrap refits from original complete-domain rows.
strict_earliest_primary,strict_primary,HRS,5,10202,5,-59579.5,0.9554,0.9714,140,nonparametric_bootstrap,1.0,0.0457,0.0896,"1,2,3,4,5",4.05,0.9994,1,,Extended nonparametric bootstrap refits from original complete-domain rows.
strict_earliest_primary,strict_primary,HRS,5,10202,5,-59579.5,0.9554,0.9714,141,nonparametric_bootstrap,0.2823,0.3727,0.9289,"1,2,3,4,5",4.05,0.9988,1,,Extended nonparametric bootstrap refits from original complete-domain rows.
strict_earliest_primary,strict_primary,HRS,5,10202,5,-59579.5,0.9554,0.9714,142,nonparametric_bootstrap,0.4056,0.6689,1.8628,"1,4,2,3,5",1.47,0.9854,1,,Extended nonparametric bootstrap refits from original complete-domain rows.
strict_earliest_primary,strict_primary,HRS,5,10202,5,-59579.5,0.9554,0.9714,143,nonparametric_bootstrap,0.9891,0.6074,2.2387,"1,2,3,4,5",0.41,0.9973,1,,Extended nonparametric bootstrap refits from original complete-domain rows.
strict_earliest_primary,strict_primary,HRS,5,10202,5,-59579.5,0.9554,0.9714,144,nonparametric_bootstrap,0.2867,0.8543,1.9059,"1,2,3,4,5",1.1,0.8867,1,,Extended nonparametric bootstrap refits from original complete-domain rows.
strict_earliest_primary,strict_primary,HRS,5,10202,5,-59579.5,0.9554,0.9714,145,nonparametric_bootstrap,0.4103,0.8409,3.3302,"2,1,3,4,5",0.18,0.9999,1,,Extended nonparametric bootstrap refits from original complete-domain rows.
strict_earliest_primary,strict_primary,HRS,5,10202,5,-59579.5,0.9554,0.9714,146,nonparametric_bootstrap,0.9837,0.5425,1.4697,"1,2,3,4,5",2.3,0.9856,1,,Extended nonparametric bootstrap refits from original complete-domain rows.
strict_earliest_primary,strict_primary,HRS,5,10202,5,-59579.5,0.9554,0.9714,147,nonparametric_bootstrap,0.9464,0.3585,0.8521,"1,2,3,4,5",5.46,0.9574,1,,Extended nonparametric bootstrap refits from original complete-domain rows.
strict_earliest_primary,strict_primary,HRS,5,10202,5,-59579.5,0.9554,0.9714,148,nonparametric_bootstrap,0.2981,0.3221,0.7109,"1,2,3,4,5",4.05,0.8923,1,,Extended nonparametric bootstrap refits from original complete-domain rows.
strict_earliest_primary,strict_primary,HRS,5,10202,5,-59579.5,0.9554,0.9714,149,nonparametric_bootstrap,1.0,0.0392,0.0704,"1,2,3,4,5",4.05,0.9995,1,,Extended nonparametric bootstrap refits from original complete-domain rows.
strict_earliest_primary,strict_primary,HRS,5,10202,5,-59579.5,0.9554,0.9714,150,nonparametric_bootstrap,0.4039,0.4619,1.1217,"2,1,3,4,5",2.21,0.9999,1,,Extended nonparametric bootstrap refits from original complete-domain rows.
strict_earliest_primary,strict_primary,HRS,5,10202,5,-59579.5,0.9554,0.9714,151,nonparametric_bootstrap,1.0,0.0647,0.1038,"1,2,3,4,5",4.05,0.9995,1,,Extended nonparametric bootstrap refits from original complete-domain rows.
strict_earliest_primary,strict_primary,HRS,5,10202,5,-59579.5,0.9554,0.9714,152,nonparametric_bootstrap,1.0,0.058,0.139,"1,2,3,4,5",4.05,0.9995,1,,Extended nonparametric bootstrap refits from original complete-domain rows.
strict_earliest_primary,strict_primary,HRS,5,10202,5,-59579.5,0.9554,0.9714,153,nonparametric_bootstrap,0.9902,0.6072,2.2395,"1,2,3,4,5",0.14,0.9975,1,,Extended nonparametric bootstrap refits from original complete-domain rows.
strict_earliest_primary,strict_primary,HRS,5,10202,5,-59579.5,0.9554,0.9714,154,nonparametric_bootstrap,1.0,0.0432,0.0722,"1,2,3,4,5",4.05,0.9995,1,,Extended nonparametric bootstrap refits from original complete-domain rows.
strict_earliest_primary,strict_primary,HRS,5,10202,5,-59579.5,0.9554,0.9714,155,nonparametric_bootstrap,0.2997,0.3088,0.7069,"1,2,3,4,5",4.05,0.8904,1,,Extended nonparametric bootstrap refits from original complete-domain rows.
strict_earliest_primary,strict_primary,HRS,5,10202,5,-59579.5,0.9554,0.9714,156,nonparametric_bootstrap,0.7609,0.6445,1.9362,"1,2,4,3,5",9.24,0.9997,1,,Extended nonparametric bootstrap refits from original complete-domain rows.
strict_earliest_primary,strict_primary,HRS,5,10202,5,-59579.5,0.9554,0.9714,157,nonparametric_bootstrap,0.283,0.8522,1.7448,"1,2,3,5,4",1.87,0.8855,1,,Extended nonparametric bootstrap refits from original complete-domain rows.
strict_earliest_primary,strict_primary,HRS,5,10202,5,-59579.5,0.9554,0.9714,158,nonparametric_bootstrap,0.9906,0.6737,2.6139,"1,2,3,5,4",0.02,0.9984,1,,Extended nonparametric bootstrap refits from original complete-domain rows.
strict_earliest_primary,strict_primary,HRS,5,10202,5,-59579.5,0.9554,0.9714,159,nonparametric_bootstrap,1.0,0.0661,0.1498,"1,2,3,4,5",4.05,0.9995,1,,Extended nonparametric bootstrap refits from original complete-domain rows.
strict_earliest_primary,strict_primary,HRS,5,10202,5,-59579.5,0.9554,0.9714,160,nonparametric_bootstrap,0.9905,0.5893,2.16,"1,2,3,5,4",0.04,0.9971,1,,Extended nonparametric bootstrap refits from original complete-domain rows.
strict_earliest_primary,strict_primary,HRS,5,10202,5,-59579.5,0.9554,0.9714,161,nonparametric_bootstrap,0.4083,0.7116,2.3558,"1,4,2,3,5",0.6,0.9921,1,,Extended nonparametric bootstrap refits from original complete-domain rows.
strict_earliest_primary,strict_primary,HRS,5,10202,5,-59579.5,0.9554,0.9714,162,nonparametric_bootstrap,0.3,0.3003,0.693,"1,2,3,4,5",4.05,0.8915,1,,Extended nonparametric bootstrap refits from original complete-domain rows.
strict_earliest_primary,strict_primary,HRS,5,10202,5,-59579.5,0.9554,0.9714,163,nonparametric_bootstrap,1.0,0.0509,0.1038,"1,2,3,4,5",4.05,0.9995,1,,Extended nonparametric bootstrap refits from original complete-domain rows.
strict_earliest_primary,strict_primary,HRS,5,10202,5,-59579.5,0.9554,0.9714,164,nonparametric_bootstrap,0.9888,0.5988,2.0859,"1,2,3,5,4",0.5,0.9993,1,,Extended nonparametric bootstrap refits from original complete-domain rows.
strict_earliest_primary,strict_primary,HRS,5,10202,5,-59579.5,0.9554,0.9714,165,nonparametric_bootstrap,1.0,0.0331,0.0528,"1,2,3,4,5",4.05,0.9995,1,,Extended nonparametric bootstrap refits from original complete-domain rows.
strict_earliest_primary,strict_primary,HRS,5,10202,5,-59579.5,0.9554,0.9714,166,nonparametric_bootstrap,0.9907,0.6351,2.3671,"1,2,3,4,5",0.0,0.9993,1,,Extended nonparametric bootstrap refits from original complete-domain rows.
strict_earliest_primary,strict_primary,HRS,5,10202,5,-59579.5,0.9554,0.9714,167,nonparametric_bootstrap,0.9881,0.6088,2.1255,"1,2,3,5,4",0.69,0.9957,1,,Extended nonparametric bootstrap refits from original complete-domain rows.
strict_earliest_primary,strict_primary,HRS,5,10202,5,-59579.5,0.9554,0.9714,168,nonparametric_bootstrap,0.409,0.6866,2.2067,"1,4,2,3,5",0.4,0.9954,1,,Extended nonparametric bootstrap refits from original complete-domain rows.
strict_earliest_primary,strict_primary,HRS,5,10202,5,-59579.5,0.9554,0.9714,169,nonparametric_bootstrap,0.2875,0.8624,1.9247,"1,2,3,5,4",1.29,0.8871,1,,Extended nonparametric bootstrap refits from original complete-domain rows.
strict_earliest_primary,strict_primary,HRS,5,10202,5,-59579.5,0.9554,0.9714,170,nonparametric_bootstrap,0.9882,0.6024,2.14,"1,2,3,4,5",0.68,0.9964,1,,Extended nonparametric bootstrap refits from original complete-domain rows.
strict_earliest_primary,strict_primary,HRS,5,10202,5,-59579.5,0.9554,0.9714,171,nonparametric_bootstrap,0.2695,0.8952,1.9345,"1,2,3,5,4",1.29,0.9941,1,,Extended nonparametric bootstrap refits from original complete-domain rows.
strict_earliest_primary,strict_primary,HRS,5,10202,5,-59579.5,0.9554,0.9714,172,nonparametric_bootstrap,0.2876,0.8639,1.9122,"1,2,3,4,5",1.19,0.8877,1,,Extended nonparametric bootstrap refits from original complete-domain rows.
strict_earliest_primary,strict_primary,HRS,5,10202,5,-59579.5,0.9554,0.9714,173,nonparametric_bootstrap,0.2987,0.3242,0.6988,"1,2,3,4,5",4.05,0.8935,1,,Extended nonparametric bootstrap refits from original complete-domain rows.
strict_earliest_primary,strict_primary,HRS,5,10202,5,-59579.5,0.9554,0.9714,174,nonparametric_bootstrap,0.28,0.8076,1.2307,"1,2,3,4,5",3.25,0.8795,1,,Extended nonparametric bootstrap refits from original complete-domain rows.
strict_earliest_primary,strict_primary,HRS,5,10202,5,-59579.5,0.9554,0.9714,175,nonparametric_bootstrap,0.3959,1.1504,2.7946,"2,1,3,5,4",0.04,0.984,1,,Extended nonparametric bootstrap refits from original complete-domain rows.
strict_earliest_primary,strict_primary,HRS,5,10202,5,-59579.5,0.9554,0.9714,176,nonparametric_bootstrap,0.9882,0.6022,2.2159,"1,2,3,5,4",0.66,0.9959,1,,Extended nonparametric bootstrap refits from original complete-domain rows.
strict_earliest_primary,strict_primary,HRS,5,10202,5,-59579.5,0.9554,0.9714,177,nonparametric_bootstrap,0.4056,0.6961,2.1311,"1,4,2,3,5",1.47,0.9893,1,,Extended nonparametric bootstrap refits from original complete-domain rows.
strict_earliest_primary,strict_primary,HRS,5,10202,5,-59579.5,0.9554,0.9714,178,nonparametric_bootstrap,1.0,0.042,0.0813,"1,2,3,4,5",4.05,0.9995,1,,Extended nonparametric bootstrap refits from original complete-domain rows.
strict_earliest_primary,strict_primary,HRS,5,10202,5,-59579.5,0.9554,0.9714,179,nonparametric_bootstrap,0.4073,0.6985,2.2335,"1,4,2,3,5",0.89,0.9892,1,,Extended nonparametric bootstrap refits from original complete-domain rows.
strict_earliest_primary,strict_primary,HRS,5,10202,5,-59579.5,0.9554,0.9714,180,nonparametric_bootstrap,0.4015,0.6366,1.5036,"1,3,2,4,5",4.05,0.9805,1,,Extended nonparametric bootstrap refits from original complete-domain rows.
strict_earliest_primary,strict_primary,HRS,5,10202,5,-59579.5,0.9554,0.9714,181,nonparametric_bootstrap,0.9901,0.6611,2.4635,"1,2,3,4,5",0.16,0.998,1,,Extended nonparametric bootstrap refits from original complete-domain rows.
strict_earliest_primary,strict_primary,HRS,5,10202,5,-59579.5,0.9554,0.9714,182,nonparametric_bootstrap,0.2853,0.8154,1.632,"1,2,3,4,5",2.08,0.8872,1,,Extended nonparametric bootstrap refits from original complete-domain rows.
strict_earliest_primary,strict_primary,HRS,5,10202,5,-59579.5,0.9554,0.9714,183,nonparametric_bootstrap,1.0,0.0478,0.1016,"1,2,3,4,5",4.05,0.9995,1,,Extended nonparametric bootstrap refits from original complete-domain rows.
strict_earliest_primary,strict_primary,HRS,5,10202,5,-59579.5,0.9554,0.9714,184,nonparametric_bootstrap,0.298,0.3191,0.6975,"1,2,3,4,5",4.05,0.893,1,,Extended nonparametric bootstrap refits from original complete-domain rows.
strict_earliest_primary,strict_primary,HRS,5,10202,5,-59579.5,0.9554,0.9714,185,nonparametric_bootstrap,0.2844,0.8605,1.9041,"1,2,3,5,4",1.3,0.8887,1,,Extended nonparametric bootstrap refits from original complete-domain rows.
strict_earliest_primary,strict_primary,HRS,5,10202,5,-59579.5,0.9554,0.9714,186,nonparametric_bootstrap,0.2854,0.8473,1.6267,"1,2,3,4,5",2.08,0.8872,1,,Extended nonparametric bootstrap refits from original complete-domain rows.
strict_earliest_primary,strict_primary,HRS,5,10202,5,-59579.5,0.9554,0.9714,187,nonparametric_bootstrap,0.9393,0.3554,0.8218,"1,2,3,4,5",5.89,0.9561,1,,Extended nonparametric bootstrap refits from original complete-domain rows.
strict_earliest_primary,strict_primary,HRS,5,10202,5,-59579.5,0.9554,0.9714,188,nonparametric_bootstrap,0.9903,0.6476,2.4264,"1,2,3,5,4",0.1,0.9981,1,,Extended nonparametric bootstrap refits from original complete-domain rows.
strict_earliest_primary,strict_primary,HRS,5,10202,5,-59579.5,0.9554,0.9714,189,nonparametric_bootstrap,0.3985,1.4597,3.491,"1,3,2,5,4",0.01,0.9856,1,,Extended nonparametric bootstrap refits from original complete-domain rows.
strict_earliest_primary,strict_primary,HRS,5,10202,5,-59579.5,0.9554,0.9714,190,nonparametric_bootstrap,1.0,0.04,0.0748,"1,2,3,4,5",4.05,0.9995,1,,Extended nonparametric bootstrap refits from original complete-domain rows.
strict_earliest_primary,strict_primary,HRS,5,10202,5,-59579.5,0.9554,0.9714,191,nonparametric_bootstrap,0.2671,0.8669,1.6779,"1,2,3,4,5",2.07,0.9922,1,,Extended nonparametric bootstrap refits from original complete-domain rows.
strict_earliest_primary,strict_primary,HRS,5,10202,5,-59579.5,0.9554,0.9714,192,nonparametric_bootstrap,1.0,0.0725,0.1157,"1,2,3,4,5",4.05,0.9995,1,,Extended nonparametric bootstrap refits from original complete-domain rows.
strict_earliest_primary,strict_primary,HRS,5,10202,5,-59579.5,0.9554,0.9714,193,nonparametric_bootstrap,1.0,0.0513,0.1395,"1,2,3,4,5",4.05,0.9995,1,,Extended nonparametric bootstrap refits from original complete-domain rows.
strict_earliest_primary,strict_primary,HRS,5,10202,5,-59579.5,0.9554,0.9714,194,nonparametric_bootstrap,0.4036,1.2926,2.4121,"1,3,2,5,4",0.0,0.9963,1,,Extended nonparametric bootstrap refits from original complete-domain rows.
strict_earliest_primary,strict_primary,HRS,5,10202,5,-59579.5,0.9554,0.9714,195,nonparametric_bootstrap,0.2825,0.8272,1.5217,"1,2,3,4,5",2.5,0.8857,1,,Extended nonparametric bootstrap refits from original complete-domain rows.
strict_earliest_primary,strict_primary,HRS,5,10202,5,-59579.5,0.9554,0.9714,196,nonparametric_bootstrap,1.0,0.079,0.1769,"1,2,3,4,5",4.05,0.9995,1,,Extended nonparametric bootstrap refits from original complete-domain rows.
strict_earliest_primary,strict_primary,HRS,5,10202,5,-59579.5,0.9554,0.9714,197,nonparametric_bootstrap,0.9479,0.3478,0.7532,"1,2,3,4,5",5.45,0.9555,1,,Extended nonparametric bootstrap refits from original complete-domain rows.
strict_earliest_primary,strict_primary,HRS,5,10202,5,-59579.5,0.9554,0.9714,198,nonparametric_bootstrap,0.9905,0.9326,3.9331,"1,2,3,5,4",0.01,0.9994,1,,Extended nonparametric bootstrap refits from original complete-domain rows.
strict_earliest_primary,strict_primary,HRS,5,10202,5,-59579.5,0.9554,0.9714,199,nonparametric_bootstrap,0.2695,0.8914,1.8441,"1,2,3,4,5",1.29,0.9932,1,,Extended nonparametric bootstrap refits from original complete-domain rows.
strict_earliest_primary,strict_primary,HRS,5,10202,5,-59579.5,0.9554,0.9714,200,nonparametric_bootstrap,0.9898,0.6307,2.3538,"1,2,3,4,5",0.22,0.9971,1,,Extended nonparametric bootstrap refits from original complete-domain rows.
strict_earliest_primary,strict_primary,LASI,all_rows_no_wave,27433,3,31419.95,0.8367,0.9187,1,nonparametric_bootstrap,0.9781,0.1096,0.1539,"1,2,3",20.47,0.8661,1,,Extended nonparametric bootstrap refits from original complete-domain rows.
strict_earliest_primary,strict_primary,LASI,all_rows_no_wave,27433,3,31419.95,0.8367,0.9187,2,nonparametric_bootstrap,0.9781,0.1038,0.1299,"1,2,3",20.47,0.8647,1,,Extended nonparametric bootstrap refits from original complete-domain rows.
strict_earliest_primary,strict_primary,LASI,all_rows_no_wave,27433,3,31419.95,0.8367,0.9187,3,nonparametric_bootstrap,0.9781,0.1282,0.1453,"1,2,3",20.47,0.8581,1,,Extended nonparametric bootstrap refits from original complete-domain rows.
strict_earliest_primary,strict_primary,LASI,all_rows_no_wave,27433,3,31419.95,0.8367,0.9187,4,nonparametric_bootstrap,0.9764,0.1745,0.2565,"2,1,3",20.52,0.8376,1,,Extended nonparametric bootstrap refits from original complete-domain rows.
strict_earliest_primary,strict_primary,LASI,all_rows_no_wave,27433,3,31419.95,0.8367,0.9187,5,nonparametric_bootstrap,0.9781,0.111,0.1313,"1,2,3",20.47,0.8627,1,,Extended nonparametric bootstrap refits from original complete-domain rows.
strict_earliest_primary,strict_primary,LASI,all_rows_no_wave,27433,3,31419.95,0.8367,0.9187,6,nonparametric_bootstrap,0.9695,0.1921,0.2706,"2,1,3",20.74,0.8366,1,,Extended nonparametric bootstrap refits from original complete-domain rows.
strict_earliest_primary,strict_primary,LASI,all_rows_no_wave,27433,3,31419.95,0.8367,0.9187,7,nonparametric_bootstrap,0.9974,0.022,0.027,"1,2,3",20.47,0.8818,1,,Extended nonparametric bootstrap refits from original complete-domain rows.
strict_earliest_primary,strict_primary,LASI,all_rows_no_wave,27433,3,31419.95,0.8367,0.9187,8,nonparametric_bootstrap,0.991,0.0368,0.0514,"1,2,3",20.47,0.8795,1,,Extended nonparametric bootstrap refits from original complete-domain rows.
strict_earliest_primary,strict_primary,LASI,all_rows_no_wave,27433,3,31419.95,0.8367,0.9187,9,nonparametric_bootstrap,0.9781,0.1099,0.1372,"1,2,3",20.47,0.8618,1,,Extended nonparametric bootstrap refits from original complete-domain rows.
strict_earliest_primary,strict_primary,LASI,all_rows_no_wave,27433,3,31419.95,0.8367,0.9187,10,nonparametric_bootstrap,0.9974,0.0211,0.0233,"1,2,3",20.47,0.8904,1,,Extended nonparametric bootstrap refits from original complete-domain rows.
strict_earliest_primary,strict_primary,LASI,all_rows_no_wave,27433,3,31419.95,0.8367,0.9187,11,nonparametric_bootstrap,0.9718,0.1764,0.268,"2,1,3",20.67,0.8378,1,,Extended nonparametric bootstrap refits from original complete-domain rows.
strict_earliest_primary,strict_primary,LASI,all_rows_no_wave,27433,3,31419.95,0.8367,0.9187,12,nonparametric_bootstrap,0.9781,0.1218,0.1402,"1,2,3",20.47,0.8555,1,,Extended nonparametric bootstrap refits from original complete-domain rows.
strict_earliest_primary,strict_primary,LASI,all_rows_no_wave,27433,3,31419.95,0.8367,0.9187,13,nonparametric_bootstrap,0.9781,0.1706,0.2566,"2,1,3",20.47,0.8347,1,,Extended nonparametric bootstrap refits from original complete-domain rows.
strict_earliest_primary,strict_primary,LASI,all_rows_no_wave,27433,3,31419.95,0.8367,0.9187,14,nonparametric_bootstrap,0.9781,0.1246,0.1398,"1,2,3",20.47,0.8568,1,,Extended nonparametric bootstrap refits from original complete-domain rows.
strict_earliest_primary,strict_primary,LASI,all_rows_no_wave,27433,3,31419.95,0.8367,0.9187,15,nonparametric_bootstrap,0.997,0.0179,0.0205,"1,2,3",20.47,0.8908,1,,Extended nonparametric bootstrap refits from original complete-domain rows.
strict_earliest_primary,strict_primary,LASI,all_rows_no_wave,27433,3,31419.95,0.8367,0.9187,16,nonparametric_bootstrap,0.9781,0.1311,0.1386,"1,2,3",20.47,0.8531,1,,Extended nonparametric bootstrap refits from original complete-domain rows.
strict_earliest_primary,strict_primary,LASI,all_rows_no_wave,27433,3,31419.95,0.8367,0.9187,17,nonparametric_bootstrap,0.9931,0.0374,0.0473,"1,2,3",20.47,0.9032,1,,Extended nonparametric bootstrap refits from original complete-domain rows.
strict_earliest_primary,strict_primary,LASI,all_rows_no_wave,27433,3,31419.95,0.8367,0.9187,18,nonparametric_bootstrap,0.9932,0.0329,0.0383,"1,2,3",20.47,0.8985,1,,Extended nonparametric bootstrap refits from original complete-domain rows.
strict_earliest_primary,strict_primary,LASI,all_rows_no_wave,27433,3,31419.95,0.8367,0.9187,19,nonparametric_bootstrap,0.9781,0.1254,0.142,"1,2,3",20.47,0.8595,1,,Extended nonparametric bootstrap refits from original complete-domain rows.
strict_earliest_primary,strict_primary,LASI,all_rows_no_wave,27433,3,31419.95,0.8367,0.9187,20,nonparametric_bootstrap,0.9781,0.1299,0.1431,"1,2,3",20.47,0.8508,1,,Extended nonparametric bootstrap refits from original complete-domain rows.
strict_earliest_primary,strict_primary,LASI,all_rows_no_wave,27433,3,31419.95,0.8367,0.9187,21,nonparametric_bootstrap,0.9721,0.1733,0.2592,"2,1,3",20.66,0.8392,1,,Extended nonparametric bootstrap refits from original complete-domain rows.
strict_earliest_primary,strict_primary,LASI,all_rows_no_wave,27433,3,31419.95,0.8367,0.9187,22,nonparametric_bootstrap,0.9996,0.0217,0.0319,"1,2,3",20.47,0.8886,1,,Extended nonparametric bootstrap refits from original complete-domain rows.
strict_earliest_primary,strict_primary,LASI,all_rows_no_wave,27433,3,31419.95,0.8367,0.9187,23,nonparametric_bootstrap,0.9996,0.0205,0.0323,"1,2,3",20.47,0.8921,1,,Extended nonparametric bootstrap refits from original complete-domain rows.
strict_earliest_primary,strict_primary,LASI,all_rows_no_wave,27433,3,31419.95,0.8367,0.9187,24,nonparametric_bootstrap,0.9987,0.0281,0.0462,"1,2,3",20.47,0.8919,1,,Extended nonparametric bootstrap refits from original complete-domain rows.
strict_earliest_primary,strict_primary,LASI,all_rows_no_wave,27433,3,31419.95,0.8367,0.9187,25,nonparametric_bootstrap,0.978,0.1671,0.2313,"2,1,3",20.47,0.8377,1,,Extended nonparametric bootstrap refits from original complete-domain rows.
strict_earliest_primary,strict_primary,LASI,all_rows_no_wave,27433,3,31419.95,0.8367,0.9187,26,nonparametric_bootstrap,0.9969,0.0271,0.0558,"1,2,3",20.47,0.8868,1,,Extended nonparametric bootstrap refits from original complete-domain rows.
strict_earliest_primary,strict_primary,LASI,all_rows_no_wave,27433,3,31419.95,0.8367,0.9187,27,nonparametric_bootstrap,0.9948,0.0319,0.0344,"1,2,3",20.47,0.8973,1,,Extended nonparametric bootstrap refits from original complete-domain rows.
strict_earliest_primary,strict_primary,LASI,all_rows_no_wave,27433,3,31419.95,0.8367,0.9187,28,nonparametric_bootstrap,0.9743,0.1739,0.2457,"2,1,3",20.59,0.8397,1,,Extended nonparametric bootstrap refits from original complete-domain rows.
strict_earliest_primary,strict_primary,LASI,all_rows_no_wave,27433,3,31419.95,0.8367,0.9187,29,nonparametric_bootstrap,0.9948,0.0214,0.0299,"1,2,3",20.47,0.8957,1,,Extended nonparametric bootstrap refits from original complete-domain rows.
strict_earliest_primary,strict_primary,LASI,all_rows_no_wave,27433,3,31419.95,0.8367,0.9187,30,nonparametric_bootstrap,0.9963,0.03,0.0373,"1,2,3",20.47,0.895,1,,Extended nonparametric bootstrap refits from original complete-domain rows.
strict_earliest_primary,strict_primary,LASI,all_rows_no_wave,27433,3,31419.95,0.8367,0.9187,31,nonparametric_bootstrap,0.9781,0.1181,0.1311,"1,2,3",20.47,0.8588,1,,Extended nonparametric bootstrap refits from original complete-domain rows.
strict_earliest_primary,strict_primary,LASI,all_rows_no_wave,27433,3,31419.95,0.8367,0.9187,32,nonparametric_bootstrap,0.9698,0.1734,0.2631,"2,1,3",20.73,0.8357,1,,Extended nonparametric bootstrap refits from original complete-domain rows.
strict_earliest_primary,strict_primary,LASI,all_rows_no_wave,27433,3,31419.95,0.8367,0.9187,33,nonparametric_bootstrap,0.9977,0.0201,0.0319,"1,2,3",20.47,0.886,1,,Extended nonparametric bootstrap refits from original complete-domain rows.
strict_earliest_primary,strict_primary,LASI,all_rows_no_wave,27433,3,31419.95,0.8367,0.9187,34,nonparametric_bootstrap,0.9768,0.1661,0.2511,"2,1,3",20.51,0.8382,1,,Extended nonparametric bootstrap refits from original complete-domain rows.
strict_earliest_primary,strict_primary,LASI,all_rows_no_wave,27433,3,31419.95,0.8367,0.9187,35,nonparametric_bootstrap,0.9957,0.0293,0.039,"1,2,3",20.47,0.8956,1,,Extended nonparametric bootstrap refits from original complete-domain rows.
strict_earliest_primary,strict_primary,LASI,all_rows_no_wave,27433,3,31419.95,0.8367,0.9187,36,nonparametric_bootstrap,0.997,0.0246,0.0362,"1,2,3",20.47,0.8832,1,,Extended nonparametric bootstrap refits from original complete-domain rows.
strict_earliest_primary,strict_primary,LASI,all_rows_no_wave,27433,3,31419.95,0.8367,0.9187,37,nonparametric_bootstrap,0.9929,0.0432,0.0729,"1,2,3",20.47,0.8965,1,,Extended nonparametric bootstrap refits from original complete-domain rows.
strict_earliest_primary,strict_primary,LASI,all_rows_no_wave,27433,3,31419.95,0.8367,0.9187,38,nonparametric_bootstrap,0.9781,0.1073,0.1304,"1,2,3",20.47,0.8581,1,,Extended nonparametric bootstrap refits from original complete-domain rows.
strict_earliest_primary,strict_primary,LASI,all_rows_no_wave,27433,3,31419.95,0.8367,0.9187,39,nonparametric_bootstrap,0.9781,0.133,0.142,"1,2,3",20.47,0.8537,1,,Extended nonparametric bootstrap refits from original complete-domain rows.
strict_earliest_primary,strict_primary,LASI,all_rows_no_wave,27433,3,31419.95,0.8367,0.9187,40,nonparametric_bootstrap,0.9781,0.1152,0.1409,"1,2,3",20.47,0.8625,1,,Extended nonparametric bootstrap refits from original complete-domain rows.
strict_earliest_primary,strict_primary,LASI,all_rows_no_wave,27433,3,31419.95,0.8367,0.9187,41,nonparametric_bootstrap,0.9981,0.0176,0.0239,"1,2,3",20.47,0.8889,1,,Extended nonparametric bootstrap refits from original complete-domain rows.
strict_earliest_primary,strict_primary,LASI,all_rows_no_wave,27433,3,31419.95,0.8367,0.9187,42,nonparametric_bootstrap,0.9781,0.1176,0.131,"1,2,3",20.47,0.8591,1,,Extended nonparametric bootstrap refits from original complete-domain rows.
strict_earliest_primary,strict_primary,LASI,all_rows_no_wave,27433,3,31419.95,0.8367,0.9187,43,nonparametric_bootstrap,0.9968,0.0254,0.0393,"1,2,3",20.47,0.8959,1,,Extended nonparametric bootstrap refits from original complete-domain rows.
strict_earliest_primary,strict_primary,LASI,all_rows_no_wave,27433,3,31419.95,0.8367,0.9187,44,nonparametric_bootstrap,0.9967,0.0208,0.032,"1,2,3",20.47,0.8929,1,,Extended nonparametric bootstrap refits from original complete-domain rows.
strict_earliest_primary,strict_primary,LASI,all_rows_no_wave,27433,3,31419.95,0.8367,0.9187,45,nonparametric_bootstrap,0.9777,0.1628,0.2453,"2,1,3",20.48,0.84,1,,Extended nonparametric bootstrap refits from original complete-domain rows.
strict_earliest_primary,strict_primary,LASI,all_rows_no_wave,27433,3,31419.95,0.8367,0.9187,46,nonparametric_bootstrap,0.9968,0.0192,0.026,"1,2,3",20.47,0.893,1,,Extended nonparametric bootstrap refits from original complete-domain rows.
strict_earliest_primary,strict_primary,LASI,all_rows_no_wave,27433,3,31419.95,0.8367,0.9187,47,nonparametric_bootstrap,0.9999,0.0184,0.024,"1,2,3",20.47,0.8884,1,,Extended nonparametric bootstrap refits from original complete-domain rows.
strict_earliest_primary,strict_primary,LASI,all_rows_no_wave,27433,3,31419.95,0.8367,0.9187,48,nonparametric_bootstrap,0.9963,0.0217,0.0333,"1,2,3",20.47,0.8964,1,,Extended nonparametric bootstrap refits from original complete-domain rows.
strict_earliest_primary,strict_primary,LASI,all_rows_no_wave,27433,3,31419.95,0.8367,0.9187,49,nonparametric_bootstrap,0.9973,0.0157,0.0225,"1,2,3",20.47,0.8855,1,,Extended nonparametric bootstrap refits from original complete-domain rows.
strict_earliest_primary,strict_primary,LASI,all_rows_no_wave,27433,3,31419.95,0.8367,0.9187,50,nonparametric_bootstrap,0.9781,0.106,0.1286,"1,2,3",20.47,0.8617,1,,Extended nonparametric bootstrap refits from original complete-domain rows.
strict_earliest_primary,strict_primary,LASI,all_rows_no_wave,27433,3,31419.95,0.8367,0.9187,51,nonparametric_bootstrap,0.9993,0.0109,0.0156,"1,2,3",20.47,0.8899,1,,Extended nonparametric bootstrap refits from original complete-domain rows.
strict_earliest_primary,strict_primary,LASI,all_rows_no_wave,27433,3,31419.95,0.8367,0.9187,52,nonparametric_bootstrap,0.9721,0.1624,0.2514,"2,1,3",20.66,0.8381,1,,Extended nonparametric bootstrap refits from original complete-domain rows.
strict_earliest_primary,strict_primary,LASI,all_rows_no_wave,27433,3,31419.95,0.8367,0.9187,53,nonparametric_bootstrap,0.993,0.0414,0.0627,"1,2,3",20.47,0.8982,1,,Extended nonparametric bootstrap refits from original complete-domain rows.
strict_earliest_primary,strict_primary,LASI,all_rows_no_wave,27433,3,31419.95,0.8367,0.9187,54,nonparametric_bootstrap,0.9781,0.1052,0.1239,"1,2,3",20.47,0.8604,1,,Extended nonparametric bootstrap refits from original complete-domain rows.
strict_earliest_primary,strict_primary,LASI,all_rows_no_wave,27433,3,31419.95,0.8367,0.9187,55,nonparametric_bootstrap,0.9963,0.0198,0.0285,"1,2,3",20.47,0.8928,1,,Extended nonparametric bootstrap refits from original complete-domain rows.
strict_earliest_primary,strict_primary,LASI,all_rows_no_wave,27433,3,31419.95,0.8367,0.9187,56,nonparametric_bootstrap,0.9934,0.0371,0.0433,"1,2,3",20.47,0.9026,1,,Extended nonparametric bootstrap refits from original complete-domain rows.
strict_earliest_primary,strict_primary,LASI,all_rows_no_wave,27433,3,31419.95,0.8367,0.9187,57,nonparametric_bootstrap,0.9963,0.0271,0.0374,"1,2,3",20.47,0.8964,1,,Extended nonparametric bootstrap refits from original complete-domain rows.
strict_earliest_primary,strict_primary,LASI,all_rows_no_wave,27433,3,31419.95,0.8367,0.9187,58,nonparametric_bootstrap,0.9939,0.0384,0.0522,"1,2,3",20.47,0.8999,1,,Extended nonparametric bootstrap refits from original complete-domain rows.
strict_earliest_primary,strict_primary,LASI,all_rows_no_wave,27433,3,31419.95,0.8367,0.9187,59,nonparametric_bootstrap,0.9781,0.1573,0.2177,"2,1,3",20.47,0.8405,1,,Extended nonparametric bootstrap refits from original complete-domain rows.
strict_earliest_primary,strict_primary,LASI,all_rows_no_wave,27433,3,31419.95,0.8367,0.9187,60,nonparametric_bootstrap,0.9765,0.1689,0.2507,"2,1,3",20.52,0.8381,1,,Extended nonparametric bootstrap refits from original complete-domain rows.
strict_earliest_primary,strict_primary,LASI,all_rows_no_wave,27433,3,31419.95,0.8367,0.9187,61,nonparametric_bootstrap,0.999,0.0234,0.0287,"1,2,3",20.47,0.8897,1,,Extended nonparametric bootstrap refits from original complete-domain rows.
strict_earliest_primary,strict_primary,LASI,all_rows_no_wave,27433,3,31419.95,0.8367,0.9187,62,nonparametric_bootstrap,0.9971,0.0239,0.033,"1,2,3",20.47,0.8856,1,,Extended nonparametric bootstrap refits from original complete-domain rows.
strict_earliest_primary,strict_primary,LASI,all_rows_no_wave,27433,3,31419.95,0.8367,0.9187,63,nonparametric_bootstrap,0.9949,0.0349,0.0496,"1,2,3",20.47,0.8783,1,,Extended nonparametric bootstrap refits from original complete-domain rows.
strict_earliest_primary,strict_primary,LASI,all_rows_no_wave,27433,3,31419.95,0.8367,0.9187,64,nonparametric_bootstrap,0.9963,0.0314,0.0452,"1,2,3",20.47,0.8948,1,,Extended nonparametric bootstrap refits from original complete-domain rows.
strict_earliest_primary,strict_primary,LASI,all_rows_no_wave,27433,3,31419.95,0.8367,0.9187,65,nonparametric_bootstrap,0.9698,0.1851,0.2716,"2,1,3",20.73,0.8374,1,,Extended nonparametric bootstrap refits from original complete-domain rows.
strict_earliest_primary,strict_primary,LASI,all_rows_no_wave,27433,3,31419.95,0.8367,0.9187,66,nonparametric_bootstrap,0.9937,0.039,0.0535,"1,2,3",20.47,0.9004,1,,Extended nonparametric bootstrap refits from original complete-domain rows.
strict_earliest_primary,strict_primary,LASI,all_rows_no_wave,27433,3,31419.95,0.8367,0.9187,67,nonparametric_bootstrap,0.9979,0.0227,0.0346,"1,2,3",20.47,0.8919,1,,Extended nonparametric bootstrap refits from original complete-domain rows.
strict_earliest_primary,strict_primary,LASI,all_rows_no_wave,27433,3,31419.95,0.8367,0.9187,68,nonparametric_bootstrap,0.9963,0.022,0.0246,"1,2,3",20.47,0.8907,1,,Extended nonparametric bootstrap refits from original complete-domain rows.
strict_earliest_primary,strict_primary,LASI,all_rows_no_wave,27433,3,31419.95,0.8367,0.9187,69,nonparametric_bootstrap,0.9781,0.1099,0.1172,"1,2,3",20.47,0.8616,1,,Extended nonparametric bootstrap refits from original complete-domain rows.
strict_earliest_primary,strict_primary,LASI,all_rows_no_wave,27433,3,31419.95,0.8367,0.9187,70,nonparametric_bootstrap,0.9781,0.1169,0.1297,"1,2,3",20.47,0.8612,1,,Extended nonparametric bootstrap refits from original complete-domain rows.
strict_earliest_primary,strict_primary,LASI,all_rows_no_wave,27433,3,31419.95,0.8367,0.9187,71,nonparametric_bootstrap,0.9781,0.1222,0.1411,"1,2,3",20.47,0.8614,1,,Extended nonparametric bootstrap refits from original complete-domain rows.
strict_earliest_primary,strict_primary,LASI,all_rows_no_wave,27433,3,31419.95,0.8367,0.9187,72,nonparametric_bootstrap,0.9781,0.1128,0.1178,"1,2,3",20.47,0.8591,1,,Extended nonparametric bootstrap refits from original complete-domain rows.
strict_earliest_primary,strict_primary,LASI,all_rows_no_wave,27433,3,31419.95,0.8367,0.9187,73,nonparametric_bootstrap,0.9994,0.0179,0.0264,"1,2,3",20.47,0.8921,1,,Extended nonparametric bootstrap refits from original complete-domain rows.
strict_earliest_primary,strict_primary,LASI,all_rows_no_wave,27433,3,31419.95,0.8367,0.9187,74,nonparametric_bootstrap,0.9932,0.0358,0.044,"1,2,3",20.47,0.9049,1,,Extended nonparametric bootstrap refits from original complete-domain rows.
strict_earliest_primary,strict_primary,LASI,all_rows_no_wave,27433,3,31419.95,0.8367,0.9187,75,nonparametric_bootstrap,0.9781,0.1131,0.1332,"1,2,3",20.47,0.8613,1,,Extended nonparametric bootstrap refits from original complete-domain rows.
strict_earliest_primary,strict_primary,LASI,all_rows_no_wave,27433,3,31419.95,0.8367,0.9187,76,nonparametric_bootstrap,0.989,0.0463,0.08,"1,2,3",20.47,0.8834,1,,Extended nonparametric bootstrap refits from original complete-domain rows.
strict_earliest_primary,strict_primary,LASI,all_rows_no_wave,27433,3,31419.95,0.8367,0.9187,77,nonparametric_bootstrap,0.9735,0.1696,0.255,"2,1,3",20.61,0.8396,1,,Extended nonparametric bootstrap refits from original complete-domain rows.
strict_earliest_primary,strict_primary,LASI,all_rows_no_wave,27433,3,31419.95,0.8367,0.9187,78,nonparametric_bootstrap,0.9781,0.0996,0.1173,"1,2,3",20.47,0.8646,1,,Extended nonparametric bootstrap refits from original complete-domain rows.
strict_earliest_primary,strict_primary,LASI,all_rows_no_wave,27433,3,31419.95,0.8367,0.9187,79,nonparametric_bootstrap,0.9781,0.1031,0.1304,"1,2,3",20.47,0.8644,1,,Extended nonparametric bootstrap refits from original complete-domain rows.
strict_earliest_primary,strict_primary,LASI,all_rows_no_wave,27433,3,31419.95,0.8367,0.9187,80,nonparametric_bootstrap,0.9952,0.0307,0.0476,"1,2,3",20.47,0.8963,1,,Extended nonparametric bootstrap refits from original complete-domain rows.
strict_earliest_primary,strict_primary,LASI,all_rows_no_wave,27433,3,31419.95,0.8367,0.9187,81,nonparametric_bootstrap,0.9962,0.0284,0.0372,"1,2,3",20.47,0.8862,1,,Extended nonparametric bootstrap refits from original complete-domain rows.
strict_earliest_primary,strict_primary,LASI,all_rows_no_wave,27433,3,31419.95,0.8367,0.9187,82,nonparametric_bootstrap,0.9781,0.1277,0.142,"1,2,3",20.47,0.8584,1,,Extended nonparametric bootstrap refits from original complete-domain rows.
strict_earliest_primary,strict_primary,LASI,all_rows_no_wave,27433,3,31419.95,0.8367,0.9187,83,nonparametric_bootstrap,0.9779,0.1715,0.2393,"2,1,3",20.48,0.8348,1,,Extended nonparametric bootstrap refits from original complete-domain rows.
strict_earliest_primary,strict_primary,LASI,all_rows_no_wave,27433,3,31419.95,0.8367,0.9187,84,nonparametric_bootstrap,0.9724,0.1816,0.2519,"2,1,3",20.65,0.8349,1,,Extended nonparametric bootstrap refits from original complete-domain rows.
strict_earliest_primary,strict_primary,LASI,all_rows_no_wave,27433,3,31419.95,0.8367,0.9187,85,nonparametric_bootstrap,0.9976,0.0238,0.0314,"1,2,3",20.47,0.8952,1,,Extended nonparametric bootstrap refits from original complete-domain rows.
strict_earliest_primary,strict_primary,LASI,all_rows_no_wave,27433,3,31419.95,0.8367,0.9187,86,nonparametric_bootstrap,0.9781,0.1153,0.1391,"1,2,3",20.47,0.8624,1,,Extended nonparametric bootstrap refits from original complete-domain rows.
strict_earliest_primary,strict_primary,LASI,all_rows_no_wave,27433,3,31419.95,0.8367,0.9187,87,nonparametric_bootstrap,0.9955,0.0266,0.0483,"1,2,3",20.47,0.8925,1,,Extended nonparametric bootstrap refits from original complete-domain rows.
strict_earliest_primary,strict_primary,LASI,all_rows_no_wave,27433,3,31419.95,0.8367,0.9187,88,nonparametric_bootstrap,0.9996,0.0134,0.019,"1,2,3",20.47,0.8894,1,,Extended nonparametric bootstrap refits from original complete-domain rows.
strict_earliest_primary,strict_primary,LASI,all_rows_no_wave,27433,3,31419.95,0.8367,0.9187,89,nonparametric_bootstrap,0.9756,0.1584,0.2045,"2,1,3",20.55,0.8425,1,,Extended nonparametric bootstrap refits from original complete-domain rows.
strict_earliest_primary,strict_primary,LASI,all_rows_no_wave,27433,3,31419.95,0.8367,0.9187,90,nonparametric_bootstrap,0.9999,0.0306,0.044,"1,2,3",20.47,0.8906,1,,Extended nonparametric bootstrap refits from original complete-domain rows.
strict_earliest_primary,strict_primary,LASI,all_rows_no_wave,27433,3,31419.95,0.8367,0.9187,91,nonparametric_bootstrap,0.9968,0.0359,0.0588,"1,2,3",20.47,0.8936,1,,Extended nonparametric bootstrap refits from original complete-domain rows.
strict_earliest_primary,strict_primary,LASI,all_rows_no_wave,27433,3,31419.95,0.8367,0.9187,92,nonparametric_bootstrap,0.9781,0.1202,0.1477,"1,2,3",20.47,0.8599,1,,Extended nonparametric bootstrap refits from original complete-domain rows.
strict_earliest_primary,strict_primary,LASI,all_rows_no_wave,27433,3,31419.95,0.8367,0.9187,93,nonparametric_bootstrap,0.997,0.0267,0.0489,"1,2,3",20.47,0.894,1,,Extended nonparametric bootstrap refits from original complete-domain rows.
strict_earliest_primary,strict_primary,LASI,all_rows_no_wave,27433,3,31419.95,0.8367,0.9187,94,nonparametric_bootstrap,0.9781,0.1079,0.1207,"1,2,3",20.47,0.863,1,,Extended nonparametric bootstrap refits from original complete-domain rows.
strict_earliest_primary,strict_primary,LASI,all_rows_no_wave,27433,3,31419.95,0.8367,0.9187,95,nonparametric_bootstrap,0.9988,0.021,0.0267,"1,2,3",20.47,0.8913,1,,Extended nonparametric bootstrap refits from original complete-domain rows.
strict_earliest_primary,strict_primary,LASI,all_rows_no_wave,27433,3,31419.95,0.8367,0.9187,96,nonparametric_bootstrap,0.9943,0.0309,0.0412,"1,2,3",20.47,0.8943,1,,Extended nonparametric bootstrap refits from original complete-domain rows.
strict_earliest_primary,strict_primary,LASI,all_rows_no_wave,27433,3,31419.95,0.8367,0.9187,97,nonparametric_bootstrap,0.9714,0.1769,0.2707,"2,1,3",20.68,0.8367,1,,Extended nonparametric bootstrap refits from original complete-domain rows.
strict_earliest_primary,strict_primary,LASI,all_rows_no_wave,27433,3,31419.95,0.8367,0.9187,98,nonparametric_bootstrap,0.9956,0.0541,0.0936,"1,2,3",20.47,0.8965,1,,Extended nonparametric bootstrap refits from original complete-domain rows.
strict_earliest_primary,strict_primary,LASI,all_rows_no_wave,27433,3,31419.95,0.8367,0.9187,99,nonparametric_bootstrap,0.9781,0.1064,0.1129,"1,2,3",20.47,0.8655,1,,Extended nonparametric bootstrap refits from original complete-domain rows.
strict_earliest_primary,strict_primary,LASI,all_rows_no_wave,27433,3,31419.95,0.8367,0.9187,100,nonparametric_bootstrap,0.9781,0.1187,0.1447,"1,2,3",20.47,0.8612,1,,Extended nonparametric bootstrap refits from original complete-domain rows.
strict_earliest_primary,strict_primary,LASI,all_rows_no_wave,27433,3,31419.95,0.8367,0.9187,101,nonparametric_bootstrap,0.9781,0.1553,0.2382,"2,1,3",20.47,0.8396,1,,Extended nonparametric bootstrap refits from original complete-domain rows.
strict_earliest_primary,strict_primary,LASI,all_rows_no_wave,27433,3,31419.95,0.8367,0.9187,102,nonparametric_bootstrap,0.9728,0.1747,0.2588,"2,1,3",20.64,0.8372,1,,Extended nonparametric bootstrap refits from original complete-domain rows.
strict_earliest_primary,strict_primary,LASI,all_rows_no_wave,27433,3,31419.95,0.8367,0.9187,103,nonparametric_bootstrap,0.9973,0.0235,0.0369,"1,2,3",20.47,0.8905,1,,Extended nonparametric bootstrap refits from original complete-domain rows.
strict_earliest_primary,strict_primary,LASI,all_rows_no_wave,27433,3,31419.95,0.8367,0.9187,104,nonparametric_bootstrap,0.9764,0.1768,0.2386,"2,1,3",20.52,0.8379,1,,Extended nonparametric bootstrap refits from original complete-domain rows.
strict_earliest_primary,strict_primary,LASI,all_rows_no_wave,27433,3,31419.95,0.8367,0.9187,105,nonparametric_bootstrap,0.9957,0.0157,0.0196,"1,2,3",20.47,0.8836,1,,Extended nonparametric bootstrap refits from original complete-domain rows.
strict_earliest_primary,strict_primary,LASI,all_rows_no_wave,27433,3,31419.95,0.8367,0.9187,106,nonparametric_bootstrap,0.9629,0.1852,0.2818,"2,1,3",20.95,0.8345,1,,Extended nonparametric bootstrap refits from original complete-domain rows.
strict_earliest_primary,strict_primary,LASI,all_rows_no_wave,27433,3,31419.95,0.8367,0.9187,107,nonparametric_bootstrap,0.9975,0.0186,0.0223,"1,2,3",20.47,0.8918,1,,Extended nonparametric bootstrap refits from original complete-domain rows.
strict_earliest_primary,strict_primary,LASI,all_rows_no_wave,27433,3,31419.95,0.8367,0.9187,108,nonparametric_bootstrap,0.9781,0.1122,0.1287,"1,2,3",20.47,0.8566,1,,Extended nonparametric bootstrap refits from original complete-domain rows.
strict_earliest_primary,strict_primary,LASI,all_rows_no_wave,27433,3,31419.95,0.8367,0.9187,109,nonparametric_bootstrap,0.9943,0.032,0.0389,"1,2,3",20.47,0.8962,1,,Extended nonparametric bootstrap refits from original complete-domain rows.
strict_earliest_primary,strict_primary,LASI,all_rows_no_wave,27433,3,31419.95,0.8367,0.9187,110,nonparametric_bootstrap,0.9757,0.1718,0.2443,"2,1,3",20.54,0.8377,1,,Extended nonparametric bootstrap refits from original complete-domain rows.
strict_earliest_primary,strict_primary,LASI,all_rows_no_wave,27433,3,31419.95,0.8367,0.9187,111,nonparametric_bootstrap,0.9963,0.0223,0.0282,"1,2,3",20.47,0.8929,1,,Extended nonparametric bootstrap refits from original complete-domain rows.
strict_earliest_primary,strict_primary,LASI,all_rows_no_wave,27433,3,31419.95,0.8367,0.9187,112,nonparametric_bootstrap,0.9781,0.1122,0.1255,"1,2,3",20.47,0.8597,1,,Extended nonparametric bootstrap refits from original complete-domain rows.
strict_earliest_primary,strict_primary,LASI,all_rows_no_wave,27433,3,31419.95,0.8367,0.9187,113,nonparametric_bootstrap,0.9981,0.0228,0.0247,"1,2,3",20.47,0.8832,1,,Extended nonparametric bootstrap refits from original complete-domain rows.
strict_earliest_primary,strict_primary,LASI,all_rows_no_wave,27433,3,31419.95,0.8367,0.9187,114,nonparametric_bootstrap,0.9986,0.0181,0.0239,"1,2,3",20.47,0.8885,1,,Extended nonparametric bootstrap refits from original complete-domain rows.
strict_earliest_primary,strict_primary,LASI,all_rows_no_wave,27433,3,31419.95,0.8367,0.9187,115,nonparametric_bootstrap,0.9781,0.1104,0.117,"1,2,3",20.47,0.8612,1,,Extended nonparametric bootstrap refits from original complete-domain rows.
strict_earliest_primary,strict_primary,LASI,all_rows_no_wave,27433,3,31419.95,0.8367,0.9187,116,nonparametric_bootstrap,0.9968,0.0174,0.0311,"1,2,3",20.47,0.8928,1,,Extended nonparametric bootstrap refits from original complete-domain rows.
strict_earliest_primary,strict_primary,LASI,all_rows_no_wave,27433,3,31419.95,0.8367,0.9187,117,nonparametric_bootstrap,0.9971,0.0195,0.0276,"1,2,3",20.47,0.8915,1,,Extended nonparametric bootstrap refits from original complete-domain rows.
strict_earliest_primary,strict_primary,LASI,all_rows_no_wave,27433,3,31419.95,0.8367,0.9187,118,nonparametric_bootstrap,0.9746,0.1762,0.2361,"2,1,3",20.58,0.8389,1,,Extended nonparametric bootstrap refits from original complete-domain rows.
strict_earliest_primary,strict_primary,LASI,all_rows_no_wave,27433,3,31419.95,0.8367,0.9187,119,nonparametric_bootstrap,0.9908,0.0428,0.0614,"1,2,3",20.47,0.8796,1,,Extended nonparametric bootstrap refits from original complete-domain rows.
strict_earliest_primary,strict_primary,LASI,all_rows_no_wave,27433,3,31419.95,0.8367,0.9187,120,nonparametric_bootstrap,0.9992,0.018,0.0303,"1,2,3",20.47,0.8897,1,,Extended nonparametric bootstrap refits from original complete-domain rows.
strict_earliest_primary,strict_primary,LASI,all_rows_no_wave,27433,3,31419.95,0.8367,0.9187,121,nonparametric_bootstrap,0.9994,0.0189,0.0309,"1,2,3",20.47,0.8926,1,,Extended nonparametric bootstrap refits from original complete-domain rows.
strict_earliest_primary,strict_primary,LASI,all_rows_no_wave,27433,3,31419.95,0.8367,0.9187,122,nonparametric_bootstrap,0.9769,0.1821,0.2813,"2,1,3",20.5,0.8334,1,,Extended nonparametric bootstrap refits from original complete-domain rows.
strict_earliest_primary,strict_primary,LASI,all_rows_no_wave,27433,3,31419.95,0.8367,0.9187,123,nonparametric_bootstrap,0.9779,0.1804,0.2634,"2,1,3",20.48,0.8361,1,,Extended nonparametric bootstrap refits from original complete-domain rows.
strict_earliest_primary,strict_primary,LASI,all_rows_no_wave,27433,3,31419.95,0.8367,0.9187,124,nonparametric_bootstrap,0.9709,0.1698,0.2346,"2,1,3",20.69,0.8396,1,,Extended nonparametric bootstrap refits from original complete-domain rows.
strict_earliest_primary,strict_primary,LASI,all_rows_no_wave,27433,3,31419.95,0.8367,0.9187,125,nonparametric_bootstrap,0.9716,0.1781,0.2668,"2,1,3",20.67,0.8365,1,,Extended nonparametric bootstrap refits from original complete-domain rows.
strict_earliest_primary,strict_primary,LASI,all_rows_no_wave,27433,3,31419.95,0.8367,0.9187,126,nonparametric_bootstrap,0.9996,0.0279,0.0555,"1,2,3",20.47,0.8869,1,,Extended nonparametric bootstrap refits from original complete-domain rows.
strict_earliest_primary,strict_primary,LASI,all_rows_no_wave,27433,3,31419.95,0.8367,0.9187,127,nonparametric_bootstrap,0.9781,0.1027,0.1126,"1,2,3",20.47,0.8608,1,,Extended nonparametric bootstrap refits from original complete-domain rows.
strict_earliest_primary,strict_primary,LASI,all_rows_no_wave,27433,3,31419.95,0.8367,0.9187,128,nonparametric_bootstrap,0.976,0.1883,0.2842,"2,1,3",20.53,0.8317,1,,Extended nonparametric bootstrap refits from original complete-domain rows.
strict_earliest_primary,strict_primary,LASI,all_rows_no_wave,27433,3,31419.95,0.8367,0.9187,129,nonparametric_bootstrap,0.9781,0.0998,0.1161,"1,2,3",20.47,0.865,1,,Extended nonparametric bootstrap refits from original complete-domain rows.
strict_earliest_primary,strict_primary,LASI,all_rows_no_wave,27433,3,31419.95,0.8367,0.9187,130,nonparametric_bootstrap,0.9695,0.1741,0.2746,"2,1,3",20.74,0.8345,1,,Extended nonparametric bootstrap refits from original complete-domain rows.
strict_earliest_primary,strict_primary,LASI,all_rows_no_wave,27433,3,31419.95,0.8367,0.9187,131,nonparametric_bootstrap,0.999,0.0227,0.0286,"1,2,3",20.47,0.8903,1,,Extended nonparametric bootstrap refits from original complete-domain rows.
strict_earliest_primary,strict_primary,LASI,all_rows_no_wave,27433,3,31419.95,0.8367,0.9187,132,nonparametric_bootstrap,0.9961,0.0254,0.0351,"1,2,3",20.47,0.8792,1,,Extended nonparametric bootstrap refits from original complete-domain rows.
strict_earliest_primary,strict_primary,LASI,all_rows_no_wave,27433,3,31419.95,0.8367,0.9187,133,nonparametric_bootstrap,0.9962,0.0235,0.0488,"1,2,3",20.47,0.8924,1,,Extended nonparametric bootstrap refits from original complete-domain rows.
strict_earliest_primary,strict_primary,LASI,all_rows_no_wave,27433,3,31419.95,0.8367,0.9187,134,nonparametric_bootstrap,0.9956,0.0305,0.0657,"1,2,3",20.47,0.895,1,,Extended nonparametric bootstrap refits from original complete-domain rows.
strict_earliest_primary,strict_primary,LASI,all_rows_no_wave,27433,3,31419.95,0.8367,0.9187,135,nonparametric_bootstrap,0.9963,0.0204,0.0264,"1,2,3",20.47,0.8918,1,,Extended nonparametric bootstrap refits from original complete-domain rows.
strict_earliest_primary,strict_primary,LASI,all_rows_no_wave,27433,3,31419.95,0.8367,0.9187,136,nonparametric_bootstrap,0.9673,0.1829,0.2818,"2,1,3",20.81,0.834,1,,Extended nonparametric bootstrap refits from original complete-domain rows.
strict_earliest_primary,strict_primary,LASI,all_rows_no_wave,27433,3,31419.95,0.8367,0.9187,137,nonparametric_bootstrap,0.996,0.0264,0.0467,"1,2,3",20.47,0.8919,1,,Extended nonparametric bootstrap refits from original complete-domain rows.
strict_earliest_primary,strict_primary,LASI,all_rows_no_wave,27433,3,31419.95,0.8367,0.9187,138,nonparametric_bootstrap,0.9949,0.0349,0.0513,"1,2,3",20.47,0.8951,1,,Extended nonparametric bootstrap refits from original complete-domain rows.
strict_earliest_primary,strict_primary,LASI,all_rows_no_wave,27433,3,31419.95,0.8367,0.9187,139,nonparametric_bootstrap,0.9982,0.0165,0.0217,"1,2,3",20.47,0.8884,1,,Extended nonparametric bootstrap refits from original complete-domain rows.
strict_earliest_primary,strict_primary,LASI,all_rows_no_wave,27433,3,31419.95,0.8367,0.9187,140,nonparametric_bootstrap,0.9781,0.1082,0.1209,"1,2,3",20.47,0.8625,1,,Extended nonparametric bootstrap refits from original complete-domain rows.
strict_earliest_primary,strict_primary,LASI,all_rows_no_wave,27433,3,31419.95,0.8367,0.9187,141,nonparametric_bootstrap,0.9975,0.0197,0.0242,"1,2,3",20.47,0.8946,1,,Extended nonparametric bootstrap refits from original complete-domain rows.
strict_earliest_primary,strict_primary,LASI,all_rows_no_wave,27433,3,31419.95,0.8367,0.9187,142,nonparametric_bootstrap,0.9721,0.174,0.2573,"2,1,3",20.66,0.8385,1,,Extended nonparametric bootstrap refits from original complete-domain rows.
strict_earliest_primary,strict_primary,LASI,all_rows_no_wave,27433,3,31419.95,0.8367,0.9187,143,nonparametric_bootstrap,0.9712,0.1777,0.2612,"2,1,3",20.69,0.8338,1,,Extended nonparametric bootstrap refits from original complete-domain rows.
strict_earliest_primary,strict_primary,LASI,all_rows_no_wave,27433,3,31419.95,0.8367,0.9187,144,nonparametric_bootstrap,0.9781,0.112,0.1274,"1,2,3",20.47,0.8597,1,,Extended nonparametric bootstrap refits from original complete-domain rows.
strict_earliest_primary,strict_primary,LASI,all_rows_no_wave,27433,3,31419.95,0.8367,0.9187,145,nonparametric_bootstrap,0.9781,0.1574,0.2294,"2,1,3",20.47,0.8418,1,,Extended nonparametric bootstrap refits from original complete-domain rows.
strict_earliest_primary,strict_primary,LASI,all_rows_no_wave,27433,3,31419.95,0.8367,0.9187,146,nonparametric_bootstrap,0.978,0.1612,0.2443,"2,1,3",20.47,0.8364,1,,Extended nonparametric bootstrap refits from original complete-domain rows.
strict_earliest_primary,strict_primary,LASI,all_rows_no_wave,27433,3,31419.95,0.8367,0.9187,147,nonparametric_bootstrap,0.9781,0.1029,0.1225,"1,2,3",20.47,0.8638,1,,Extended nonparametric bootstrap refits from original complete-domain rows.
strict_earliest_primary,strict_primary,LASI,all_rows_no_wave,27433,3,31419.95,0.8367,0.9187,148,nonparametric_bootstrap,0.9956,0.0232,0.0329,"1,2,3",20.47,0.8979,1,,Extended nonparametric bootstrap refits from original complete-domain rows.
strict_earliest_primary,strict_primary,LASI,all_rows_no_wave,27433,3,31419.95,0.8367,0.9187,149,nonparametric_bootstrap,0.999,0.0175,0.0271,"1,2,3",20.47,0.8853,1,,Extended nonparametric bootstrap refits from original complete-domain rows.
strict_earliest_primary,strict_primary,LASI,all_rows_no_wave,27433,3,31419.95,0.8367,0.9187,150,nonparametric_bootstrap,0.9781,0.1151,0.1445,"1,2,3",20.47,0.8661,1,,Extended nonparametric bootstrap refits from original complete-domain rows.
strict_earliest_primary,strict_primary,LASI,all_rows_no_wave,27433,3,31419.95,0.8367,0.9187,151,nonparametric_bootstrap,0.9781,0.111,0.1418,"1,2,3",20.47,0.8628,1,,Extended nonparametric bootstrap refits from original complete-domain rows.
strict_earliest_primary,strict_primary,LASI,all_rows_no_wave,27433,3,31419.95,0.8367,0.9187,152,nonparametric_bootstrap,0.9781,0.1037,0.1171,"1,2,3",20.47,0.8644,1,,Extended nonparametric bootstrap refits from original complete-domain rows.
strict_earliest_primary,strict_primary,LASI,all_rows_no_wave,27433,3,31419.95,0.8367,0.9187,153,nonparametric_bootstrap,0.975,0.1776,0.2601,"2,1,3",20.57,0.8363,1,,Extended nonparametric bootstrap refits from original complete-domain rows.
strict_earliest_primary,strict_primary,LASI,all_rows_no_wave,27433,3,31419.95,0.8367,0.9187,154,nonparametric_bootstrap,0.9956,0.027,0.0359,"1,2,3",20.47,0.8805,1,,Extended nonparametric bootstrap refits from original complete-domain rows.
strict_earliest_primary,strict_primary,LASI,all_rows_no_wave,27433,3,31419.95,0.8367,0.9187,155,nonparametric_bootstrap,0.999,0.0208,0.0285,"1,2,3",20.47,0.8919,1,,Extended nonparametric bootstrap refits from original complete-domain rows.
strict_earliest_primary,strict_primary,LASI,all_rows_no_wave,27433,3,31419.95,0.8367,0.9187,156,nonparametric_bootstrap,0.9981,0.0197,0.0286,"1,2,3",20.47,0.8848,1,,Extended nonparametric bootstrap refits from original complete-domain rows.
strict_earliest_primary,strict_primary,LASI,all_rows_no_wave,27433,3,31419.95,0.8367,0.9187,157,nonparametric_bootstrap,0.9781,0.1012,0.1101,"1,2,3",20.47,0.8629,1,,Extended nonparametric bootstrap refits from original complete-domain rows.
strict_earliest_primary,strict_primary,LASI,all_rows_no_wave,27433,3,31419.95,0.8367,0.9187,158,nonparametric_bootstrap,0.9764,0.1605,0.2429,"2,1,3",20.52,0.839,1,,Extended nonparametric bootstrap refits from original complete-domain rows.
strict_earliest_primary,strict_primary,LASI,all_rows_no_wave,27433,3,31419.95,0.8367,0.9187,159,nonparametric_bootstrap,0.9939,0.0343,0.0411,"1,2,3",20.47,0.898,1,,Extended nonparametric bootstrap refits from original complete-domain rows.
strict_earliest_primary,strict_primary,LASI,all_rows_no_wave,27433,3,31419.95,0.8367,0.9187,160,nonparametric_bootstrap,0.9994,0.0201,0.0277,"1,2,3",20.47,0.8936,1,,Extended nonparametric bootstrap refits from original complete-domain rows.
strict_earliest_primary,strict_primary,LASI,all_rows_no_wave,27433,3,31419.95,0.8367,0.9187,161,nonparametric_bootstrap,0.9963,0.0257,0.0361,"1,2,3",20.47,0.8922,1,,Extended nonparametric bootstrap refits from original complete-domain rows.
strict_earliest_primary,strict_primary,LASI,all_rows_no_wave,27433,3,31419.95,0.8367,0.9187,162,nonparametric_bootstrap,0.9931,0.0286,0.0321,"1,2,3",20.47,0.8994,1,,Extended nonparametric bootstrap refits from original complete-domain rows.
strict_earliest_primary,strict_primary,LASI,all_rows_no_wave,27433,3,31419.95,0.8367,0.9187,163,nonparametric_bootstrap,0.9994,0.0188,0.0291,"1,2,3",20.47,0.8886,1,,Extended nonparametric bootstrap refits from original complete-domain rows.
strict_earliest_primary,strict_primary,LASI,all_rows_no_wave,27433,3,31419.95,0.8367,0.9187,164,nonparametric_bootstrap,0.9771,0.181,0.261,"2,1,3",20.5,0.8347,1,,Extended nonparametric bootstrap refits from original complete-domain rows.
strict_earliest_primary,strict_primary,LASI,all_rows_no_wave,27433,3,31419.95,0.8367,0.9187,165,nonparametric_bootstrap,0.9967,0.0214,0.0297,"1,2,3",20.47,0.8929,1,,Extended nonparametric bootstrap refits from original complete-domain rows.
strict_earliest_primary,strict_primary,LASI,all_rows_no_wave,27433,3,31419.95,0.8367,0.9187,166,nonparametric_bootstrap,0.1637,0.9836,1.2804,"2,1,3",14.45,0.8672,1,,Extended nonparametric bootstrap refits from original complete-domain rows.
strict_earliest_primary,strict_primary,LASI,all_rows_no_wave,27433,3,31419.95,0.8367,0.9187,167,nonparametric_bootstrap,0.9955,0.0282,0.0315,"1,2,3",20.47,0.881,1,,Extended nonparametric bootstrap refits from original complete-domain rows.
strict_earliest_primary,strict_primary,LASI,all_rows_no_wave,27433,3,31419.95,0.8367,0.9187,168,nonparametric_bootstrap,0.9689,0.174,0.2689,"2,1,3",20.76,0.836,1,,Extended nonparametric bootstrap refits from original complete-domain rows.
strict_earliest_primary,strict_primary,LASI,all_rows_no_wave,27433,3,31419.95,0.8367,0.9187,169,nonparametric_bootstrap,0.9968,0.0146,0.022,"1,2,3",20.47,0.8907,1,,Extended nonparametric bootstrap refits from original complete-domain rows.
strict_earliest_primary,strict_primary,LASI,all_rows_no_wave,27433,3,31419.95,0.8367,0.9187,170,nonparametric_bootstrap,0.9676,0.1926,0.2843,"2,1,3",20.8,0.833,1,,Extended nonparametric bootstrap refits from original complete-domain rows.
strict_earliest_primary,strict_primary,LASI,all_rows_no_wave,27433,3,31419.95,0.8367,0.9187,171,nonparametric_bootstrap,0.9977,0.0274,0.0331,"1,2,3",20.47,0.8848,1,,Extended nonparametric bootstrap refits from original complete-domain rows.
strict_earliest_primary,strict_primary,LASI,all_rows_no_wave,27433,3,31419.95,0.8367,0.9187,172,nonparametric_bootstrap,0.9781,0.1092,0.1294,"1,2,3",20.47,0.8618,1,,Extended nonparametric bootstrap refits from original complete-domain rows.
strict_earliest_primary,strict_primary,LASI,all_rows_no_wave,27433,3,31419.95,0.8367,0.9187,173,nonparametric_bootstrap,0.9994,0.0249,0.0346,"1,2,3",20.47,0.8848,1,,Extended nonparametric bootstrap refits from original complete-domain rows.
strict_earliest_primary,strict_primary,LASI,all_rows_no_wave,27433,3,31419.95,0.8367,0.9187,174,nonparametric_bootstrap,0.997,0.0252,0.0448,"1,2,3",20.47,0.8875,1,,Extended nonparametric bootstrap refits from original complete-domain rows.
strict_earliest_primary,strict_primary,LASI,all_rows_no_wave,27433,3,31419.95,0.8367,0.9187,175,nonparametric_bootstrap,0.9767,0.1747,0.2603,"2,1,3",20.51,0.8379,1,,Extended nonparametric bootstrap refits from original complete-domain rows.
strict_earliest_primary,strict_primary,LASI,all_rows_no_wave,27433,3,31419.95,0.8367,0.9187,176,nonparametric_bootstrap,0.9986,0.015,0.0174,"1,2,3",20.47,0.8887,1,,Extended nonparametric bootstrap refits from original complete-domain rows.
strict_earliest_primary,strict_primary,LASI,all_rows_no_wave,27433,3,31419.95,0.8367,0.9187,177,nonparametric_bootstrap,0.9983,0.0145,0.0196,"1,2,3",20.47,0.8906,1,,Extended nonparametric bootstrap refits from original complete-domain rows.
strict_earliest_primary,strict_primary,LASI,all_rows_no_wave,27433,3,31419.95,0.8367,0.9187,178,nonparametric_bootstrap,0.9957,0.029,0.0371,"1,2,3",20.47,0.8963,1,,Extended nonparametric bootstrap refits from original complete-domain rows.
strict_earliest_primary,strict_primary,LASI,all_rows_no_wave,27433,3,31419.95,0.8367,0.9187,179,nonparametric_bootstrap,0.9781,0.1114,0.1233,"1,2,3",20.47,0.8573,1,,Extended nonparametric bootstrap refits from original complete-domain rows.
strict_earliest_primary,strict_primary,LASI,all_rows_no_wave,27433,3,31419.95,0.8367,0.9187,180,nonparametric_bootstrap,0.9781,0.1044,0.1269,"1,2,3",20.47,0.863,1,,Extended nonparametric bootstrap refits from original complete-domain rows.
strict_earliest_primary,strict_primary,LASI,all_rows_no_wave,27433,3,31419.95,0.8367,0.9187,181,nonparametric_bootstrap,0.9994,0.0194,0.0257,"1,2,3",20.47,0.8836,1,,Extended nonparametric bootstrap refits from original complete-domain rows.
strict_earliest_primary,strict_primary,LASI,all_rows_no_wave,27433,3,31419.95,0.8367,0.9187,182,nonparametric_bootstrap,0.9977,0.0242,0.0395,"1,2,3",20.47,0.8869,1,,Extended nonparametric bootstrap refits from original complete-domain rows.
strict_earliest_primary,strict_primary,LASI,all_rows_no_wave,27433,3,31419.95,0.8367,0.9187,183,nonparametric_bootstrap,0.993,0.0431,0.0694,"1,2,3",20.47,0.8995,1,,Extended nonparametric bootstrap refits from original complete-domain rows.
strict_earliest_primary,strict_primary,LASI,all_rows_no_wave,27433,3,31419.95,0.8367,0.9187,184,nonparametric_bootstrap,0.9757,0.1865,0.2804,"2,1,3",20.54,0.8289,1,,Extended nonparametric bootstrap refits from original complete-domain rows.
strict_earliest_primary,strict_primary,LASI,all_rows_no_wave,27433,3,31419.95,0.8367,0.9187,185,nonparametric_bootstrap,0.998,0.0215,0.032,"1,2,3",20.47,0.8854,1,,Extended nonparametric bootstrap refits from original complete-domain rows.
strict_earliest_primary,strict_primary,LASI,all_rows_no_wave,27433,3,31419.95,0.8367,0.9187,186,nonparametric_bootstrap,0.9936,0.0372,0.0606,"1,2,3",20.47,0.8945,1,,Extended nonparametric bootstrap refits from original complete-domain rows.
strict_earliest_primary,strict_primary,LASI,all_rows_no_wave,27433,3,31419.95,0.8367,0.9187,187,nonparametric_bootstrap,0.9969,0.0192,0.0231,"1,2,3",20.47,0.8928,1,,Extended nonparametric bootstrap refits from original complete-domain rows.
strict_earliest_primary,strict_primary,LASI,all_rows_no_wave,27433,3,31419.95,0.8367,0.9187,188,nonparametric_bootstrap,0.9969,0.0271,0.0568,"1,2,3",20.47,0.8876,1,,Extended nonparametric bootstrap refits from original complete-domain rows.
strict_earliest_primary,strict_primary,LASI,all_rows_no_wave,27433,3,31419.95,0.8367,0.9187,189,nonparametric_bootstrap,0.9981,0.0172,0.0242,"1,2,3",20.47,0.8893,1,,Extended nonparametric bootstrap refits from original complete-domain rows.
strict_earliest_primary,strict_primary,LASI,all_rows_no_wave,27433,3,31419.95,0.8367,0.9187,190,nonparametric_bootstrap,0.9968,0.0256,0.0489,"1,2,3",20.47,0.8903,1,,Extended nonparametric bootstrap refits from original complete-domain rows.
strict_earliest_primary,strict_primary,LASI,all_rows_no_wave,27433,3,31419.95,0.8367,0.9187,191,nonparametric_bootstrap,0.9753,0.1767,0.2513,"2,1,3",20.56,0.8361,1,,Extended nonparametric bootstrap refits from original complete-domain rows.
strict_earliest_primary,strict_primary,LASI,all_rows_no_wave,27433,3,31419.95,0.8367,0.9187,192,nonparametric_bootstrap,0.9681,0.1791,0.2664,"2,1,3",20.79,0.8353,1,,Extended nonparametric bootstrap refits from original complete-domain rows.
strict_earliest_primary,strict_primary,LASI,all_rows_no_wave,27433,3,31419.95,0.8367,0.9187,193,nonparametric_bootstrap,0.9703,0.1826,0.2529,"2,1,3",20.72,0.8371,1,,Extended nonparametric bootstrap refits from original complete-domain rows.
strict_earliest_primary,strict_primary,LASI,all_rows_no_wave,27433,3,31419.95,0.8367,0.9187,194,nonparametric_bootstrap,0.9971,0.0151,0.0173,"1,2,3",20.47,0.8896,1,,Extended nonparametric bootstrap refits from original complete-domain rows.
strict_earliest_primary,strict_primary,LASI,all_rows_no_wave,27433,3,31419.95,0.8367,0.9187,195,nonparametric_bootstrap,0.9777,0.1548,0.2479,"2,1,3",20.48,0.8387,1,,Extended nonparametric bootstrap refits from original complete-domain rows.
strict_earliest_primary,strict_primary,LASI,all_rows_no_wave,27433,3,31419.95,0.8367,0.9187,196,nonparametric_bootstrap,0.9781,0.1162,0.1222,"1,2,3",20.47,0.8572,1,,Extended nonparametric bootstrap refits from original complete-domain rows.
strict_earliest_primary,strict_primary,LASI,all_rows_no_wave,27433,3,31419.95,0.8367,0.9187,197,nonparametric_bootstrap,0.9963,0.0186,0.0316,"1,2,3",20.47,0.8915,1,,Extended nonparametric bootstrap refits from original complete-domain rows.
strict_earliest_primary,strict_primary,LASI,all_rows_no_wave,27433,3,31419.95,0.8367,0.9187,198,nonparametric_bootstrap,0.9963,0.0344,0.0513,"1,2,3",20.47,0.8964,1,,Extended nonparametric bootstrap refits from original complete-domain rows.
strict_earliest_primary,strict_primary,LASI,all_rows_no_wave,27433,3,31419.95,0.8367,0.9187,199,nonparametric_bootstrap,0.9698,0.1742,0.2677,"2,1,3",20.73,0.8386,1,,Extended nonparametric bootstrap refits from original complete-domain rows.
strict_earliest_primary,strict_primary,LASI,all_rows_no_wave,27433,3,31419.95,0.8367,0.9187,200,nonparametric_bootstrap,0.9957,0.0278,0.0336,"1,2,3",20.47,0.8954,1,,Extended nonparametric bootstrap refits from original complete-domain rows.
strict_earliest_primary,strict_primary,MHAS,1,6733,5,-71351.93,0.9984,0.9992,1,nonparametric_bootstrap,1.0,0.0583,0.1072,"1,2,3,4,5",3.77,0.9449,1,,Extended nonparametric bootstrap refits from original complete-domain rows.
strict_earliest_primary,strict_primary,MHAS,1,6733,5,-71351.93,0.9984,0.9992,2,nonparametric_bootstrap,0.8366,0.5514,2.0723,"1,2,3,4,5",7.22,0.9877,1,,Extended nonparametric bootstrap refits from original complete-domain rows.
strict_earliest_primary,strict_primary,MHAS,1,6733,5,-71351.93,0.9984,0.9992,3,nonparametric_bootstrap,0.9781,0.2595,0.6283,"1,2,3,4,5",3.1,0.9779,1,,Extended nonparametric bootstrap refits from original complete-domain rows.
strict_earliest_primary,strict_primary,MHAS,1,6733,5,-71351.93,0.9984,0.9992,4,nonparametric_bootstrap,0.9775,0.4022,0.934,"1,2,3,4,5",2.58,0.9736,1,,Extended nonparametric bootstrap refits from original complete-domain rows.
strict_earliest_primary,strict_primary,MHAS,1,6733,5,-71351.93,0.9984,0.9992,5,nonparametric_bootstrap,1.0,0.1051,0.1841,"1,2,3,4,5",3.77,0.9454,1,,Extended nonparametric bootstrap refits from original complete-domain rows.
strict_earliest_primary,strict_primary,MHAS,1,6733,5,-71351.93,0.9984,0.9992,6,nonparametric_bootstrap,0.9779,0.242,0.8431,"1,2,3,4,5",4.41,0.9769,1,,Extended nonparametric bootstrap refits from original complete-domain rows.
strict_earliest_primary,strict_primary,MHAS,1,6733,5,-71351.93,0.9984,0.9992,7,nonparametric_bootstrap,0.9781,0.4251,1.1805,"1,3,2,4,5",1.68,0.9826,1,,Extended nonparametric bootstrap refits from original complete-domain rows.
strict_earliest_primary,strict_primary,MHAS,1,6733,5,-71351.93,0.9984,0.9992,8,nonparametric_bootstrap,0.996,0.1875,0.5531,"1,2,3,4,5",4.05,0.9371,1,,Extended nonparametric bootstrap refits from original complete-domain rows.
strict_earliest_primary,strict_primary,MHAS,1,6733,5,-71351.93,0.9984,0.9992,9,nonparametric_bootstrap,1.0,0.0796,0.1635,"1,2,3,4,5",3.77,0.9451,1,,Extended nonparametric bootstrap refits from original complete-domain rows.
strict_earliest_primary,strict_primary,MHAS,1,6733,5,-71351.93,0.9984,0.9992,10,nonparametric_bootstrap,1.0,0.0758,0.1419,"1,2,3,4,5",3.77,0.9452,1,,Extended nonparametric bootstrap refits from original complete-domain rows.
strict_earliest_primary,strict_primary,MHAS,1,6733,5,-71351.93,0.9984,0.9992,11,nonparametric_bootstrap,0.9946,0.2297,0.6206,"1,2,3,4,5",3.58,0.9361,1,,Extended nonparametric bootstrap refits from original complete-domain rows.
strict_earliest_primary,strict_primary,MHAS,1,6733,5,-71351.93,0.9984,0.9992,12,nonparametric_bootstrap,0.9963,0.1345,0.4152,"1,2,3,4,5",4.11,0.94,1,,Extended nonparametric bootstrap refits from original complete-domain rows.
strict_earliest_primary,strict_primary,MHAS,1,6733,5,-71351.93,0.9984,0.9992,13,nonparametric_bootstrap,1.0,0.0659,0.1619,"1,2,3,4,5",3.77,0.9441,1,,Extended nonparametric bootstrap refits from original complete-domain rows.
strict_earliest_primary,strict_primary,MHAS,1,6733,5,-71351.93,0.9984,0.9992,14,nonparametric_bootstrap,1.0,0.0786,0.2161,"1,2,3,4,5",3.77,0.9396,1,,Extended nonparametric bootstrap refits from original complete-domain rows.
strict_earliest_primary,strict_primary,MHAS,1,6733,5,-71351.93,0.9984,0.9992,15,nonparametric_bootstrap,0.9998,0.0751,0.1926,"1,2,3,4,5",3.73,0.9439,1,,Extended nonparametric bootstrap refits from original complete-domain rows.
strict_earliest_primary,strict_primary,MHAS,1,6733,5,-71351.93,0.9984,0.9992,16,nonparametric_bootstrap,0.8366,0.5502,2.0597,"1,2,3,4,5",7.22,0.9888,1,,Extended nonparametric bootstrap refits from original complete-domain rows.
strict_earliest_primary,strict_primary,MHAS,1,6733,5,-71351.93,0.9984,0.9992,17,nonparametric_bootstrap,1.0,0.0877,0.1514,"1,2,3,4,5",3.77,0.9458,1,,Extended nonparametric bootstrap refits from original complete-domain rows.
strict_earliest_primary,strict_primary,MHAS,1,6733,5,-71351.93,0.9984,0.9992,18,nonparametric_bootstrap,0.9792,0.569,1.4696,"1,2,4,3,5",4.69,0.9907,1,,Extended nonparametric bootstrap refits from original complete-domain rows.
strict_earliest_primary,strict_primary,MHAS,1,6733,5,-71351.93,0.9984,0.9992,19,nonparametric_bootstrap,0.9983,0.1254,0.2975,"1,2,3,4,5",4.22,0.9385,1,,Extended nonparametric bootstrap refits from original complete-domain rows.
strict_earliest_primary,strict_primary,MHAS,1,6733,5,-71351.93,0.9984,0.9992,20,nonparametric_bootstrap,0.9977,0.0933,0.1829,"1,2,3,4,5",3.76,0.9376,1,,Extended nonparametric bootstrap refits from original complete-domain rows.
strict_earliest_primary,strict_primary,MHAS,1,6733,5,-71351.93,0.9984,0.9992,21,nonparametric_bootstrap,0.8366,0.5767,2.0755,"1,2,3,4,5",7.2,0.9885,1,,Extended nonparametric bootstrap refits from original complete-domain rows.
strict_earliest_primary,strict_primary,MHAS,1,6733,5,-71351.93,0.9984,0.9992,22,nonparametric_bootstrap,1.0,0.0893,0.1573,"1,2,3,4,5",3.77,0.941,1,,Extended nonparametric bootstrap refits from original complete-domain rows.
strict_earliest_primary,strict_primary,MHAS,1,6733,5,-71351.93,0.9984,0.9992,23,nonparametric_bootstrap,0.9783,0.4083,0.943,"1,3,2,4,5",2.61,0.9806,1,,Extended nonparametric bootstrap refits from original complete-domain rows.
strict_earliest_primary,strict_primary,MHAS,1,6733,5,-71351.93,0.9984,0.9992,24,nonparametric_bootstrap,1.0,0.059,0.087,"1,2,3,4,5",3.77,0.9426,1,,Extended nonparametric bootstrap refits from original complete-domain rows.
strict_earliest_primary,strict_primary,MHAS,1,6733,5,-71351.93,0.9984,0.9992,25,nonparametric_bootstrap,1.0,0.0707,0.1322,"1,2,3,4,5",3.77,0.9387,1,,Extended nonparametric bootstrap refits from original complete-domain rows.
strict_earliest_primary,strict_primary,MHAS,1,6733,5,-71351.93,0.9984,0.9992,26,nonparametric_bootstrap,0.8366,0.6695,1.1099,"1,3,2,5,4",7.14,0.9984,1,,Extended nonparametric bootstrap refits from original complete-domain rows.
strict_earliest_primary,strict_primary,MHAS,1,6733,5,-71351.93,0.9984,0.9992,27,nonparametric_bootstrap,0.9782,0.4376,1.6103,"1,2,4,3,5",0.71,0.9805,1,,Extended nonparametric bootstrap refits from original complete-domain rows.
strict_earliest_primary,strict_primary,MHAS,1,6733,5,-71351.93,0.9984,0.9992,28,nonparametric_bootstrap,0.9782,0.4016,0.9191,"1,2,3,4,5",2.05,0.9768,1,,Extended nonparametric bootstrap refits from original complete-domain rows.
strict_earliest_primary,strict_primary,MHAS,1,6733,5,-71351.93,0.9984,0.9992,29,nonparametric_bootstrap,0.836,0.537,2.0726,"1,2,3,4,5",7.78,0.9834,1,,Extended nonparametric bootstrap refits from original complete-domain rows.
strict_earliest_primary,strict_primary,MHAS,1,6733,5,-71351.93,0.9984,0.9992,30,nonparametric_bootstrap,1.0,0.0672,0.1172,"1,2,3,4,5",3.77,0.9445,1,,Extended nonparametric bootstrap refits from original complete-domain rows.
strict_earliest_primary,strict_primary,MHAS,1,6733,5,-71351.93,0.9984,0.9992,31,nonparametric_bootstrap,0.9997,0.0736,0.1485,"1,2,3,4,5",3.77,0.9375,1,,Extended nonparametric bootstrap refits from original complete-domain rows.
strict_earliest_primary,strict_primary,MHAS,1,6733,5,-71351.93,0.9984,0.9992,32,nonparametric_bootstrap,0.8366,0.5425,2.0694,"1,2,3,4,5",7.22,0.9881,1,,Extended nonparametric bootstrap refits from original complete-domain rows.
strict_earliest_primary,strict_primary,MHAS,1,6733,5,-71351.93,0.9984,0.9992,33,nonparametric_bootstrap,1.0,0.0443,0.0558,"1,2,3,4,5",3.77,0.942,1,,Extended nonparametric bootstrap refits from original complete-domain rows.
strict_earliest_primary,strict_primary,MHAS,1,6733,5,-71351.93,0.9984,0.9992,34,nonparametric_bootstrap,1.0,0.0611,0.1349,"1,2,3,4,5",3.77,0.9428,1,,Extended nonparametric bootstrap refits from original complete-domain rows.
strict_earliest_primary,strict_primary,MHAS,1,6733,5,-71351.93,0.9984,0.9992,35,nonparametric_bootstrap,1.0,0.0727,0.1304,"1,2,3,4,5",3.77,0.9414,1,,Extended nonparametric bootstrap refits from original complete-domain rows.
strict_earliest_primary,strict_primary,MHAS,1,6733,5,-71351.93,0.9984,0.9992,36,nonparametric_bootstrap,0.9783,0.3365,1.0947,"1,2,4,3,5",1.54,0.9711,1,,Extended nonparametric bootstrap refits from original complete-domain rows.
strict_earliest_primary,strict_primary,MHAS,1,6733,5,-71351.93,0.9984,0.9992,37,nonparametric_bootstrap,0.8351,0.6877,1.715,"1,2,3,5,4",6.76,0.9986,1,,Extended nonparametric bootstrap refits from original complete-domain rows.
strict_earliest_primary,strict_primary,MHAS,1,6733,5,-71351.93,0.9984,0.9992,38,nonparametric_bootstrap,0.835,0.7261,1.7124,"1,2,3,5,4",6.73,0.9987,1,,Extended nonparametric bootstrap refits from original complete-domain rows.
strict_earliest_primary,strict_primary,MHAS,1,6733,5,-71351.93,0.9984,0.9992,39,nonparametric_bootstrap,0.8253,0.5456,1.9435,"1,2,3,4,5",5.81,0.9903,1,,Extended nonparametric bootstrap refits from original complete-domain rows.
strict_earliest_primary,strict_primary,MHAS,1,6733,5,-71351.93,0.9984,0.9992,40,nonparametric_bootstrap,1.0,0.0814,0.1709,"1,2,3,4,5",3.77,0.9422,1,,Extended nonparametric bootstrap refits from original complete-domain rows.
strict_earliest_primary,strict_primary,MHAS,1,6733,5,-71351.93,0.9984,0.9992,41,nonparametric_bootstrap,0.9999,0.0667,0.1306,"1,2,3,4,5",3.76,0.9403,1,,Extended nonparametric bootstrap refits from original complete-domain rows.
strict_earliest_primary,strict_primary,MHAS,1,6733,5,-71351.93,0.9984,0.9992,42,nonparametric_bootstrap,0.8366,0.5449,2.1035,"1,2,3,4,5",7.22,0.9886,1,,Extended nonparametric bootstrap refits from original complete-domain rows.
strict_earliest_primary,strict_primary,MHAS,1,6733,5,-71351.93,0.9984,0.9992,43,nonparametric_bootstrap,0.9793,0.5851,1.494,"1,2,4,3,5",4.81,0.9893,1,,Extended nonparametric bootstrap refits from original complete-domain rows.
strict_earliest_primary,strict_primary,MHAS,1,6733,5,-71351.93,0.9984,0.9992,44,nonparametric_bootstrap,0.8315,0.568,2.0312,"1,2,3,4,5",7.22,0.9876,1,,Extended nonparametric bootstrap refits from original complete-domain rows.
strict_earliest_primary,strict_primary,MHAS,1,6733,5,-71351.93,0.9984,0.9992,45,nonparametric_bootstrap,1.0,0.1095,0.1912,"1,2,3,4,5",3.77,0.9459,1,,Extended nonparametric bootstrap refits from original complete-domain rows.
strict_earliest_primary,strict_primary,MHAS,1,6733,5,-71351.93,0.9984,0.9992,46,nonparametric_bootstrap,0.3349,0.8754,1.4131,"1,3,4,2,5",4.77,0.9557,1,,Extended nonparametric bootstrap refits from original complete-domain rows.
strict_earliest_primary,strict_primary,MHAS,1,6733,5,-71351.93,0.9984,0.9992,47,nonparametric_bootstrap,0.9783,0.3591,0.8678,"1,2,3,4,5",2.6,0.9734,1,,Extended nonparametric bootstrap refits from original complete-domain rows.
strict_earliest_primary,strict_primary,MHAS,1,6733,5,-71351.93,0.9984,0.9992,48,nonparametric_bootstrap,0.9999,0.102,0.234,"1,2,3,4,5",3.76,0.9444,1,,Extended nonparametric bootstrap refits from original complete-domain rows.
strict_earliest_primary,strict_primary,MHAS,1,6733,5,-71351.93,0.9984,0.9992,49,nonparametric_bootstrap,0.9781,0.3531,0.9167,"1,2,3,4,5",3.12,0.973,1,,Extended nonparametric bootstrap refits from original complete-domain rows.
strict_earliest_primary,strict_primary,MHAS,1,6733,5,-71351.93,0.9984,0.9992,50,nonparametric_bootstrap,0.9781,0.3544,0.8713,"1,2,3,4,5",3.19,0.9748,1,,Extended nonparametric bootstrap refits from original complete-domain rows.
strict_earliest_primary,strict_primary,MHAS,1,6733,5,-71351.93,0.9984,0.9992,51,nonparametric_bootstrap,0.9782,0.3657,0.9018,"1,2,3,4,5",2.94,0.9747,1,,Extended nonparametric bootstrap refits from original complete-domain rows.
strict_earliest_primary,strict_primary,MHAS,1,6733,5,-71351.93,0.9984,0.9992,52,nonparametric_bootstrap,0.9783,0.4109,1.7742,"1,2,4,3,5",0.61,0.9854,1,,Extended nonparametric bootstrap refits from original complete-domain rows.
strict_earliest_primary,strict_primary,MHAS,1,6733,5,-71351.93,0.9984,0.9992,53,nonparametric_bootstrap,0.9971,0.1153,0.2936,"1,2,3,4,5",4.38,0.9353,1,,Extended nonparametric bootstrap refits from original complete-domain rows.
strict_earliest_primary,strict_primary,MHAS,1,6733,5,-71351.93,0.9984,0.9992,54,nonparametric_bootstrap,0.8356,0.6585,1.1529,"1,3,2,4,5",6.89,0.9984,1,,Extended nonparametric bootstrap refits from original complete-domain rows.
strict_earliest_primary,strict_primary,MHAS,1,6733,5,-71351.93,0.9984,0.9992,55,nonparametric_bootstrap,1.0,0.0867,0.1779,"1,2,3,4,5",3.77,0.9399,1,,Extended nonparametric bootstrap refits from original complete-domain rows.
strict_earliest_primary,strict_primary,MHAS,1,6733,5,-71351.93,0.9984,0.9992,56,nonparametric_bootstrap,1.0,0.0781,0.1708,"1,2,3,4,5",3.77,0.9449,1,,Extended nonparametric bootstrap refits from original complete-domain rows.
strict_earliest_primary,strict_primary,MHAS,1,6733,5,-71351.93,0.9984,0.9992,57,nonparametric_bootstrap,0.9997,0.0655,0.1713,"1,2,3,4,5",3.77,0.946,1,,Extended nonparametric bootstrap refits from original complete-domain rows.
strict_earliest_primary,strict_primary,MHAS,1,6733,5,-71351.93,0.9984,0.9992,58,nonparametric_bootstrap,0.9782,0.364,0.8643,"1,3,2,4,5",1.89,0.9815,1,,Extended nonparametric bootstrap refits from original complete-domain rows.
strict_earliest_primary,strict_primary,MHAS,1,6733,5,-71351.93,0.9984,0.9992,59,nonparametric_bootstrap,0.978,0.3705,1.106,"1,2,3,4,5",2.61,0.9746,1,,Extended nonparametric bootstrap refits from original complete-domain rows.
strict_earliest_primary,strict_primary,MHAS,1,6733,5,-71351.93,0.9984,0.9992,60,nonparametric_bootstrap,0.9744,0.3159,1.02,"1,2,3,4,5",4.19,0.9832,1,,Extended nonparametric bootstrap refits from original complete-domain rows.
strict_earliest_primary,strict_primary,MHAS,1,6733,5,-71351.93,0.9984,0.9992,61,nonparametric_bootstrap,0.9778,0.2381,0.5443,"1,2,3,4,5",3.33,0.9718,1,,Extended nonparametric bootstrap refits from original complete-domain rows.
strict_earliest_primary,strict_primary,MHAS,1,6733,5,-71351.93,0.9984,0.9992,62,nonparametric_bootstrap,0.9999,0.0817,0.1437,"1,2,3,4,5",3.76,0.9473,1,,Extended nonparametric bootstrap refits from original complete-domain rows.
strict_earliest_primary,strict_primary,MHAS,1,6733,5,-71351.93,0.9984,0.9992,63,nonparametric_bootstrap,0.9711,0.4249,1.3994,"1,2,3,4,5",2.06,0.9846,1,,Extended nonparametric bootstrap refits from original complete-domain rows.
strict_earliest_primary,strict_primary,MHAS,1,6733,5,-71351.93,0.9984,0.9992,64,nonparametric_bootstrap,1.0,0.0888,0.1571,"1,2,3,4,5",3.77,0.9474,1,,Extended nonparametric bootstrap refits from original complete-domain rows.
strict_earliest_primary,strict_primary,MHAS,1,6733,5,-71351.93,0.9984,0.9992,65,nonparametric_bootstrap,0.9782,0.3603,0.8548,"1,3,2,4,5",2.5,0.9799,1,,Extended nonparametric bootstrap refits from original complete-domain rows.
strict_earliest_primary,strict_primary,MHAS,1,6733,5,-71351.93,0.9984,0.9992,66,nonparametric_bootstrap,1.0,0.063,0.1164,"1,2,3,4,5",3.77,0.9432,1,,Extended nonparametric bootstrap refits from original complete-domain rows.
strict_earliest_primary,strict_primary,MHAS,1,6733,5,-71351.93,0.9984,0.9992,67,nonparametric_bootstrap,0.8352,0.7212,1.1461,"1,3,2,5,4",6.79,0.9986,1,,Extended nonparametric bootstrap refits from original complete-domain rows.
strict_earliest_primary,strict_primary,MHAS,1,6733,5,-71351.93,0.9984,0.9992,68,nonparametric_bootstrap,0.999,0.081,0.1795,"1,2,3,4,5",3.77,0.9471,1,,Extended nonparametric bootstrap refits from original complete-domain rows.
strict_earliest_primary,strict_primary,MHAS,1,6733,5,-71351.93,0.9984,0.9992,69,nonparametric_bootstrap,1.0,0.1501,0.342,"1,2,3,4,5",3.77,0.9408,1,,Extended nonparametric bootstrap refits from original complete-domain rows.
strict_earliest_primary,strict_primary,MHAS,1,6733,5,-71351.93,0.9984,0.9992,70,nonparametric_bootstrap,0.9751,0.6109,2.5068,"1,2,3,5,4",0.15,0.9851,1,,Extended nonparametric bootstrap refits from original complete-domain rows.
strict_earliest_primary,strict_primary,MHAS,1,6733,5,-71351.93,0.9984,0.9992,71,nonparametric_bootstrap,0.9993,0.0879,0.1277,"1,2,3,4,5",3.76,0.9387,1,,Extended nonparametric bootstrap refits from original complete-domain rows.
strict_earliest_primary,strict_primary,MHAS,1,6733,5,-71351.93,0.9984,0.9992,72,nonparametric_bootstrap,0.3539,0.8754,1.3277,"1,4,2,3,5",2.61,0.9498,1,,Extended nonparametric bootstrap refits from original complete-domain rows.
strict_earliest_primary,strict_primary,MHAS,1,6733,5,-71351.93,0.9984,0.9992,73,nonparametric_bootstrap,0.999,0.1187,0.304,"1,2,3,4,5",3.77,0.9405,1,,Extended nonparametric bootstrap refits from original complete-domain rows.
strict_earliest_primary,strict_primary,MHAS,1,6733,5,-71351.93,0.9984,0.9992,74,nonparametric_bootstrap,1.0,0.0754,0.1808,"1,2,3,4,5",3.77,0.9391,1,,Extended nonparametric bootstrap refits from original complete-domain rows.
strict_earliest_primary,strict_primary,MHAS,1,6733,5,-71351.93,0.9984,0.9992,75,nonparametric_bootstrap,0.9759,0.3789,0.966,"1,2,3,4,5",4.02,0.9712,1,,Extended nonparametric bootstrap refits from original complete-domain rows.
strict_earliest_primary,strict_primary,MHAS,1,6733,5,-71351.93,0.9984,0.9992,76,nonparametric_bootstrap,1.0,0.0524,0.0936,"1,2,3,4,5",3.77,0.9433,1,,Extended nonparametric bootstrap refits from original complete-domain rows.
strict_earliest_primary,strict_primary,MHAS,1,6733,5,-71351.93,0.9984,0.9992,77,nonparametric_bootstrap,0.8351,0.7072,1.7096,"1,2,3,5,4",6.77,0.9986,1,,Extended nonparametric bootstrap refits from original complete-domain rows.
strict_earliest_primary,strict_primary,MHAS,1,6733,5,-71351.93,0.9984,0.9992,78,nonparametric_bootstrap,0.9777,0.4337,1.0876,"1,3,2,4,5",1.59,0.9784,1,,Extended nonparametric bootstrap refits from original complete-domain rows.
strict_earliest_primary,strict_primary,MHAS,1,6733,5,-71351.93,0.9984,0.9992,79,nonparametric_bootstrap,0.9778,0.3189,0.7297,"1,2,3,4,5",3.13,0.9739,1,,Extended nonparametric bootstrap refits from original complete-domain rows.
strict_earliest_primary,strict_primary,MHAS,1,6733,5,-71351.93,0.9984,0.9992,80,nonparametric_bootstrap,0.9984,0.086,0.1877,"1,2,3,4,5",3.82,0.9373,1,,Extended nonparametric bootstrap refits from original complete-domain rows.
strict_earliest_primary,strict_primary,MHAS,1,6733,5,-71351.93,0.9984,0.9992,81,nonparametric_bootstrap,1.0,0.0841,0.182,"1,2,3,4,5",3.77,0.9471,1,,Extended nonparametric bootstrap refits from original complete-domain rows.
strict_earliest_primary,strict_primary,MHAS,1,6733,5,-71351.93,0.9984,0.9992,82,nonparametric_bootstrap,0.9974,0.0828,0.2149,"1,2,3,4,5",3.77,0.9392,1,,Extended nonparametric bootstrap refits from original complete-domain rows.
strict_earliest_primary,strict_primary,MHAS,1,6733,5,-71351.93,0.9984,0.9992,83,nonparametric_bootstrap,0.8366,0.5521,2.1,"1,2,3,4,5",7.22,0.9882,1,,Extended nonparametric bootstrap refits from original complete-domain rows.
strict_earliest_primary,strict_primary,MHAS,1,6733,5,-71351.93,0.9984,0.9992,84,nonparametric_bootstrap,0.3596,0.8939,1.407,"2,1,3,5,4",2.27,0.9644,1,,Extended nonparametric bootstrap refits from original complete-domain rows.
strict_earliest_primary,strict_primary,MHAS,1,6733,5,-71351.93,0.9984,0.9992,85,nonparametric_bootstrap,0.8313,0.5596,2.0373,"1,2,3,4,5",7.17,0.9882,1,,Extended nonparametric bootstrap refits from original complete-domain rows.
strict_earliest_primary,strict_primary,MHAS,1,6733,5,-71351.93,0.9984,0.9992,86,nonparametric_bootstrap,0.8366,0.5505,2.0547,"1,2,3,4,5",7.22,0.9875,1,,Extended nonparametric bootstrap refits from original complete-domain rows.
strict_earliest_primary,strict_primary,MHAS,1,6733,5,-71351.93,0.9984,0.9992,87,nonparametric_bootstrap,0.9961,0.1793,0.4988,"1,2,3,4,5",4.1,0.9355,1,,Extended nonparametric bootstrap refits from original complete-domain rows.
strict_earliest_primary,strict_primary,MHAS,1,6733,5,-71351.93,0.9984,0.9992,88,nonparametric_bootstrap,1.0,0.0959,0.2079,"1,2,3,4,5",3.77,0.9427,1,,Extended nonparametric bootstrap refits from original complete-domain rows.
strict_earliest_primary,strict_primary,MHAS,1,6733,5,-71351.93,0.9984,0.9992,89,nonparametric_bootstrap,0.8366,0.5782,2.0575,"1,2,3,4,5",7.22,0.988,1,,Extended nonparametric bootstrap refits from original complete-domain rows.
strict_earliest_primary,strict_primary,MHAS,1,6733,5,-71351.93,0.9984,0.9992,90,nonparametric_bootstrap,0.9775,0.3325,1.0923,"1,2,3,4,5",4.6,0.9722,1,,Extended nonparametric bootstrap refits from original complete-domain rows.
strict_earliest_primary,strict_primary,MHAS,1,6733,5,-71351.93,0.9984,0.9992,91,nonparametric_bootstrap,0.9997,0.0651,0.1565,"1,2,3,4,5",3.77,0.9464,1,,Extended nonparametric bootstrap refits from original complete-domain rows.
strict_earliest_primary,strict_primary,MHAS,1,6733,5,-71351.93,0.9984,0.9992,92,nonparametric_bootstrap,0.824,0.4709,1.7143,"1,2,3,4,5",5.06,0.9888,1,,Extended nonparametric bootstrap refits from original complete-domain rows.
strict_earliest_primary,strict_primary,MHAS,1,6733,5,-71351.93,0.9984,0.9992,93,nonparametric_bootstrap,0.9767,0.3374,0.7734,"1,2,3,4,5",3.39,0.966,1,,Extended nonparametric bootstrap refits from original complete-domain rows.
strict_earliest_primary,strict_primary,MHAS,1,6733,5,-71351.93,0.9984,0.9992,94,nonparametric_bootstrap,0.9774,0.3219,0.8557,"1,2,3,4,5",3.61,0.9658,1,,Extended nonparametric bootstrap refits from original complete-domain rows.
strict_earliest_primary,strict_primary,MHAS,1,6733,5,-71351.93,0.9984,0.9992,95,nonparametric_bootstrap,0.9782,0.3507,0.8812,"1,2,3,4,5",3.15,0.9723,1,,Extended nonparametric bootstrap refits from original complete-domain rows.
strict_earliest_primary,strict_primary,MHAS,1,6733,5,-71351.93,0.9984,0.9992,96,nonparametric_bootstrap,0.8454,0.6983,1.0715,"1,3,2,4,5",7.72,0.9995,1,,Extended nonparametric bootstrap refits from original complete-domain rows.
strict_earliest_primary,strict_primary,MHAS,1,6733,5,-71351.93,0.9984,0.9992,97,nonparametric_bootstrap,0.8311,0.5668,2.0342,"1,2,3,4,5",7.11,0.9874,1,,Extended nonparametric bootstrap refits from original complete-domain rows.
strict_earliest_primary,strict_primary,MHAS,1,6733,5,-71351.93,0.9984,0.9992,98,nonparametric_bootstrap,1.0,0.0558,0.0922,"1,2,3,4,5",3.77,0.9388,1,,Extended nonparametric bootstrap refits from original complete-domain rows.
strict_earliest_primary,strict_primary,MHAS,1,6733,5,-71351.93,0.9984,0.9992,99,nonparametric_bootstrap,0.997,0.1304,0.2015,"1,2,3,4,5",4.43,0.9309,1,,Extended nonparametric bootstrap refits from original complete-domain rows.
strict_earliest_primary,strict_primary,MHAS,1,6733,5,-71351.93,0.9984,0.9992,100,nonparametric_bootstrap,0.9999,0.0835,0.1917,"1,2,3,4,5",3.74,0.9459,1,,Extended nonparametric bootstrap refits from original complete-domain rows.
strict_earliest_primary,strict_primary,MHAS,1,6733,5,-71351.93,0.9984,0.9992,101,nonparametric_bootstrap,0.977,0.3491,0.82,"1,2,3,4,5",3.07,0.9686,1,,Extended nonparametric bootstrap refits from original complete-domain rows.
strict_earliest_primary,strict_primary,MHAS,1,6733,5,-71351.93,0.9984,0.9992,102,nonparametric_bootstrap,1.0,0.0451,0.0896,"1,2,3,4,5",3.77,0.94,1,,Extended nonparametric bootstrap refits from original complete-domain rows.
strict_earliest_primary,strict_primary,MHAS,1,6733,5,-71351.93,0.9984,0.9992,103,nonparametric_bootstrap,0.8366,0.5895,2.0957,"1,2,3,4,5",7.22,0.9882,1,,Extended nonparametric bootstrap refits from original complete-domain rows.
strict_earliest_primary,strict_primary,MHAS,1,6733,5,-71351.93,0.9984,0.9992,104,nonparametric_bootstrap,0.9788,0.5624,1.5604,"1,2,3,4,5",4.62,0.9881,1,,Extended nonparametric bootstrap refits from original complete-domain rows.
strict_earliest_primary,strict_primary,MHAS,1,6733,5,-71351.93,0.9984,0.9992,105,nonparametric_bootstrap,0.9987,0.0555,0.1345,"1,2,3,4,5",3.77,0.9412,1,,Extended nonparametric bootstrap refits from original complete-domain rows.
strict_earliest_primary,strict_primary,MHAS,1,6733,5,-71351.93,0.9984,0.9992,106,nonparametric_bootstrap,0.8383,0.6521,1.0967,"1,3,2,5,4",7.52,0.9982,1,,Extended nonparametric bootstrap refits from original complete-domain rows.
strict_earliest_primary,strict_primary,MHAS,1,6733,5,-71351.93,0.9984,0.9992,107,nonparametric_bootstrap,0.9997,0.0768,0.1668,"1,2,3,4,5",3.77,0.9418,1,,Extended nonparametric bootstrap refits from original complete-domain rows.
strict_earliest_primary,strict_primary,MHAS,1,6733,5,-71351.93,0.9984,0.9992,108,nonparametric_bootstrap,0.9997,0.099,0.2339,"1,2,3,4,5",3.77,0.9411,1,,Extended nonparametric bootstrap refits from original complete-domain rows.
strict_earliest_primary,strict_primary,MHAS,1,6733,5,-71351.93,0.9984,0.9992,109,nonparametric_bootstrap,0.8366,0.541,2.0957,"1,2,3,4,5",7.22,0.9884,1,,Extended nonparametric bootstrap refits from original complete-domain rows.
strict_earliest_primary,strict_primary,MHAS,1,6733,5,-71351.93,0.9984,0.9992,110,nonparametric_bootstrap,0.9904,0.6769,1.756,"1,2,3,4,5",3.51,0.9343,1,,Extended nonparametric bootstrap refits from original complete-domain rows.
strict_earliest_primary,strict_primary,MHAS,1,6733,5,-71351.93,0.9984,0.9992,111,nonparametric_bootstrap,0.8369,0.6787,1.1064,"1,3,2,5,4",7.22,0.9983,1,,Extended nonparametric bootstrap refits from original complete-domain rows.
strict_earliest_primary,strict_primary,MHAS,1,6733,5,-71351.93,0.9984,0.9992,112,nonparametric_bootstrap,0.8361,0.6806,1.12,"1,3,2,5,4",7.03,0.9984,1,,Extended nonparametric bootstrap refits from original complete-domain rows.
strict_earliest_primary,strict_primary,MHAS,1,6733,5,-71351.93,0.9984,0.9992,113,nonparametric_bootstrap,0.9997,0.0744,0.166,"1,2,3,4,5",3.7,0.9416,1,,Extended nonparametric bootstrap refits from original complete-domain rows.
strict_earliest_primary,strict_primary,MHAS,1,6733,5,-71351.93,0.9984,0.9992,114,nonparametric_bootstrap,1.0,0.0524,0.0908,"1,2,3,4,5",3.77,0.9462,1,,Extended nonparametric bootstrap refits from original complete-domain rows.
strict_earliest_primary,strict_primary,MHAS,1,6733,5,-71351.93,0.9984,0.9992,115,nonparametric_bootstrap,0.9992,0.1056,0.1929,"1,2,3,4,5",3.74,0.9431,1,,Extended nonparametric bootstrap refits from original complete-domain rows.
strict_earliest_primary,strict_primary,MHAS,1,6733,5,-71351.93,0.9984,0.9992,116,nonparametric_bootstrap,0.9782,0.2167,0.6668,"1,2,3,4,5",3.03,0.9995,1,,Extended nonparametric bootstrap refits from original complete-domain rows.
strict_earliest_primary,strict_primary,MHAS,1,6733,5,-71351.93,0.9984,0.9992,117,nonparametric_bootstrap,0.9781,0.3663,0.8915,"1,3,2,4,5",2.26,0.9768,1,,Extended nonparametric bootstrap refits from original complete-domain rows.
strict_earliest_primary,strict_primary,MHAS,1,6733,5,-71351.93,0.9984,0.9992,118,nonparametric_bootstrap,0.9993,0.0469,0.0889,"1,2,3,4,5",3.77,0.9382,1,,Extended nonparametric bootstrap refits from original complete-domain rows.
strict_earliest_primary,strict_primary,MHAS,1,6733,5,-71351.93,0.9984,0.9992,119,nonparametric_bootstrap,0.9781,0.4023,0.8908,"1,3,2,4,5",2.18,0.9751,1,,Extended nonparametric bootstrap refits from original complete-domain rows.
strict_earliest_primary,strict_primary,MHAS,1,6733,5,-71351.93,0.9984,0.9992,120,nonparametric_bootstrap,1.0,0.0677,0.1737,"1,2,3,4,5",3.77,0.9448,1,,Extended nonparametric bootstrap refits from original complete-domain rows.
strict_earliest_primary,strict_primary,MHAS,1,6733,5,-71351.93,0.9984,0.9992,121,nonparametric_bootstrap,0.9779,0.259,0.6434,"1,2,3,4,5",3.45,0.9727,1,,Extended nonparametric bootstrap refits from original complete-domain rows.
strict_earliest_primary,strict_primary,MHAS,1,6733,5,-71351.93,0.9984,0.9992,122,nonparametric_bootstrap,1.0,0.1088,0.2366,"1,2,3,4,5",3.77,0.9485,1,,Extended nonparametric bootstrap refits from original complete-domain rows.
strict_earliest_primary,strict_primary,MHAS,1,6733,5,-71351.93,0.9984,0.9992,123,nonparametric_bootstrap,0.8348,0.719,1.7044,"1,2,3,5,4",6.68,0.9987,1,,Extended nonparametric bootstrap refits from original complete-domain rows.
strict_earliest_primary,strict_primary,MHAS,1,6733,5,-71351.93,0.9984,0.9992,124,nonparametric_bootstrap,1.0,0.0655,0.13,"1,2,3,4,5",3.77,0.9416,1,,Extended nonparametric bootstrap refits from original complete-domain rows.
strict_earliest_primary,strict_primary,MHAS,1,6733,5,-71351.93,0.9984,0.9992,125,nonparametric_bootstrap,0.9781,0.3806,0.9475,"1,2,3,4,5",3.15,0.9739,1,,Extended nonparametric bootstrap refits from original complete-domain rows.
strict_earliest_primary,strict_primary,MHAS,1,6733,5,-71351.93,0.9984,0.9992,126,nonparametric_bootstrap,0.8454,0.6789,1.0672,"1,3,2,4,5",7.72,0.9995,1,,Extended nonparametric bootstrap refits from original complete-domain rows.
strict_earliest_primary,strict_primary,MHAS,1,6733,5,-71351.93,0.9984,0.9992,127,nonparametric_bootstrap,0.977,0.3467,0.8009,"1,2,3,4,5",3.3,0.9685,1,,Extended nonparametric bootstrap refits from original complete-domain rows.
strict_earliest_primary,strict_primary,MHAS,1,6733,5,-71351.93,0.9984,0.9992,128,nonparametric_bootstrap,0.8366,0.5622,2.0796,"1,2,3,4,5",7.22,0.9885,1,,Extended nonparametric bootstrap refits from original complete-domain rows.
strict_earliest_primary,strict_primary,MHAS,1,6733,5,-71351.93,0.9984,0.9992,129,nonparametric_bootstrap,0.9999,0.1401,0.3217,"1,2,3,4,5",3.76,0.9458,1,,Extended nonparametric bootstrap refits from original complete-domain rows.
strict_earliest_primary,strict_primary,MHAS,1,6733,5,-71351.93,0.9984,0.9992,130,nonparametric_bootstrap,0.3596,0.9344,1.3891,"2,1,3,4,5",2.39,0.96,1,,Extended nonparametric bootstrap refits from original complete-domain rows.
strict_earliest_primary,strict_primary,MHAS,1,6733,5,-71351.93,0.9984,0.9992,131,nonparametric_bootstrap,0.9781,0.3452,0.8668,"1,2,3,4,5",3.25,0.9773,1,,Extended nonparametric bootstrap refits from original complete-domain rows.
strict_earliest_primary,strict_primary,MHAS,1,6733,5,-71351.93,0.9984,0.9992,132,nonparametric_bootstrap,1.0,0.1559,0.3388,"1,2,3,4,5",3.77,0.9374,1,,Extended nonparametric bootstrap refits from original complete-domain rows.
strict_earliest_primary,strict_primary,MHAS,1,6733,5,-71351.93,0.9984,0.9992,133,nonparametric_bootstrap,0.9782,0.4297,1.1288,"1,2,3,4,5",1.44,0.9808,1,,Extended nonparametric bootstrap refits from original complete-domain rows.
strict_earliest_primary,strict_primary,MHAS,1,6733,5,-71351.93,0.9984,0.9992,134,nonparametric_bootstrap,0.9778,0.4143,0.9464,"1,3,2,4,5",2.41,0.9785,1,,Extended nonparametric bootstrap refits from original complete-domain rows.
strict_earliest_primary,strict_primary,MHAS,1,6733,5,-71351.93,0.9984,0.9992,135,nonparametric_bootstrap,0.9993,0.0711,0.1793,"1,2,3,4,5",3.77,0.9413,1,,Extended nonparametric bootstrap refits from original complete-domain rows.
strict_earliest_primary,strict_primary,MHAS,1,6733,5,-71351.93,0.9984,0.9992,136,nonparametric_bootstrap,1.0,0.0697,0.2092,"1,2,3,4,5",3.77,0.9409,1,,Extended nonparametric bootstrap refits from original complete-domain rows.
strict_earliest_primary,strict_primary,MHAS,1,6733,5,-71351.93,0.9984,0.9992,137,nonparametric_bootstrap,0.9779,0.3652,0.9188,"1,2,3,4,5",3.04,0.9748,1,,Extended nonparametric bootstrap refits from original complete-domain rows.
strict_earliest_primary,strict_primary,MHAS,1,6733,5,-71351.93,0.9984,0.9992,138,nonparametric_bootstrap,0.9752,0.2381,0.5881,"1,2,3,4,5",4.19,0.9805,1,,Extended nonparametric bootstrap refits from original complete-domain rows.
strict_earliest_primary,strict_primary,MHAS,1,6733,5,-71351.93,0.9984,0.9992,139,nonparametric_bootstrap,0.9999,0.0535,0.0721,"1,2,3,4,5",3.76,0.9433,1,,Extended nonparametric bootstrap refits from original complete-domain rows.
strict_earliest_primary,strict_primary,MHAS,1,6733,5,-71351.93,0.9984,0.9992,140,nonparametric_bootstrap,0.9777,0.359,0.9808,"1,2,3,4,5",3.76,0.9712,1,,Extended nonparametric bootstrap refits from original complete-domain rows.
strict_earliest_primary,strict_primary,MHAS,1,6733,5,-71351.93,0.9984,0.9992,141,nonparametric_bootstrap,1.0,0.0791,0.1297,"1,2,3,4,5",3.77,0.9436,1,,Extended nonparametric bootstrap refits from original complete-domain rows.
strict_earliest_primary,strict_primary,MHAS,1,6733,5,-71351.93,0.9984,0.9992,142,nonparametric_bootstrap,0.9781,0.3546,1.2194,"1,2,3,4,5",1.87,0.9753,1,,Extended nonparametric bootstrap refits from original complete-domain rows.
strict_earliest_primary,strict_primary,MHAS,1,6733,5,-71351.93,0.9984,0.9992,143,nonparametric_bootstrap,1.0,0.0748,0.136,"1,2,3,4,5",3.77,0.9412,1,,Extended nonparametric bootstrap refits from original complete-domain rows.
strict_earliest_primary,strict_primary,MHAS,1,6733,5,-71351.93,0.9984,0.9992,144,nonparametric_bootstrap,0.978,0.3136,0.8939,"1,2,3,4,5",3.13,0.9705,1,,Extended nonparametric bootstrap refits from original complete-domain rows.
strict_earliest_primary,strict_primary,MHAS,1,6733,5,-71351.93,0.9984,0.9992,145,nonparametric_bootstrap,0.3597,0.9141,1.4249,"1,2,3,5,4",2.44,0.9613,1,,Extended nonparametric bootstrap refits from original complete-domain rows.
strict_earliest_primary,strict_primary,MHAS,1,6733,5,-71351.93,0.9984,0.9992,146,nonparametric_bootstrap,0.8207,0.506,1.7681,"1,2,3,4,5",5.81,0.9908,1,,Extended nonparametric bootstrap refits from original complete-domain rows.
strict_earliest_primary,strict_primary,MHAS,1,6733,5,-71351.93,0.9984,0.9992,147,nonparametric_bootstrap,0.9783,0.3786,0.9396,"1,2,3,4,5",3.48,0.9744,1,,Extended nonparametric bootstrap refits from original complete-domain rows.
strict_earliest_primary,strict_primary,MHAS,1,6733,5,-71351.93,0.9984,0.9992,148,nonparametric_bootstrap,0.9781,0.3571,0.9661,"1,2,3,4,5",3.06,0.9717,1,,Extended nonparametric bootstrap refits from original complete-domain rows.
strict_earliest_primary,strict_primary,MHAS,1,6733,5,-71351.93,0.9984,0.9992,149,nonparametric_bootstrap,0.9778,0.432,1.4052,"1,2,3,5,4",3.51,0.9766,1,,Extended nonparametric bootstrap refits from original complete-domain rows.
strict_earliest_primary,strict_primary,MHAS,1,6733,5,-71351.93,0.9984,0.9992,150,nonparametric_bootstrap,1.0,0.0705,0.1466,"1,2,3,4,5",3.77,0.9431,1,,Extended nonparametric bootstrap refits from original complete-domain rows.
strict_earliest_primary,strict_primary,MHAS,1,6733,5,-71351.93,0.9984,0.9992,151,nonparametric_bootstrap,0.9985,0.0829,0.1374,"1,2,3,4,5",3.73,0.9413,1,,Extended nonparametric bootstrap refits from original complete-domain rows.
strict_earliest_primary,strict_primary,MHAS,1,6733,5,-71351.93,0.9984,0.9992,152,nonparametric_bootstrap,1.0,0.0799,0.1679,"1,2,3,4,5",3.77,0.9459,1,,Extended nonparametric bootstrap refits from original complete-domain rows.
strict_earliest_primary,strict_primary,MHAS,1,6733,5,-71351.93,0.9984,0.9992,153,nonparametric_bootstrap,1.0,0.0891,0.1621,"1,2,3,4,5",3.77,0.9416,1,,Extended nonparametric bootstrap refits from original complete-domain rows.
strict_earliest_primary,strict_primary,MHAS,1,6733,5,-71351.93,0.9984,0.9992,154,nonparametric_bootstrap,0.9781,0.2403,0.5236,"1,2,3,4,5",3.25,0.9747,1,,Extended nonparametric bootstrap refits from original complete-domain rows.
strict_earliest_primary,strict_primary,MHAS,1,6733,5,-71351.93,0.9984,0.9992,155,nonparametric_bootstrap,0.8352,0.6939,1.1561,"1,3,2,5,4",6.79,0.9985,1,,Extended nonparametric bootstrap refits from original complete-domain rows.
strict_earliest_primary,strict_primary,MHAS,1,6733,5,-71351.93,0.9984,0.9992,156,nonparametric_bootstrap,0.9779,0.3885,0.8734,"1,2,3,4,5",2.44,0.9736,1,,Extended nonparametric bootstrap refits from original complete-domain rows.
strict_earliest_primary,strict_primary,MHAS,1,6733,5,-71351.93,0.9984,0.9992,157,nonparametric_bootstrap,0.9638,0.8896,3.1318,"1,2,3,4,5",0.43,0.9816,1,,Extended nonparametric bootstrap refits from original complete-domain rows.
strict_earliest_primary,strict_primary,MHAS,1,6733,5,-71351.93,0.9984,0.9992,158,nonparametric_bootstrap,1.0,0.091,0.1427,"1,2,3,4,5",3.77,0.9342,1,,Extended nonparametric bootstrap refits from original complete-domain rows.
strict_earliest_primary,strict_primary,MHAS,1,6733,5,-71351.93,0.9984,0.9992,159,nonparametric_bootstrap,1.0,0.0886,0.1909,"1,2,3,4,5",3.77,0.9424,1,,Extended nonparametric bootstrap refits from original complete-domain rows.
strict_earliest_primary,strict_primary,MHAS,1,6733,5,-71351.93,0.9984,0.9992,160,nonparametric_bootstrap,0.9973,0.0965,0.1824,"1,2,3,4,5",3.76,0.9443,1,,Extended nonparametric bootstrap refits from original complete-domain rows.
strict_earliest_primary,strict_primary,MHAS,1,6733,5,-71351.93,0.9984,0.9992,161,nonparametric_bootstrap,0.9779,0.4043,0.8899,"1,2,3,4,5",2.69,0.9742,1,,Extended nonparametric bootstrap refits from original complete-domain rows.
strict_earliest_primary,strict_primary,MHAS,1,6733,5,-71351.93,0.9984,0.9992,162,nonparametric_bootstrap,0.9993,0.0551,0.0929,"1,2,3,4,5",3.76,0.9431,1,,Extended nonparametric bootstrap refits from original complete-domain rows.
strict_earliest_primary,strict_primary,MHAS,1,6733,5,-71351.93,0.9984,0.9992,163,nonparametric_bootstrap,1.0,0.0598,0.1579,"1,2,3,4,5",3.77,0.9444,1,,Extended nonparametric bootstrap refits from original complete-domain rows.
strict_earliest_primary,strict_primary,MHAS,1,6733,5,-71351.93,0.9984,0.9992,164,nonparametric_bootstrap,0.9781,0.3553,0.8292,"1,2,3,4,5",2.76,0.9737,1,,Extended nonparametric bootstrap refits from original complete-domain rows.
strict_earliest_primary,strict_primary,MHAS,1,6733,5,-71351.93,0.9984,0.9992,165,nonparametric_bootstrap,0.9782,0.3617,1.01,"1,2,3,4,5",3.52,0.9764,1,,Extended nonparametric bootstrap refits from original complete-domain rows.
strict_earliest_primary,strict_primary,MHAS,1,6733,5,-71351.93,0.9984,0.9992,166,nonparametric_bootstrap,0.8302,0.6477,1.1292,"1,4,2,3,5",5.88,0.9795,1,,Extended nonparametric bootstrap refits from original complete-domain rows.
strict_earliest_primary,strict_primary,MHAS,1,6733,5,-71351.93,0.9984,0.9992,167,nonparametric_bootstrap,0.9998,0.1132,0.3224,"1,2,3,4,5",3.73,0.9417,1,,Extended nonparametric bootstrap refits from original complete-domain rows.
strict_earliest_primary,strict_primary,MHAS,1,6733,5,-71351.93,0.9984,0.9992,168,nonparametric_bootstrap,0.9779,0.2824,0.9609,"1,2,3,4,5",4.34,0.9777,1,,Extended nonparametric bootstrap refits from original complete-domain rows.
strict_earliest_primary,strict_primary,MHAS,1,6733,5,-71351.93,0.9984,0.9992,169,nonparametric_bootstrap,0.9778,0.3648,0.8431,"1,3,2,4,5",2.73,0.9734,1,,Extended nonparametric bootstrap refits from original complete-domain rows.
strict_earliest_primary,strict_primary,MHAS,1,6733,5,-71351.93,0.9984,0.9992,170,nonparametric_bootstrap,1.0,0.072,0.1601,"1,2,3,4,5",3.77,0.9443,1,,Extended nonparametric bootstrap refits from original complete-domain rows.
strict_earliest_primary,strict_primary,MHAS,1,6733,5,-71351.93,0.9984,0.9992,171,nonparametric_bootstrap,1.0,0.1252,0.2583,"1,2,3,4,5",3.77,0.9506,1,,Extended nonparametric bootstrap refits from original complete-domain rows.
strict_earliest_primary,strict_primary,MHAS,1,6733,5,-71351.93,0.9984,0.9992,172,nonparametric_bootstrap,0.8364,0.5448,2.0876,"1,2,3,4,5",7.16,0.987,1,,Extended nonparametric bootstrap refits from original complete-domain rows.
strict_earliest_primary,strict_primary,MHAS,1,6733,5,-71351.93,0.9984,0.9992,173,nonparametric_bootstrap,1.0,0.0751,0.1598,"1,2,3,4,5",3.77,0.9423,1,,Extended nonparametric bootstrap refits from original complete-domain rows.
strict_earliest_primary,strict_primary,MHAS,1,6733,5,-71351.93,0.9984,0.9992,174,nonparametric_bootstrap,0.9777,0.2961,0.6844,"1,2,3,4,5",3.04,0.9732,1,,Extended nonparametric bootstrap refits from original complete-domain rows.
strict_earliest_primary,strict_primary,MHAS,1,6733,5,-71351.93,0.9984,0.9992,175,nonparametric_bootstrap,1.0,0.0685,0.1173,"1,2,3,4,5",3.77,0.9375,1,,Extended nonparametric bootstrap refits from original complete-domain rows.
strict_earliest_primary,strict_primary,MHAS,1,6733,5,-71351.93,0.9984,0.9992,176,nonparametric_bootstrap,0.9774,0.2451,0.551,"1,2,3,4,5",3.71,0.972,1,,Extended nonparametric bootstrap refits from original complete-domain rows.
strict_earliest_primary,strict_primary,MHAS,1,6733,5,-71351.93,0.9984,0.9992,177,nonparametric_bootstrap,1.0,0.0519,0.1257,"1,2,3,4,5",3.77,0.9422,1,,Extended nonparametric bootstrap refits from original complete-domain rows.
strict_earliest_primary,strict_primary,MHAS,1,6733,5,-71351.93,0.9984,0.9992,178,nonparametric_bootstrap,1.0,0.075,0.1464,"1,2,3,4,5",3.77,0.9404,1,,Extended nonparametric bootstrap refits from original complete-domain rows.
strict_earliest_primary,strict_primary,MHAS,1,6733,5,-71351.93,0.9984,0.9992,179,nonparametric_bootstrap,0.9993,0.0598,0.1005,"1,2,3,4,5",3.77,0.9456,1,,Extended nonparametric bootstrap refits from original complete-domain rows.
strict_earliest_primary,strict_primary,MHAS,1,6733,5,-71351.93,0.9984,0.9992,180,nonparametric_bootstrap,0.8366,0.5552,2.0634,"1,2,3,4,5",7.22,0.9876,1,,Extended nonparametric bootstrap refits from original complete-domain rows.
strict_earliest_primary,strict_primary,MHAS,1,6733,5,-71351.93,0.9984,0.9992,181,nonparametric_bootstrap,0.9779,0.3363,0.9012,"1,2,3,4,5",3.48,0.9705,1,,Extended nonparametric bootstrap refits from original complete-domain rows.
strict_earliest_primary,strict_primary,MHAS,1,6733,5,-71351.93,0.9984,0.9992,182,nonparametric_bootstrap,0.8214,0.5726,1.834,"1,2,3,4,5",5.81,0.9898,1,,Extended nonparametric bootstrap refits from original complete-domain rows.
strict_earliest_primary,strict_primary,MHAS,1,6733,5,-71351.93,0.9984,0.9992,183,nonparametric_bootstrap,0.978,0.2452,0.5345,"1,2,3,4,5",3.37,0.9737,1,,Extended nonparametric bootstrap refits from original complete-domain rows.
strict_earliest_primary,strict_primary,MHAS,1,6733,5,-71351.93,0.9984,0.9992,184,nonparametric_bootstrap,0.9948,0.1925,0.4996,"1,2,3,4,5",3.83,0.9342,1,,Extended nonparametric bootstrap refits from original complete-domain rows.
strict_earliest_primary,strict_primary,MHAS,1,6733,5,-71351.93,0.9984,0.9992,185,nonparametric_bootstrap,0.9779,0.3789,0.9272,"1,2,3,4,5",2.87,0.9731,1,,Extended nonparametric bootstrap refits from original complete-domain rows.
strict_earliest_primary,strict_primary,MHAS,1,6733,5,-71351.93,0.9984,0.9992,186,nonparametric_bootstrap,0.9997,0.0713,0.1452,"1,2,3,4,5",3.77,0.9418,1,,Extended nonparametric bootstrap refits from original complete-domain rows.
strict_earliest_primary,strict_primary,MHAS,1,6733,5,-71351.93,0.9984,0.9992,187,nonparametric_bootstrap,0.9788,0.5792,1.5168,"1,2,4,3,5",4.77,0.9909,1,,Extended nonparametric bootstrap refits from original complete-domain rows.
strict_earliest_primary,strict_primary,MHAS,1,6733,5,-71351.93,0.9984,0.9992,188,nonparametric_bootstrap,0.9776,0.2258,0.5439,"1,2,3,4,5",3.27,0.9711,1,,Extended nonparametric bootstrap refits from original complete-domain rows.
strict_earliest_primary,strict_primary,MHAS,1,6733,5,-71351.93,0.9984,0.9992,189,nonparametric_bootstrap,0.9779,0.244,0.5895,"1,2,3,4,5",3.31,0.9739,1,,Extended nonparametric bootstrap refits from original complete-domain rows.
strict_earliest_primary,strict_primary,MHAS,1,6733,5,-71351.93,0.9984,0.9992,190,nonparametric_bootstrap,0.7833,0.8233,1.4029,"1,3,2,5,4",3.51,0.9884,1,,Extended nonparametric bootstrap refits from original complete-domain rows.
strict_earliest_primary,strict_primary,MHAS,1,6733,5,-71351.93,0.9984,0.9992,191,nonparametric_bootstrap,0.7833,0.8658,1.495,"1,3,2,5,4",3.51,0.9889,1,,Extended nonparametric bootstrap refits from original complete-domain rows.
strict_earliest_primary,strict_primary,MHAS,1,6733,5,-71351.93,0.9984,0.9992,192,nonparametric_bootstrap,0.978,0.3574,0.9754,"1,2,3,4,5",3.43,0.9771,1,,Extended nonparametric bootstrap refits from original complete-domain rows.
strict_earliest_primary,strict_primary,MHAS,1,6733,5,-71351.93,0.9984,0.9992,193,nonparametric_bootstrap,0.9783,0.3547,0.8815,"1,2,3,4,5",3.13,0.9733,1,,Extended nonparametric bootstrap refits from original complete-domain rows.
strict_earliest_primary,strict_primary,MHAS,1,6733,5,-71351.93,0.9984,0.9992,194,nonparametric_bootstrap,0.9778,0.3787,0.9549,"1,2,3,4,5",3.09,0.9756,1,,Extended nonparametric bootstrap refits from original complete-domain rows.
strict_earliest_primary,strict_primary,MHAS,1,6733,5,-71351.93,0.9984,0.9992,195,nonparametric_bootstrap,0.9999,0.0934,0.1485,"1,2,3,4,5",3.76,0.9359,1,,Extended nonparametric bootstrap refits from original complete-domain rows.
strict_earliest_primary,strict_primary,MHAS,1,6733,5,-71351.93,0.9984,0.9992,196,nonparametric_bootstrap,0.9782,0.3394,1.0328,"1,2,3,4,5",3.51,0.9734,1,,Extended nonparametric bootstrap refits from original complete-domain rows.
strict_earliest_primary,strict_primary,MHAS,1,6733,5,-71351.93,0.9984,0.9992,197,nonparametric_bootstrap,0.9762,0.259,0.5221,"1,2,3,4,5",4.19,0.9819,1,,Extended nonparametric bootstrap refits from original complete-domain rows.
strict_earliest_primary,strict_primary,MHAS,1,6733,5,-71351.93,0.9984,0.9992,198,nonparametric_bootstrap,0.9957,0.2102,0.5769,"1,2,3,4,5",3.94,0.9448,1,,Extended nonparametric bootstrap refits from original complete-domain rows.
strict_earliest_primary,strict_primary,MHAS,1,6733,5,-71351.93,0.9984,0.9992,199,nonparametric_bootstrap,0.9777,0.2418,0.5374,"1,2,3,4,5",3.65,0.9717,1,,Extended nonparametric bootstrap refits from original complete-domain rows.
strict_earliest_primary,strict_primary,MHAS,1,6733,5,-71351.93,0.9984,0.9992,200,nonparametric_bootstrap,0.9779,0.3391,0.8361,"1,2,3,4,5",3.07,0.9739,1,,Extended nonparametric bootstrap refits from original complete-domain rows.
strict_earliest_primary,strict_primary,SHARE,1,15721,4,-11357.53,0.9332,0.9737,1,nonparametric_bootstrap,0.3679,0.5365,0.7739,"1,2,3,4",7.25,0.9742,1,,Extended nonparametric bootstrap refits from original complete-domain rows.
strict_earliest_primary,strict_primary,SHARE,1,15721,4,-11357.53,0.9332,0.9737,2,nonparametric_bootstrap,0.3668,0.5102,0.7911,"1,2,3,4",7.16,0.973,1,,Extended nonparametric bootstrap refits from original complete-domain rows.
strict_earliest_primary,strict_primary,SHARE,1,15721,4,-11357.53,0.9332,0.9737,3,nonparametric_bootstrap,0.9971,0.0421,0.1358,"1,2,3,4",7.49,0.9349,1,,Extended nonparametric bootstrap refits from original complete-domain rows.
strict_earliest_primary,strict_primary,SHARE,1,15721,4,-11357.53,0.9332,0.9737,4,nonparametric_bootstrap,0.9977,0.0626,0.1373,"1,2,3,4",7.12,0.9323,1,,Extended nonparametric bootstrap refits from original complete-domain rows.
strict_earliest_primary,strict_primary,SHARE,1,15721,4,-11357.53,0.9332,0.9737,5,nonparametric_bootstrap,0.3669,0.5251,0.768,"1,2,3,4",7.35,0.9741,1,,Extended nonparametric bootstrap refits from original complete-domain rows.
strict_earliest_primary,strict_primary,SHARE,1,15721,4,-11357.53,0.9332,0.9737,6,nonparametric_bootstrap,0.3672,0.5073,0.7426,"1,2,3,4",7.13,0.9751,1,,Extended nonparametric bootstrap refits from original complete-domain rows.
strict_earliest_primary,strict_primary,SHARE,1,15721,4,-11357.53,0.9332,0.9737,7,nonparametric_bootstrap,0.3669,0.5073,0.7911,"1,2,3,4",7.33,0.9745,1,,Extended nonparametric bootstrap refits from original complete-domain rows.
strict_earliest_primary,strict_primary,SHARE,1,15721,4,-11357.53,0.9332,0.9737,8,nonparametric_bootstrap,0.3677,0.5192,0.7793,"1,2,3,4",7.46,0.9727,1,,Extended nonparametric bootstrap refits from original complete-domain rows.
strict_earliest_primary,strict_primary,SHARE,1,15721,4,-11357.53,0.9332,0.9737,9,nonparametric_bootstrap,0.3668,0.5354,0.7734,"1,2,3,4",7.03,0.9745,1,,Extended nonparametric bootstrap refits from original complete-domain rows.
strict_earliest_primary,strict_primary,SHARE,1,15721,4,-11357.53,0.9332,0.9737,10,nonparametric_bootstrap,0.3667,0.5235,0.7575,"1,2,3,4",6.9,0.9754,1,,Extended nonparametric bootstrap refits from original complete-domain rows.
strict_earliest_primary,strict_primary,SHARE,1,15721,4,-11357.53,0.9332,0.9737,11,nonparametric_bootstrap,0.3602,0.7016,0.7788,"1,2,3,4",7.15,0.9706,1,,Extended nonparametric bootstrap refits from original complete-domain rows.
strict_earliest_primary,strict_primary,SHARE,1,15721,4,-11357.53,0.9332,0.9737,12,nonparametric_bootstrap,0.3683,0.5057,0.775,"1,2,3,4",7.49,0.9745,1,,Extended nonparametric bootstrap refits from original complete-domain rows.
strict_earliest_primary,strict_primary,SHARE,1,15721,4,-11357.53,0.9332,0.9737,13,nonparametric_bootstrap,0.3673,0.4943,0.7541,"1,2,3,4",7.42,0.975,1,,Extended nonparametric bootstrap refits from original complete-domain rows.
strict_earliest_primary,strict_primary,SHARE,1,15721,4,-11357.53,0.9332,0.9737,14,nonparametric_bootstrap,0.9988,0.0324,0.0654,"1,2,3,4",7.28,0.932,1,,Extended nonparametric bootstrap refits from original complete-domain rows.
strict_earliest_primary,strict_primary,SHARE,1,15721,4,-11357.53,0.9332,0.9737,15,nonparametric_bootstrap,0.3674,0.5091,0.7789,"1,2,3,4",7.09,0.9741,1,,Extended nonparametric bootstrap refits from original complete-domain rows.
strict_earliest_primary,strict_primary,SHARE,1,15721,4,-11357.53,0.9332,0.9737,16,nonparametric_bootstrap,0.9932,0.0777,0.2126,"1,2,3,4",7.18,0.9373,1,,Extended nonparametric bootstrap refits from original complete-domain rows.
strict_earliest_primary,strict_primary,SHARE,1,15721,4,-11357.53,0.9332,0.9737,17,nonparametric_bootstrap,0.3611,0.799,1.0212,"2,1,3,4",4.28,0.9506,1,,Extended nonparametric bootstrap refits from original complete-domain rows.
strict_earliest_primary,strict_primary,SHARE,1,15721,4,-11357.53,0.9332,0.9737,18,nonparametric_bootstrap,0.3669,0.5105,0.7683,"1,2,3,4",7.11,0.9738,1,,Extended nonparametric bootstrap refits from original complete-domain rows.
strict_earliest_primary,strict_primary,SHARE,1,15721,4,-11357.53,0.9332,0.9737,19,nonparametric_bootstrap,0.9919,0.056,0.161,"1,2,3,4",7.85,0.9346,1,,Extended nonparametric bootstrap refits from original complete-domain rows.
strict_earliest_primary,strict_primary,SHARE,1,15721,4,-11357.53,0.9332,0.9737,20,nonparametric_bootstrap,0.9974,0.0337,0.0561,"1,2,3,4",7.0,0.9324,1,,Extended nonparametric bootstrap refits from original complete-domain rows.
strict_earliest_primary,strict_primary,SHARE,1,15721,4,-11357.53,0.9332,0.9737,21,nonparametric_bootstrap,0.3601,0.6408,0.7644,"1,2,3,4",7.07,0.9704,1,,Extended nonparametric bootstrap refits from original complete-domain rows.
strict_earliest_primary,strict_primary,SHARE,1,15721,4,-11357.53,0.9332,0.9737,22,nonparametric_bootstrap,0.3677,0.5147,0.7926,"1,2,3,4",7.04,0.975,1,,Extended nonparametric bootstrap refits from original complete-domain rows.
strict_earliest_primary,strict_primary,SHARE,1,15721,4,-11357.53,0.9332,0.9737,23,nonparametric_bootstrap,0.3613,0.6646,0.7607,"1,2,3,4",7.69,0.9703,1,,Extended nonparametric bootstrap refits from original complete-domain rows.
strict_earliest_primary,strict_primary,SHARE,1,15721,4,-11357.53,0.9332,0.9737,24,nonparametric_bootstrap,0.3672,0.5038,0.7712,"1,2,3,4",7.34,0.9746,1,,Extended nonparametric bootstrap refits from original complete-domain rows.
strict_earliest_primary,strict_primary,SHARE,1,15721,4,-11357.53,0.9332,0.9737,25,nonparametric_bootstrap,0.3593,0.7364,0.8557,"1,2,3,4",7.0,0.9705,1,,Extended nonparametric bootstrap refits from original complete-domain rows.
strict_earliest_primary,strict_primary,SHARE,1,15721,4,-11357.53,0.9332,0.9737,26,nonparametric_bootstrap,0.3667,0.515,0.7811,"1,2,3,4",7.28,0.974,1,,Extended nonparametric bootstrap refits from original complete-domain rows.
strict_earliest_primary,strict_primary,SHARE,1,15721,4,-11357.53,0.9332,0.9737,27,nonparametric_bootstrap,0.3664,0.5104,0.7448,"1,2,3,4",6.88,0.9762,1,,Extended nonparametric bootstrap refits from original complete-domain rows.
strict_earliest_primary,strict_primary,SHARE,1,15721,4,-11357.53,0.9332,0.9737,28,nonparametric_bootstrap,0.9981,0.0563,0.1501,"1,2,3,4",7.09,0.9325,1,,Extended nonparametric bootstrap refits from original complete-domain rows.
strict_earliest_primary,strict_primary,SHARE,1,15721,4,-11357.53,0.9332,0.9737,29,nonparametric_bootstrap,0.3659,0.5503,0.7787,"1,2,3,4",6.72,0.9758,1,,Extended nonparametric bootstrap refits from original complete-domain rows.
strict_earliest_primary,strict_primary,SHARE,1,15721,4,-11357.53,0.9332,0.9737,30,nonparametric_bootstrap,0.3667,0.5046,0.7708,"1,2,3,4",7.04,0.9749,1,,Extended nonparametric bootstrap refits from original complete-domain rows.
strict_earliest_primary,strict_primary,SHARE,1,15721,4,-11357.53,0.9332,0.9737,31,nonparametric_bootstrap,0.9919,0.0733,0.1784,"1,2,3,4",6.88,0.9335,1,,Extended nonparametric bootstrap refits from original complete-domain rows.
strict_earliest_primary,strict_primary,SHARE,1,15721,4,-11357.53,0.9332,0.9737,32,nonparametric_bootstrap,0.3681,0.5101,0.769,"1,2,3,4",7.28,0.9749,1,,Extended nonparametric bootstrap refits from original complete-domain rows.
strict_earliest_primary,strict_primary,SHARE,1,15721,4,-11357.53,0.9332,0.9737,33,nonparametric_bootstrap,0.367,0.52,0.7701,"1,2,3,4",7.13,0.9745,1,,Extended nonparametric bootstrap refits from original complete-domain rows.
strict_earliest_primary,strict_primary,SHARE,1,15721,4,-11357.53,0.9332,0.9737,34,nonparametric_bootstrap,0.367,0.5037,0.7504,"1,2,3,4",7.05,0.9746,1,,Extended nonparametric bootstrap refits from original complete-domain rows.
strict_earliest_primary,strict_primary,SHARE,1,15721,4,-11357.53,0.9332,0.9737,35,nonparametric_bootstrap,0.9982,0.031,0.0484,"1,2,3,4",7.27,0.932,1,,Extended nonparametric bootstrap refits from original complete-domain rows.
strict_earliest_primary,strict_primary,SHARE,1,15721,4,-11357.53,0.9332,0.9737,36,nonparametric_bootstrap,0.3669,0.4933,0.7603,"1,2,3,4",7.07,0.9751,1,,Extended nonparametric bootstrap refits from original complete-domain rows.
strict_earliest_primary,strict_primary,SHARE,1,15721,4,-11357.53,0.9332,0.9737,37,nonparametric_bootstrap,0.3667,0.5092,0.776,"1,2,3,4",7.23,0.9746,1,,Extended nonparametric bootstrap refits from original complete-domain rows.
strict_earliest_primary,strict_primary,SHARE,1,15721,4,-11357.53,0.9332,0.9737,38,nonparametric_bootstrap,0.3664,0.5097,0.7672,"1,2,3,4",6.87,0.9741,1,,Extended nonparametric bootstrap refits from original complete-domain rows.
strict_earliest_primary,strict_primary,SHARE,1,15721,4,-11357.53,0.9332,0.9737,39,nonparametric_bootstrap,0.361,0.6847,0.7771,"1,2,3,4",7.57,0.971,1,,Extended nonparametric bootstrap refits from original complete-domain rows.
strict_earliest_primary,strict_primary,SHARE,1,15721,4,-11357.53,0.9332,0.9737,40,nonparametric_bootstrap,0.367,0.4874,0.7481,"1,2,3,4",7.42,0.9753,1,,Extended nonparametric bootstrap refits from original complete-domain rows.
strict_earliest_primary,strict_primary,SHARE,1,15721,4,-11357.53,0.9332,0.9737,41,nonparametric_bootstrap,0.9976,0.0631,0.1774,"1,2,3,4",7.05,0.9325,1,,Extended nonparametric bootstrap refits from original complete-domain rows.
strict_earliest_primary,strict_primary,SHARE,1,15721,4,-11357.53,0.9332,0.9737,42,nonparametric_bootstrap,0.3677,0.4981,0.7545,"1,2,3,4",7.19,0.974,1,,Extended nonparametric bootstrap refits from original complete-domain rows.
strict_earliest_primary,strict_primary,SHARE,1,15721,4,-11357.53,0.9332,0.9737,43,nonparametric_bootstrap,0.3661,0.5284,0.7574,"1,2,3,4",6.86,0.9764,1,,Extended nonparametric bootstrap refits from original complete-domain rows.
strict_earliest_primary,strict_primary,SHARE,1,15721,4,-11357.53,0.9332,0.9737,44,nonparametric_bootstrap,0.3655,0.5309,0.7543,"1,2,3,4",6.69,0.9741,1,,Extended nonparametric bootstrap refits from original complete-domain rows.
strict_earliest_primary,strict_primary,SHARE,1,15721,4,-11357.53,0.9332,0.9737,45,nonparametric_bootstrap,0.9951,0.0447,0.1104,"1,2,3,4",7.46,0.9341,1,,Extended nonparametric bootstrap refits from original complete-domain rows.
strict_earliest_primary,strict_primary,SHARE,1,15721,4,-11357.53,0.9332,0.9737,46,nonparametric_bootstrap,0.3662,0.5077,0.7494,"1,2,3,4",7.51,0.9745,1,,Extended nonparametric bootstrap refits from original complete-domain rows.
strict_earliest_primary,strict_primary,SHARE,1,15721,4,-11357.53,0.9332,0.9737,47,nonparametric_bootstrap,0.3672,0.5012,0.7637,"1,2,3,4",7.23,0.9752,1,,Extended nonparametric bootstrap refits from original complete-domain rows.
strict_earliest_primary,strict_primary,SHARE,1,15721,4,-11357.53,0.9332,0.9737,48,nonparametric_bootstrap,0.3671,0.4879,0.7653,"1,2,3,4",7.12,0.9752,1,,Extended nonparametric bootstrap refits from original complete-domain rows.
strict_earliest_primary,strict_primary,SHARE,1,15721,4,-11357.53,0.9332,0.9737,49,nonparametric_bootstrap,0.3661,0.5187,0.7541,"1,2,3,4",6.88,0.9759,1,,Extended nonparametric bootstrap refits from original complete-domain rows.
strict_earliest_primary,strict_primary,SHARE,1,15721,4,-11357.53,0.9332,0.9737,50,nonparametric_bootstrap,0.9933,0.0728,0.159,"1,2,3,4",7.59,0.9362,1,,Extended nonparametric bootstrap refits from original complete-domain rows.
strict_earliest_primary,strict_primary,SHARE,1,15721,4,-11357.53,0.9332,0.9737,51,nonparametric_bootstrap,0.3652,0.5787,0.7749,"1,2,3,4",7.18,0.9735,1,,Extended nonparametric bootstrap refits from original complete-domain rows.
strict_earliest_primary,strict_primary,SHARE,1,15721,4,-11357.53,0.9332,0.9737,52,nonparametric_bootstrap,0.3676,0.5073,0.7465,"1,2,3,4",7.47,0.9752,1,,Extended nonparametric bootstrap refits from original complete-domain rows.
strict_earliest_primary,strict_primary,SHARE,1,15721,4,-11357.53,0.9332,0.9737,53,nonparametric_bootstrap,0.3675,0.5169,0.7694,"1,2,3,4",7.1,0.9742,1,,Extended nonparametric bootstrap refits from original complete-domain rows.
strict_earliest_primary,strict_primary,SHARE,1,15721,4,-11357.53,0.9332,0.9737,54,nonparametric_bootstrap,0.3677,0.4982,0.7772,"1,2,3,4",7.27,0.975,1,,Extended nonparametric bootstrap refits from original complete-domain rows.
strict_earliest_primary,strict_primary,SHARE,1,15721,4,-11357.53,0.9332,0.9737,55,nonparametric_bootstrap,0.3665,0.5132,0.781,"1,2,3,4",6.89,0.9747,1,,Extended nonparametric bootstrap refits from original complete-domain rows.
strict_earliest_primary,strict_primary,SHARE,1,15721,4,-11357.53,0.9332,0.9737,56,nonparametric_bootstrap,0.3666,0.5158,0.8001,"1,2,3,4",7.17,0.9747,1,,Extended nonparametric bootstrap refits from original complete-domain rows.
strict_earliest_primary,strict_primary,SHARE,1,15721,4,-11357.53,0.9332,0.9737,57,nonparametric_bootstrap,0.3649,0.5383,0.7755,"1,2,3,4",6.62,0.9756,1,,Extended nonparametric bootstrap refits from original complete-domain rows.
strict_earliest_primary,strict_primary,SHARE,1,15721,4,-11357.53,0.9332,0.9737,58,nonparametric_bootstrap,0.3667,0.5097,0.771,"1,2,3,4",7.04,0.9753,1,,Extended nonparametric bootstrap refits from original complete-domain rows.
strict_earliest_primary,strict_primary,SHARE,1,15721,4,-11357.53,0.9332,0.9737,59,nonparametric_bootstrap,0.3666,0.5271,0.7596,"1,2,3,4",6.86,0.9763,1,,Extended nonparametric bootstrap refits from original complete-domain rows.
strict_earliest_primary,strict_primary,SHARE,1,15721,4,-11357.53,0.9332,0.9737,60,nonparametric_bootstrap,0.9924,0.0655,0.1488,"1,2,3,4",6.87,0.9351,1,,Extended nonparametric bootstrap refits from original complete-domain rows.
strict_earliest_primary,strict_primary,SHARE,1,15721,4,-11357.53,0.9332,0.9737,61,nonparametric_bootstrap,0.3674,0.5169,0.7862,"1,2,3,4",7.15,0.9742,1,,Extended nonparametric bootstrap refits from original complete-domain rows.
strict_earliest_primary,strict_primary,SHARE,1,15721,4,-11357.53,0.9332,0.9737,62,nonparametric_bootstrap,0.3631,0.6377,0.7586,"1,2,3,4",7.27,0.9716,1,,Extended nonparametric bootstrap refits from original complete-domain rows.
strict_earliest_primary,strict_primary,SHARE,1,15721,4,-11357.53,0.9332,0.9737,63,nonparametric_bootstrap,0.3665,0.5126,0.7504,"1,2,3,4",6.84,0.9739,1,,Extended nonparametric bootstrap refits from original complete-domain rows.
strict_earliest_primary,strict_primary,SHARE,1,15721,4,-11357.53,0.9332,0.9737,64,nonparametric_bootstrap,0.3673,0.5413,0.7887,"1,2,3,4",7.12,0.9736,1,,Extended nonparametric bootstrap refits from original complete-domain rows.
strict_earliest_primary,strict_primary,SHARE,1,15721,4,-11357.53,0.9332,0.9737,65,nonparametric_bootstrap,0.3657,0.5193,0.7662,"1,2,3,4",6.69,0.9754,1,,Extended nonparametric bootstrap refits from original complete-domain rows.
strict_earliest_primary,strict_primary,SHARE,1,15721,4,-11357.53,0.9332,0.9737,66,nonparametric_bootstrap,0.3666,0.4963,0.778,"1,2,3,4",7.07,0.9763,1,,Extended nonparametric bootstrap refits from original complete-domain rows.
strict_earliest_primary,strict_primary,SHARE,1,15721,4,-11357.53,0.9332,0.9737,67,nonparametric_bootstrap,0.367,0.485,0.7627,"1,2,3,4",7.4,0.9745,1,,Extended nonparametric bootstrap refits from original complete-domain rows.
strict_earliest_primary,strict_primary,SHARE,1,15721,4,-11357.53,0.9332,0.9737,68,nonparametric_bootstrap,0.998,0.0592,0.1525,"1,2,3,4",7.1,0.9349,1,,Extended nonparametric bootstrap refits from original complete-domain rows.
strict_earliest_primary,strict_primary,SHARE,1,15721,4,-11357.53,0.9332,0.9737,69,nonparametric_bootstrap,0.3678,0.5255,0.764,"1,2,3,4",7.63,0.9733,1,,Extended nonparametric bootstrap refits from original complete-domain rows.
strict_earliest_primary,strict_primary,SHARE,1,15721,4,-11357.53,0.9332,0.9737,70,nonparametric_bootstrap,0.3676,0.5282,0.7812,"1,2,3,4",7.39,0.9739,1,,Extended nonparametric bootstrap refits from original complete-domain rows.
strict_earliest_primary,strict_primary,SHARE,1,15721,4,-11357.53,0.9332,0.9737,71,nonparametric_bootstrap,0.3635,0.6151,0.7799,"1,2,3,4",6.83,0.9733,1,,Extended nonparametric bootstrap refits from original complete-domain rows.
strict_earliest_primary,strict_primary,SHARE,1,15721,4,-11357.53,0.9332,0.9737,72,nonparametric_bootstrap,0.3673,0.5189,0.766,"1,2,3,4",7.21,0.9744,1,,Extended nonparametric bootstrap refits from original complete-domain rows.
strict_earliest_primary,strict_primary,SHARE,1,15721,4,-11357.53,0.9332,0.9737,73,nonparametric_bootstrap,0.9968,0.0457,0.1208,"1,2,3,4",7.51,0.9304,1,,Extended nonparametric bootstrap refits from original complete-domain rows.
strict_earliest_primary,strict_primary,SHARE,1,15721,4,-11357.53,0.9332,0.9737,74,nonparametric_bootstrap,0.3655,0.5422,0.7726,"1,2,3,4",6.61,0.9744,1,,Extended nonparametric bootstrap refits from original complete-domain rows.
strict_earliest_primary,strict_primary,SHARE,1,15721,4,-11357.53,0.9332,0.9737,75,nonparametric_bootstrap,0.9979,0.0482,0.1019,"1,2,3,4",7.07,0.9353,1,,Extended nonparametric bootstrap refits from original complete-domain rows.
strict_earliest_primary,strict_primary,SHARE,1,15721,4,-11357.53,0.9332,0.9737,76,nonparametric_bootstrap,0.3675,0.5043,0.7674,"1,2,3,4",7.16,0.9749,1,,Extended nonparametric bootstrap refits from original complete-domain rows.
strict_earliest_primary,strict_primary,SHARE,1,15721,4,-11357.53,0.9332,0.9737,77,nonparametric_bootstrap,0.3673,0.5407,0.7704,"1,2,3,4",7.66,0.9741,1,,Extended nonparametric bootstrap refits from original complete-domain rows.
strict_earliest_primary,strict_primary,SHARE,1,15721,4,-11357.53,0.9332,0.9737,78,nonparametric_bootstrap,0.9982,0.045,0.1017,"1,2,3,4",7.42,0.933,1,,Extended nonparametric bootstrap refits from original complete-domain rows.
strict_earliest_primary,strict_primary,SHARE,1,15721,4,-11357.53,0.9332,0.9737,79,nonparametric_bootstrap,0.9954,0.0679,0.1272,"1,2,3,4",7.4,0.9344,1,,Extended nonparametric bootstrap refits from original complete-domain rows.
strict_earliest_primary,strict_primary,SHARE,1,15721,4,-11357.53,0.9332,0.9737,80,nonparametric_bootstrap,0.3674,0.5124,0.8056,"1,2,3,4",7.09,0.9749,1,,Extended nonparametric bootstrap refits from original complete-domain rows.
strict_earliest_primary,strict_primary,SHARE,1,15721,4,-11357.53,0.9332,0.9737,81,nonparametric_bootstrap,0.3668,0.519,0.7652,"1,2,3,4",6.88,0.9755,1,,Extended nonparametric bootstrap refits from original complete-domain rows.
strict_earliest_primary,strict_primary,SHARE,1,15721,4,-11357.53,0.9332,0.9737,82,nonparametric_bootstrap,0.3673,0.506,0.7798,"1,2,3,4",7.23,0.9758,1,,Extended nonparametric bootstrap refits from original complete-domain rows.
strict_earliest_primary,strict_primary,SHARE,1,15721,4,-11357.53,0.9332,0.9737,83,nonparametric_bootstrap,0.3665,0.5111,0.7604,"1,2,3,4",6.87,0.9761,1,,Extended nonparametric bootstrap refits from original complete-domain rows.
strict_earliest_primary,strict_primary,SHARE,1,15721,4,-11357.53,0.9332,0.9737,84,nonparametric_bootstrap,0.3672,0.5092,0.76,"1,2,3,4",7.64,0.9751,1,,Extended nonparametric bootstrap refits from original complete-domain rows.
strict_earliest_primary,strict_primary,SHARE,1,15721,4,-11357.53,0.9332,0.9737,85,nonparametric_bootstrap,0.3653,0.5139,0.7845,"1,2,3,4",6.63,0.975,1,,Extended nonparametric bootstrap refits from original complete-domain rows.
strict_earliest_primary,strict_primary,SHARE,1,15721,4,-11357.53,0.9332,0.9737,86,nonparametric_bootstrap,0.3675,0.522,0.7671,"1,2,3,4",7.09,0.9759,1,,Extended nonparametric bootstrap refits from original complete-domain rows.
strict_earliest_primary,strict_primary,SHARE,1,15721,4,-11357.53,0.9332,0.9737,87,nonparametric_bootstrap,0.9928,0.0783,0.2416,"1,2,3,4",7.67,0.9332,1,,Extended nonparametric bootstrap refits from original complete-domain rows.
strict_earliest_primary,strict_primary,SHARE,1,15721,4,-11357.53,0.9332,0.9737,88,nonparametric_bootstrap,0.9944,0.0331,0.0677,"1,2,3,4",7.32,0.9334,1,,Extended nonparametric bootstrap refits from original complete-domain rows.
strict_earliest_primary,strict_primary,SHARE,1,15721,4,-11357.53,0.9332,0.9737,89,nonparametric_bootstrap,0.3654,0.5305,0.7884,"1,2,3,4",6.74,0.9752,1,,Extended nonparametric bootstrap refits from original complete-domain rows.
strict_earliest_primary,strict_primary,SHARE,1,15721,4,-11357.53,0.9332,0.9737,90,nonparametric_bootstrap,0.9968,0.0425,0.1214,"1,2,3,4",7.09,0.9327,1,,Extended nonparametric bootstrap refits from original complete-domain rows.
strict_earliest_primary,strict_primary,SHARE,1,15721,4,-11357.53,0.9332,0.9737,91,nonparametric_bootstrap,0.9965,0.0505,0.1323,"1,2,3,4",6.9,0.9324,1,,Extended nonparametric bootstrap refits from original complete-domain rows.
strict_earliest_primary,strict_primary,SHARE,1,15721,4,-11357.53,0.9332,0.9737,92,nonparametric_bootstrap,0.9944,0.0249,0.0499,"1,2,3,4",7.49,0.9338,1,,Extended nonparametric bootstrap refits from original complete-domain rows.
strict_earliest_primary,strict_primary,SHARE,1,15721,4,-11357.53,0.9332,0.9737,93,nonparametric_bootstrap,0.9934,0.0343,0.0727,"1,2,3,4",7.3,0.9321,1,,Extended nonparametric bootstrap refits from original complete-domain rows.
strict_earliest_primary,strict_primary,SHARE,1,15721,4,-11357.53,0.9332,0.9737,94,nonparametric_bootstrap,0.3634,0.6039,0.7804,"1,2,3,4",7.44,0.9698,1,,Extended nonparametric bootstrap refits from original complete-domain rows.
strict_earliest_primary,strict_primary,SHARE,1,15721,4,-11357.53,0.9332,0.9737,95,nonparametric_bootstrap,0.9984,0.0244,0.0379,"1,2,3,4",7.39,0.9331,1,,Extended nonparametric bootstrap refits from original complete-domain rows.
strict_earliest_primary,strict_primary,SHARE,1,15721,4,-11357.53,0.9332,0.9737,96,nonparametric_bootstrap,0.3672,0.5056,0.8088,"1,2,3,4",7.12,0.9753,1,,Extended nonparametric bootstrap refits from original complete-domain rows.
strict_earliest_primary,strict_primary,SHARE,1,15721,4,-11357.53,0.9332,0.9737,97,nonparametric_bootstrap,0.3679,0.4983,0.7626,"1,2,3,4",7.35,0.9737,1,,Extended nonparametric bootstrap refits from original complete-domain rows.
strict_earliest_primary,strict_primary,SHARE,1,15721,4,-11357.53,0.9332,0.9737,98,nonparametric_bootstrap,0.3667,0.5248,0.7793,"1,2,3,4",6.95,0.9763,1,,Extended nonparametric bootstrap refits from original complete-domain rows.
strict_earliest_primary,strict_primary,SHARE,1,15721,4,-11357.53,0.9332,0.9737,99,nonparametric_bootstrap,0.9975,0.0408,0.0679,"1,2,3,4",7.33,0.9328,1,,Extended nonparametric bootstrap refits from original complete-domain rows.
strict_earliest_primary,strict_primary,SHARE,1,15721,4,-11357.53,0.9332,0.9737,100,nonparametric_bootstrap,0.3675,0.5016,0.7656,"1,2,3,4",7.12,0.9757,1,,Extended nonparametric bootstrap refits from original complete-domain rows.
strict_earliest_primary,strict_primary,SHARE,1,15721,4,-11357.53,0.9332,0.9737,101,nonparametric_bootstrap,0.3668,0.5207,0.8207,"1,2,3,4",7.53,0.9742,1,,Extended nonparametric bootstrap refits from original complete-domain rows.
strict_earliest_primary,strict_primary,SHARE,1,15721,4,-11357.53,0.9332,0.9737,102,nonparametric_bootstrap,0.9982,0.0418,0.0812,"1,2,3,4",7.23,0.9334,1,,Extended nonparametric bootstrap refits from original complete-domain rows.
strict_earliest_primary,strict_primary,SHARE,1,15721,4,-11357.53,0.9332,0.9737,103,nonparametric_bootstrap,0.3616,0.6474,0.7639,"1,2,3,4",7.28,0.9702,1,,Extended nonparametric bootstrap refits from original complete-domain rows.
strict_earliest_primary,strict_primary,SHARE,1,15721,4,-11357.53,0.9332,0.9737,104,nonparametric_bootstrap,0.3676,0.4929,0.7549,"1,2,3,4",7.33,0.9743,1,,Extended nonparametric bootstrap refits from original complete-domain rows.
strict_earliest_primary,strict_primary,SHARE,1,15721,4,-11357.53,0.9332,0.9737,105,nonparametric_bootstrap,0.9958,0.0507,0.1196,"1,2,3,4",7.27,0.9314,1,,Extended nonparametric bootstrap refits from original complete-domain rows.
strict_earliest_primary,strict_primary,SHARE,1,15721,4,-11357.53,0.9332,0.9737,106,nonparametric_bootstrap,0.3657,0.5224,0.7807,"1,2,3,4",7.71,0.974,1,,Extended nonparametric bootstrap refits from original complete-domain rows.
strict_earliest_primary,strict_primary,SHARE,1,15721,4,-11357.53,0.9332,0.9737,107,nonparametric_bootstrap,0.367,0.5028,0.7673,"1,2,3,4",7.33,0.9741,1,,Extended nonparametric bootstrap refits from original complete-domain rows.
strict_earliest_primary,strict_primary,SHARE,1,15721,4,-11357.53,0.9332,0.9737,108,nonparametric_bootstrap,0.9959,0.0548,0.132,"1,2,3,4",7.35,0.9321,1,,Extended nonparametric bootstrap refits from original complete-domain rows.
strict_earliest_primary,strict_primary,SHARE,1,15721,4,-11357.53,0.9332,0.9737,109,nonparametric_bootstrap,0.9968,0.04,0.1007,"1,2,3,4",7.55,0.933,1,,Extended nonparametric bootstrap refits from original complete-domain rows.
strict_earliest_primary,strict_primary,SHARE,1,15721,4,-11357.53,0.9332,0.9737,110,nonparametric_bootstrap,0.365,0.5409,0.7617,"1,2,3,4",6.5,0.9759,1,,Extended nonparametric bootstrap refits from original complete-domain rows.
strict_earliest_primary,strict_primary,SHARE,1,15721,4,-11357.53,0.9332,0.9737,111,nonparametric_bootstrap,0.3666,0.526,0.8117,"1,2,3,4",7.09,0.9757,1,,Extended nonparametric bootstrap refits from original complete-domain rows.
strict_earliest_primary,strict_primary,SHARE,1,15721,4,-11357.53,0.9332,0.9737,112,nonparametric_bootstrap,0.9973,0.0557,0.1084,"1,2,3,4",7.01,0.9337,1,,Extended nonparametric bootstrap refits from original complete-domain rows.
strict_earliest_primary,strict_primary,SHARE,1,15721,4,-11357.53,0.9332,0.9737,113,nonparametric_bootstrap,0.3666,0.4993,0.783,"1,2,3,4",7.07,0.9744,1,,Extended nonparametric bootstrap refits from original complete-domain rows.
strict_earliest_primary,strict_primary,SHARE,1,15721,4,-11357.53,0.9332,0.9737,114,nonparametric_bootstrap,0.3675,0.5106,0.7967,"1,2,3,4",7.19,0.9744,1,,Extended nonparametric bootstrap refits from original complete-domain rows.
strict_earliest_primary,strict_primary,SHARE,1,15721,4,-11357.53,0.9332,0.9737,115,nonparametric_bootstrap,0.3674,0.516,0.7552,"1,2,3,4",7.24,0.9755,1,,Extended nonparametric bootstrap refits from original complete-domain rows.
strict_earliest_primary,strict_primary,SHARE,1,15721,4,-11357.53,0.9332,0.9737,116,nonparametric_bootstrap,0.3661,0.5416,0.757,"1,2,3,4",6.83,0.9756,1,,Extended nonparametric bootstrap refits from original complete-domain rows.
strict_earliest_primary,strict_primary,SHARE,1,15721,4,-11357.53,0.9332,0.9737,117,nonparametric_bootstrap,0.3674,0.5114,0.76,"1,2,3,4",7.19,0.9744,1,,Extended nonparametric bootstrap refits from original complete-domain rows.
strict_earliest_primary,strict_primary,SHARE,1,15721,4,-11357.53,0.9332,0.9737,118,nonparametric_bootstrap,0.9983,0.0487,0.0904,"1,2,3,4",7.27,0.9322,1,,Extended nonparametric bootstrap refits from original complete-domain rows.
strict_earliest_primary,strict_primary,SHARE,1,15721,4,-11357.53,0.9332,0.9737,119,nonparametric_bootstrap,0.9985,0.0485,0.1174,"1,2,3,4",7.09,0.9339,1,,Extended nonparametric bootstrap refits from original complete-domain rows.
strict_earliest_primary,strict_primary,SHARE,1,15721,4,-11357.53,0.9332,0.9737,120,nonparametric_bootstrap,0.366,0.533,0.7804,"1,2,3,4",6.74,0.9762,1,,Extended nonparametric bootstrap refits from original complete-domain rows.
strict_earliest_primary,strict_primary,SHARE,1,15721,4,-11357.53,0.9332,0.9737,121,nonparametric_bootstrap,0.9981,0.0277,0.0688,"1,2,3,4",7.24,0.9326,1,,Extended nonparametric bootstrap refits from original complete-domain rows.
strict_earliest_primary,strict_primary,SHARE,1,15721,4,-11357.53,0.9332,0.9737,122,nonparametric_bootstrap,0.3675,0.5095,0.7701,"1,2,3,4",7.14,0.9755,1,,Extended nonparametric bootstrap refits from original complete-domain rows.
strict_earliest_primary,strict_primary,SHARE,1,15721,4,-11357.53,0.9332,0.9737,123,nonparametric_bootstrap,0.3675,0.5261,0.777,"1,2,3,4",7.28,0.9766,1,,Extended nonparametric bootstrap refits from original complete-domain rows.
strict_earliest_primary,strict_primary,SHARE,1,15721,4,-11357.53,0.9332,0.9737,124,nonparametric_bootstrap,0.3625,0.6189,0.7607,"1,2,3,4",7.25,0.9708,1,,Extended nonparametric bootstrap refits from original complete-domain rows.
strict_earliest_primary,strict_primary,SHARE,1,15721,4,-11357.53,0.9332,0.9737,125,nonparametric_bootstrap,0.3669,0.504,0.791,"1,2,3,4",7.39,0.9752,1,,Extended nonparametric bootstrap refits from original complete-domain rows.
strict_earliest_primary,strict_primary,SHARE,1,15721,4,-11357.53,0.9332,0.9737,126,nonparametric_bootstrap,0.3668,0.5162,0.7607,"1,2,3,4",6.9,0.9755,1,,Extended nonparametric bootstrap refits from original complete-domain rows.
strict_earliest_primary,strict_primary,SHARE,1,15721,4,-11357.53,0.9332,0.9737,127,nonparametric_bootstrap,0.3671,0.5204,0.811,"1,2,3,4",7.38,0.9745,1,,Extended nonparametric bootstrap refits from original complete-domain rows.
strict_earliest_primary,strict_primary,SHARE,1,15721,4,-11357.53,0.9332,0.9737,128,nonparametric_bootstrap,0.3661,0.5348,0.7594,"1,2,3,4",6.83,0.9766,1,,Extended nonparametric bootstrap refits from original complete-domain rows.
strict_earliest_primary,strict_primary,SHARE,1,15721,4,-11357.53,0.9332,0.9737,129,nonparametric_bootstrap,0.3657,0.5317,0.7686,"1,2,3,4",6.88,0.9744,1,,Extended nonparametric bootstrap refits from original complete-domain rows.
strict_earliest_primary,strict_primary,SHARE,1,15721,4,-11357.53,0.9332,0.9737,130,nonparametric_bootstrap,0.9969,0.0232,0.0324,"1,2,3,4",7.27,0.9342,1,,Extended nonparametric bootstrap refits from original complete-domain rows.
strict_earliest_primary,strict_primary,SHARE,1,15721,4,-11357.53,0.9332,0.9737,131,nonparametric_bootstrap,0.3668,0.5323,0.7755,"1,2,3,4",7.28,0.9735,1,,Extended nonparametric bootstrap refits from original complete-domain rows.
strict_earliest_primary,strict_primary,SHARE,1,15721,4,-11357.53,0.9332,0.9737,132,nonparametric_bootstrap,0.3673,0.4924,0.765,"1,2,3,4",7.26,0.9738,1,,Extended nonparametric bootstrap refits from original complete-domain rows.
strict_earliest_primary,strict_primary,SHARE,1,15721,4,-11357.53,0.9332,0.9737,133,nonparametric_bootstrap,0.3668,0.5503,0.7624,"1,2,3,4",6.85,0.976,1,,Extended nonparametric bootstrap refits from original complete-domain rows.
strict_earliest_primary,strict_primary,SHARE,1,15721,4,-11357.53,0.9332,0.9737,134,nonparametric_bootstrap,0.9984,0.0639,0.1425,"1,2,3,4",7.38,0.9295,1,,Extended nonparametric bootstrap refits from original complete-domain rows.
strict_earliest_primary,strict_primary,SHARE,1,15721,4,-11357.53,0.9332,0.9737,135,nonparametric_bootstrap,0.9973,0.05,0.0999,"1,2,3,4",7.41,0.9284,1,,Extended nonparametric bootstrap refits from original complete-domain rows.
strict_earliest_primary,strict_primary,SHARE,1,15721,4,-11357.53,0.9332,0.9737,136,nonparametric_bootstrap,0.3667,0.5106,0.8155,"1,2,3,4",6.97,0.9741,1,,Extended nonparametric bootstrap refits from original complete-domain rows.
strict_earliest_primary,strict_primary,SHARE,1,15721,4,-11357.53,0.9332,0.9737,137,nonparametric_bootstrap,0.3614,0.7806,1.058,"2,1,3,4",4.49,0.9434,1,,Extended nonparametric bootstrap refits from original complete-domain rows.
strict_earliest_primary,strict_primary,SHARE,1,15721,4,-11357.53,0.9332,0.9737,138,nonparametric_bootstrap,0.3606,0.7245,1.0754,"2,1,3,4",4.48,0.9396,1,,Extended nonparametric bootstrap refits from original complete-domain rows.
strict_earliest_primary,strict_primary,SHARE,1,15721,4,-11357.53,0.9332,0.9737,139,nonparametric_bootstrap,0.3653,0.5428,0.7973,"1,2,3,4",6.62,0.976,1,,Extended nonparametric bootstrap refits from original complete-domain rows.
strict_earliest_primary,strict_primary,SHARE,1,15721,4,-11357.53,0.9332,0.9737,140,nonparametric_bootstrap,0.3661,0.5149,0.7858,"1,2,3,4",6.86,0.9755,1,,Extended nonparametric bootstrap refits from original complete-domain rows.
strict_earliest_primary,strict_primary,SHARE,1,15721,4,-11357.53,0.9332,0.9737,141,nonparametric_bootstrap,0.3665,0.5242,0.8068,"1,2,3,4",6.9,0.9746,1,,Extended nonparametric bootstrap refits from original complete-domain rows.
strict_earliest_primary,strict_primary,SHARE,1,15721,4,-11357.53,0.9332,0.9737,142,nonparametric_bootstrap,0.3669,0.5073,0.7589,"1,2,3,4",7.04,0.9761,1,,Extended nonparametric bootstrap refits from original complete-domain rows.
strict_earliest_primary,strict_primary,SHARE,1,15721,4,-11357.53,0.9332,0.9737,143,nonparametric_bootstrap,0.3673,0.4855,0.7687,"1,2,3,4",7.4,0.9747,1,,Extended nonparametric bootstrap refits from original complete-domain rows.
strict_earliest_primary,strict_primary,SHARE,1,15721,4,-11357.53,0.9332,0.9737,144,nonparametric_bootstrap,0.9926,0.0803,0.1646,"1,2,3,4",7.21,0.9354,1,,Extended nonparametric bootstrap refits from original complete-domain rows.
strict_earliest_primary,strict_primary,SHARE,1,15721,4,-11357.53,0.9332,0.9737,145,nonparametric_bootstrap,0.3656,0.527,0.7732,"1,2,3,4",6.79,0.9755,1,,Extended nonparametric bootstrap refits from original complete-domain rows.
strict_earliest_primary,strict_primary,SHARE,1,15721,4,-11357.53,0.9332,0.9737,146,nonparametric_bootstrap,0.3629,0.63,0.7772,"1,2,3,4",7.33,0.9701,1,,Extended nonparametric bootstrap refits from original complete-domain rows.
strict_earliest_primary,strict_primary,SHARE,1,15721,4,-11357.53,0.9332,0.9737,147,nonparametric_bootstrap,0.3664,0.5044,0.7688,"1,2,3,4",6.98,0.9758,1,,Extended nonparametric bootstrap refits from original complete-domain rows.
strict_earliest_primary,strict_primary,SHARE,1,15721,4,-11357.53,0.9332,0.9737,148,nonparametric_bootstrap,0.9977,0.0409,0.0879,"1,2,3,4",7.38,0.9316,1,,Extended nonparametric bootstrap refits from original complete-domain rows.
strict_earliest_primary,strict_primary,SHARE,1,15721,4,-11357.53,0.9332,0.9737,149,nonparametric_bootstrap,0.3675,0.5109,0.7485,"1,2,3,4",7.16,0.9749,1,,Extended nonparametric bootstrap refits from original complete-domain rows.
strict_earliest_primary,strict_primary,SHARE,1,15721,4,-11357.53,0.9332,0.9737,150,nonparametric_bootstrap,0.3673,0.5032,0.8166,"1,2,3,4",7.1,0.9754,1,,Extended nonparametric bootstrap refits from original complete-domain rows.
strict_earliest_primary,strict_primary,SHARE,1,15721,4,-11357.53,0.9332,0.9737,151,nonparametric_bootstrap,0.3657,0.5162,0.7535,"1,2,3,4",6.67,0.9751,1,,Extended nonparametric bootstrap refits from original complete-domain rows.
strict_earliest_primary,strict_primary,SHARE,1,15721,4,-11357.53,0.9332,0.9737,152,nonparametric_bootstrap,0.3674,0.5355,0.784,"1,2,3,4",7.12,0.9753,1,,Extended nonparametric bootstrap refits from original complete-domain rows.
strict_earliest_primary,strict_primary,SHARE,1,15721,4,-11357.53,0.9332,0.9737,153,nonparametric_bootstrap,0.3677,0.5199,0.7647,"1,2,3,4",7.29,0.9743,1,,Extended nonparametric bootstrap refits from original complete-domain rows.
strict_earliest_primary,strict_primary,SHARE,1,15721,4,-11357.53,0.9332,0.9737,154,nonparametric_bootstrap,0.3666,0.5121,0.7525,"1,2,3,4",6.91,0.9744,1,,Extended nonparametric bootstrap refits from original complete-domain rows.
strict_earliest_primary,strict_primary,SHARE,1,15721,4,-11357.53,0.9332,0.9737,155,nonparametric_bootstrap,0.9966,0.0357,0.0741,"1,2,3,4",7.57,0.9349,1,,Extended nonparametric bootstrap refits from original complete-domain rows.
strict_earliest_primary,strict_primary,SHARE,1,15721,4,-11357.53,0.9332,0.9737,156,nonparametric_bootstrap,0.9967,0.0671,0.156,"1,2,3,4",6.93,0.9337,1,,Extended nonparametric bootstrap refits from original complete-domain rows.
strict_earliest_primary,strict_primary,SHARE,1,15721,4,-11357.53,0.9332,0.9737,157,nonparametric_bootstrap,0.3673,0.4996,0.7918,"1,2,3,4",7.44,0.9742,1,,Extended nonparametric bootstrap refits from original complete-domain rows.
strict_earliest_primary,strict_primary,SHARE,1,15721,4,-11357.53,0.9332,0.9737,158,nonparametric_bootstrap,0.3679,0.5167,0.7948,"1,2,3,4",7.49,0.9748,1,,Extended nonparametric bootstrap refits from original complete-domain rows.
strict_earliest_primary,strict_primary,SHARE,1,15721,4,-11357.53,0.9332,0.9737,159,nonparametric_bootstrap,0.3674,0.5157,0.7603,"1,2,3,4",7.24,0.9748,1,,Extended nonparametric bootstrap refits from original complete-domain rows.
strict_earliest_primary,strict_primary,SHARE,1,15721,4,-11357.53,0.9332,0.9737,160,nonparametric_bootstrap,0.3669,0.5068,0.7854,"1,2,3,4",7.35,0.9754,1,,Extended nonparametric bootstrap refits from original complete-domain rows.
strict_earliest_primary,strict_primary,SHARE,1,15721,4,-11357.53,0.9332,0.9737,161,nonparametric_bootstrap,0.3675,0.5127,0.7586,"1,2,3,4",7.19,0.9758,1,,Extended nonparametric bootstrap refits from original complete-domain rows.
strict_earliest_primary,strict_primary,SHARE,1,15721,4,-11357.53,0.9332,0.9737,162,nonparametric_bootstrap,0.3657,0.511,0.7623,"1,2,3,4",6.77,0.9756,1,,Extended nonparametric bootstrap refits from original complete-domain rows.
strict_earliest_primary,strict_primary,SHARE,1,15721,4,-11357.53,0.9332,0.9737,163,nonparametric_bootstrap,0.3656,0.5472,0.7772,"1,2,3,4",6.71,0.9747,1,,Extended nonparametric bootstrap refits from original complete-domain rows.
strict_earliest_primary,strict_primary,SHARE,1,15721,4,-11357.53,0.9332,0.9737,164,nonparametric_bootstrap,0.3674,0.5033,0.7633,"1,2,3,4",7.63,0.9745,1,,Extended nonparametric bootstrap refits from original complete-domain rows.
strict_earliest_primary,strict_primary,SHARE,1,15721,4,-11357.53,0.9332,0.9737,165,nonparametric_bootstrap,0.3662,0.5063,0.7545,"1,2,3,4",6.92,0.9755,1,,Extended nonparametric bootstrap refits from original complete-domain rows.
strict_earliest_primary,strict_primary,SHARE,1,15721,4,-11357.53,0.9332,0.9737,166,nonparametric_bootstrap,0.3673,0.4983,0.7548,"1,2,3,4",7.14,0.976,1,,Extended nonparametric bootstrap refits from original complete-domain rows.
strict_earliest_primary,strict_primary,SHARE,1,15721,4,-11357.53,0.9332,0.9737,167,nonparametric_bootstrap,0.997,0.0692,0.1367,"1,2,3,4",7.52,0.9328,1,,Extended nonparametric bootstrap refits from original complete-domain rows.
strict_earliest_primary,strict_primary,SHARE,1,15721,4,-11357.53,0.9332,0.9737,168,nonparametric_bootstrap,0.3655,0.5168,0.7494,"1,2,3,4",6.66,0.9738,1,,Extended nonparametric bootstrap refits from original complete-domain rows.
strict_earliest_primary,strict_primary,SHARE,1,15721,4,-11357.53,0.9332,0.9737,169,nonparametric_bootstrap,0.3677,0.5154,0.8018,"1,2,3,4",7.19,0.9749,1,,Extended nonparametric bootstrap refits from original complete-domain rows.
strict_earliest_primary,strict_primary,SHARE,1,15721,4,-11357.53,0.9332,0.9737,170,nonparametric_bootstrap,0.9943,0.0458,0.1069,"1,2,3,4",7.51,0.9326,1,,Extended nonparametric bootstrap refits from original complete-domain rows.
strict_earliest_primary,strict_primary,SHARE,1,15721,4,-11357.53,0.9332,0.9737,171,nonparametric_bootstrap,0.3669,0.5252,0.7713,"1,2,3,4",7.0,0.976,1,,Extended nonparametric bootstrap refits from original complete-domain rows.
strict_earliest_primary,strict_primary,SHARE,1,15721,4,-11357.53,0.9332,0.9737,172,nonparametric_bootstrap,0.3663,0.518,0.7741,"1,2,3,4",6.83,0.9755,1,,Extended nonparametric bootstrap refits from original complete-domain rows.
strict_earliest_primary,strict_primary,SHARE,1,15721,4,-11357.53,0.9332,0.9737,173,nonparametric_bootstrap,0.367,0.523,0.768,"1,2,3,4",7.05,0.9759,1,,Extended nonparametric bootstrap refits from original complete-domain rows.
strict_earliest_primary,strict_primary,SHARE,1,15721,4,-11357.53,0.9332,0.9737,174,nonparametric_bootstrap,0.997,0.0505,0.1097,"1,2,3,4",7.24,0.934,1,,Extended nonparametric bootstrap refits from original complete-domain rows.
strict_earliest_primary,strict_primary,SHARE,1,15721,4,-11357.53,0.9332,0.9737,175,nonparametric_bootstrap,0.3669,0.4893,0.7537,"1,2,3,4",7.09,0.9757,1,,Extended nonparametric bootstrap refits from original complete-domain rows.
strict_earliest_primary,strict_primary,SHARE,1,15721,4,-11357.53,0.9332,0.9737,176,nonparametric_bootstrap,0.3671,0.5076,0.7611,"1,2,3,4",7.18,0.9738,1,,Extended nonparametric bootstrap refits from original complete-domain rows.
strict_earliest_primary,strict_primary,SHARE,1,15721,4,-11357.53,0.9332,0.9737,177,nonparametric_bootstrap,0.9977,0.0425,0.1081,"1,2,3,4",7.19,0.9322,1,,Extended nonparametric bootstrap refits from original complete-domain rows.
strict_earliest_primary,strict_primary,SHARE,1,15721,4,-11357.53,0.9332,0.9737,178,nonparametric_bootstrap,0.9939,0.0587,0.1469,"1,2,3,4",7.8,0.934,1,,Extended nonparametric bootstrap refits from original complete-domain rows.
strict_earliest_primary,strict_primary,SHARE,1,15721,4,-11357.53,0.9332,0.9737,179,nonparametric_bootstrap,0.366,0.5391,0.8083,"1,2,3,4",7.63,0.9743,1,,Extended nonparametric bootstrap refits from original complete-domain rows.
strict_earliest_primary,strict_primary,SHARE,1,15721,4,-11357.53,0.9332,0.9737,180,nonparametric_bootstrap,0.3669,0.4949,0.774,"1,2,3,4",7.3,0.9757,1,,Extended nonparametric bootstrap refits from original complete-domain rows.
strict_earliest_primary,strict_primary,SHARE,1,15721,4,-11357.53,0.9332,0.9737,181,nonparametric_bootstrap,0.9947,0.0463,0.1125,"1,2,3,4",7.75,0.9336,1,,Extended nonparametric bootstrap refits from original complete-domain rows.
strict_earliest_primary,strict_primary,SHARE,1,15721,4,-11357.53,0.9332,0.9737,182,nonparametric_bootstrap,0.3666,0.5091,0.7862,"1,2,3,4",6.95,0.9751,1,,Extended nonparametric bootstrap refits from original complete-domain rows.
strict_earliest_primary,strict_primary,SHARE,1,15721,4,-11357.53,0.9332,0.9737,183,nonparametric_bootstrap,0.3675,0.4917,0.7665,"1,2,3,4",7.34,0.9755,1,,Extended nonparametric bootstrap refits from original complete-domain rows.
strict_earliest_primary,strict_primary,SHARE,1,15721,4,-11357.53,0.9332,0.9737,184,nonparametric_bootstrap,0.3667,0.512,0.8015,"1,2,3,4",6.91,0.9749,1,,Extended nonparametric bootstrap refits from original complete-domain rows.
strict_earliest_primary,strict_primary,SHARE,1,15721,4,-11357.53,0.9332,0.9737,185,nonparametric_bootstrap,0.9979,0.0515,0.0999,"1,2,3,4",7.16,0.9328,1,,Extended nonparametric bootstrap refits from original complete-domain rows.
strict_earliest_primary,strict_primary,SHARE,1,15721,4,-11357.53,0.9332,0.9737,186,nonparametric_bootstrap,0.3617,0.6528,0.8049,"1,2,3,4",7.67,0.9704,1,,Extended nonparametric bootstrap refits from original complete-domain rows.
strict_earliest_primary,strict_primary,SHARE,1,15721,4,-11357.53,0.9332,0.9737,187,nonparametric_bootstrap,0.3664,0.4975,0.7695,"1,2,3,4",7.26,0.9746,1,,Extended nonparametric bootstrap refits from original complete-domain rows.
strict_earliest_primary,strict_primary,SHARE,1,15721,4,-11357.53,0.9332,0.9737,188,nonparametric_bootstrap,0.3665,0.5124,0.7929,"1,2,3,4",7.12,0.9746,1,,Extended nonparametric bootstrap refits from original complete-domain rows.
strict_earliest_primary,strict_primary,SHARE,1,15721,4,-11357.53,0.9332,0.9737,189,nonparametric_bootstrap,0.3671,0.5216,0.7854,"1,2,3,4",7.23,0.9746,1,,Extended nonparametric bootstrap refits from original complete-domain rows.
strict_earliest_primary,strict_primary,SHARE,1,15721,4,-11357.53,0.9332,0.9737,190,nonparametric_bootstrap,0.3667,0.5305,0.7914,"1,2,3,4",7.48,0.973,1,,Extended nonparametric bootstrap refits from original complete-domain rows.
strict_earliest_primary,strict_primary,SHARE,1,15721,4,-11357.53,0.9332,0.9737,191,nonparametric_bootstrap,0.3671,0.5184,0.7539,"1,2,3,4",6.93,0.9749,1,,Extended nonparametric bootstrap refits from original complete-domain rows.
strict_earliest_primary,strict_primary,SHARE,1,15721,4,-11357.53,0.9332,0.9737,192,nonparametric_bootstrap,0.367,0.5199,0.7653,"1,2,3,4",6.98,0.9755,1,,Extended nonparametric bootstrap refits from original complete-domain rows.
strict_earliest_primary,strict_primary,SHARE,1,15721,4,-11357.53,0.9332,0.9737,193,nonparametric_bootstrap,0.9931,0.0452,0.1046,"1,2,3,4",7.16,0.9319,1,,Extended nonparametric bootstrap refits from original complete-domain rows.
strict_earliest_primary,strict_primary,SHARE,1,15721,4,-11357.53,0.9332,0.9737,194,nonparametric_bootstrap,0.3665,0.5108,0.7532,"1,2,3,4",7.52,0.974,1,,Extended nonparametric bootstrap refits from original complete-domain rows.
strict_earliest_primary,strict_primary,SHARE,1,15721,4,-11357.53,0.9332,0.9737,195,nonparametric_bootstrap,0.9957,0.0386,0.074,"1,2,3,4",7.52,0.935,1,,Extended nonparametric bootstrap refits from original complete-domain rows.
strict_earliest_primary,strict_primary,SHARE,1,15721,4,-11357.53,0.9332,0.9737,196,nonparametric_bootstrap,0.3679,0.5174,0.7748,"1,2,3,4",7.21,0.975,1,,Extended nonparametric bootstrap refits from original complete-domain rows.
strict_earliest_primary,strict_primary,SHARE,1,15721,4,-11357.53,0.9332,0.9737,197,nonparametric_bootstrap,0.3673,0.5256,0.8101,"1,2,3,4",7.31,0.9756,1,,Extended nonparametric bootstrap refits from original complete-domain rows.
strict_earliest_primary,strict_primary,SHARE,1,15721,4,-11357.53,0.9332,0.9737,198,nonparametric_bootstrap,0.9974,0.0555,0.1443,"1,2,3,4",7.37,0.9353,1,,Extended nonparametric bootstrap refits from original complete-domain rows.
strict_earliest_primary,strict_primary,SHARE,1,15721,4,-11357.53,0.9332,0.9737,199,nonparametric_bootstrap,0.3676,0.5069,0.7674,"1,2,3,4",7.14,0.9754,1,,Extended nonparametric bootstrap refits from original complete-domain rows.
strict_earliest_primary,strict_primary,SHARE,1,15721,4,-11357.53,0.9332,0.9737,200,nonparametric_bootstrap,0.9945,0.0315,0.0783,"1,2,3,4",7.25,0.9335,1,,Extended nonparametric bootstrap refits from original complete-domain rows.
