analysis_set,analysis_tier,cohort,wave,method,target_classes,replicate_id,adjusted_rand_index_vs_full_fit,replicate_min_class_pct_on_full_data,replicate_converged,skip_reason
strict_earliest_primary,strict_primary,CHARLS,1,gmm_diag,3,1,1.0,11.41385612227945,1,
strict_earliest_primary,strict_primary,CHARLS,1,gmm_diag,3,2,0.9275273522326574,5.9810599767403225,1,
strict_earliest_primary,strict_primary,CHARLS,1,gmm_diag,3,3,0.9275437322214924,5.997674032231267,1,
strict_earliest_primary,strict_primary,CHARLS,1,gmm_diag,3,4,1.0,11.41385612227945,1,
strict_earliest_primary,strict_primary,CHARLS,1,gmm_diag,3,5,0.9275113642242713,6.163814587140721,1,
strict_earliest_primary,strict_primary,CHARLS,1,gmm_diag,3,6,0.9275442447852925,6.6456221963781354,1,
strict_earliest_primary,strict_primary,CHARLS,1,gmm_diag,3,7,1.0,11.41385612227945,1,
strict_earliest_primary,strict_primary,CHARLS,1,gmm_diag,3,8,1.0,11.41385612227945,1,
strict_earliest_primary,strict_primary,CHARLS,1,gmm_diag,3,9,1.0,11.41385612227945,1,
strict_earliest_primary,strict_primary,CHARLS,1,gmm_diag,3,10,1.0,11.41385612227945,1,
strict_earliest_primary,strict_primary,CHARLS,1,gmm_diag,3,11,1.0,11.41385612227945,1,
strict_earliest_primary,strict_primary,CHARLS,1,gmm_diag,3,12,1.0,11.41385612227945,1,
strict_earliest_primary,strict_primary,CHARLS,1,gmm_diag,3,13,1.0,11.41385612227945,1,
strict_earliest_primary,strict_primary,CHARLS,1,gmm_diag,3,14,0.9275333072505254,5.997674032231267,1,
strict_earliest_primary,strict_primary,CHARLS,1,gmm_diag,3,15,1.0,11.41385612227945,1,
strict_earliest_primary,strict_primary,CHARLS,1,gmm_diag,3,16,1.0,11.41385612227945,1,
strict_earliest_primary,strict_primary,CHARLS,1,gmm_diag,3,17,1.0,11.41385612227945,1,
strict_earliest_primary,strict_primary,CHARLS,1,gmm_diag,3,18,1.0,11.41385612227945,1,
strict_earliest_primary,strict_primary,CHARLS,1,gmm_diag,3,19,0.9275226023828955,6.047516198704104,1,
strict_earliest_primary,strict_primary,CHARLS,1,gmm_diag,3,20,1.0,11.41385612227945,1,
strict_earliest_primary,strict_primary,CHARLS,1,gmm_diag,3,21,0.9275394862543974,6.014288087722213,1,
strict_earliest_primary,strict_primary,CHARLS,1,gmm_diag,3,22,0.9275113642242713,6.163814587140721,1,
strict_earliest_primary,strict_primary,CHARLS,1,gmm_diag,3,23,0.9275394862543974,6.014288087722213,1,
strict_earliest_primary,strict_primary,CHARLS,1,gmm_diag,3,24,1.0,11.41385612227945,1,
strict_earliest_primary,strict_primary,CHARLS,1,gmm_diag,3,25,1.0,11.41385612227945,1,
strict_earliest_primary,strict_primary,CHARLS,1,gmm_diag,3,26,1.0,11.41385612227945,1,
strict_earliest_primary,strict_primary,CHARLS,1,gmm_diag,3,27,1.0,11.41385612227945,1,
strict_earliest_primary,strict_primary,CHARLS,1,gmm_diag,3,28,1.0,11.41385612227945,1,
strict_earliest_primary,strict_primary,CHARLS,1,gmm_diag,3,29,0.9275020468376526,6.280112975577339,1,
strict_earliest_primary,strict_primary,CHARLS,1,gmm_diag,3,30,1.0,11.41385612227945,1,
strict_earliest_primary,strict_primary,CHARLS,1,gmm_diag,3,31,1.0,11.41385612227945,1,
strict_earliest_primary,strict_primary,CHARLS,1,gmm_diag,3,32,1.0,11.41385612227945,1,
strict_earliest_primary,strict_primary,CHARLS,1,gmm_diag,3,33,1.0,11.41385612227945,1,
strict_earliest_primary,strict_primary,CHARLS,1,gmm_diag,3,34,1.0,11.41385612227945,1,
strict_earliest_primary,strict_primary,CHARLS,1,gmm_diag,3,35,0.927521620515895,6.09735836517694,1,
strict_earliest_primary,strict_primary,CHARLS,1,gmm_diag,3,36,1.0,11.41385612227945,1,
strict_earliest_primary,strict_primary,CHARLS,1,gmm_diag,3,37,1.0,11.41385612227945,1,
strict_earliest_primary,strict_primary,CHARLS,1,gmm_diag,3,38,1.0,11.41385612227945,1,
strict_earliest_primary,strict_primary,CHARLS,1,gmm_diag,3,39,1.0,11.41385612227945,1,
strict_earliest_primary,strict_primary,CHARLS,1,gmm_diag,3,40,1.0,11.41385612227945,1,
strict_earliest_primary,strict_primary,CHARLS,1,gmm_diag,3,41,0.9275394862543974,6.014288087722213,1,
strict_earliest_primary,strict_primary,CHARLS,1,gmm_diag,3,42,1.0,11.41385612227945,1,
strict_earliest_primary,strict_primary,CHARLS,1,gmm_diag,3,43,0.9275394862543974,6.014288087722213,1,
strict_earliest_primary,strict_primary,CHARLS,1,gmm_diag,3,44,1.0,11.41385612227945,1,
strict_earliest_primary,strict_primary,CHARLS,1,gmm_diag,3,45,0.9300014502600001,3.8876889848812093,1,
strict_earliest_primary,strict_primary,CHARLS,1,gmm_diag,3,46,1.0,11.41385612227945,1,
strict_earliest_primary,strict_primary,CHARLS,1,gmm_diag,3,47,1.0,11.41385612227945,1,
strict_earliest_primary,strict_primary,CHARLS,1,gmm_diag,3,48,0.9275219839043243,6.545937863432464,1,
strict_earliest_primary,strict_primary,CHARLS,1,gmm_diag,3,49,1.0,11.41385612227945,1,
strict_earliest_primary,strict_primary,CHARLS,1,gmm_diag,3,50,1.0,11.41385612227945,1,
strict_earliest_primary,strict_primary,CHARLS,1,gmm_diag,3,51,1.0,11.41385612227945,1,
strict_earliest_primary,strict_primary,CHARLS,1,gmm_diag,3,52,1.0,11.41385612227945,1,
strict_earliest_primary,strict_primary,CHARLS,1,gmm_diag,3,53,0.9275437322214924,5.997674032231267,1,
strict_earliest_primary,strict_primary,CHARLS,1,gmm_diag,3,54,1.0,11.41385612227945,1,
strict_earliest_primary,strict_primary,CHARLS,1,gmm_diag,3,55,1.0,11.41385612227945,1,
strict_earliest_primary,strict_primary,CHARLS,1,gmm_diag,3,56,0.9275394862543974,6.014288087722213,1,
strict_earliest_primary,strict_primary,CHARLS,1,gmm_diag,3,57,1.0,11.41385612227945,1,
strict_earliest_primary,strict_primary,CHARLS,1,gmm_diag,3,58,1.0,11.41385612227945,1,
strict_earliest_primary,strict_primary,CHARLS,1,gmm_diag,3,59,1.0,11.41385612227945,1,
strict_earliest_primary,strict_primary,CHARLS,1,gmm_diag,3,60,0.9275021155369846,6.363183253032065,1,
strict_earliest_primary,strict_primary,CHARLS,1,gmm_diag,3,61,1.0,11.41385612227945,1,
strict_earliest_primary,strict_primary,CHARLS,1,gmm_diag,3,62,1.0,11.41385612227945,1,
strict_earliest_primary,strict_primary,CHARLS,1,gmm_diag,3,63,1.0,11.41385612227945,1,
strict_earliest_primary,strict_primary,CHARLS,1,gmm_diag,3,64,0.9275165870839832,6.080744309685994,1,
strict_earliest_primary,strict_primary,CHARLS,1,gmm_diag,3,65,1.0,11.41385612227945,1,
strict_earliest_primary,strict_primary,CHARLS,1,gmm_diag,3,66,1.0,11.41385612227945,1,
strict_earliest_primary,strict_primary,CHARLS,1,gmm_diag,3,67,1.0,11.41385612227945,1,
strict_earliest_primary,strict_primary,CHARLS,1,gmm_diag,3,68,1.0,11.41385612227945,1,
strict_earliest_primary,strict_primary,CHARLS,1,gmm_diag,3,69,1.0,11.41385612227945,1,
strict_earliest_primary,strict_primary,CHARLS,1,gmm_diag,3,70,1.0,11.41385612227945,1,
strict_earliest_primary,strict_primary,CHARLS,1,gmm_diag,3,71,1.0,11.41385612227945,1,
strict_earliest_primary,strict_primary,CHARLS,1,gmm_diag,3,72,0.6372955135513757,12.144874563881043,1,
strict_earliest_primary,strict_primary,CHARLS,1,gmm_diag,3,73,0.9275394862543974,6.014288087722213,1,
strict_earliest_primary,strict_primary,CHARLS,1,gmm_diag,3,74,1.0,11.41385612227945,1,
strict_earliest_primary,strict_primary,CHARLS,1,gmm_diag,3,75,1.0,11.41385612227945,1,
strict_earliest_primary,strict_primary,CHARLS,1,gmm_diag,3,76,1.0,11.41385612227945,1,
strict_earliest_primary,strict_primary,CHARLS,1,gmm_diag,3,77,0.9299205782421829,4.336268483136734,1,
strict_earliest_primary,strict_primary,CHARLS,1,gmm_diag,3,78,1.0,11.41385612227945,1,
strict_earliest_primary,strict_primary,CHARLS,1,gmm_diag,3,79,1.0,11.41385612227945,1,
strict_earliest_primary,strict_primary,CHARLS,1,gmm_diag,3,80,0.9275394862543974,6.014288087722213,1,
strict_earliest_primary,strict_primary,CHARLS,1,gmm_diag,3,81,0.9275373240929604,5.9810599767403225,1,
strict_earliest_primary,strict_primary,CHARLS,1,gmm_diag,3,82,0.9467012324735046,13.241402226283435,1,
strict_earliest_primary,strict_primary,CHARLS,1,gmm_diag,3,83,1.0,11.41385612227945,1,
strict_earliest_primary,strict_primary,CHARLS,1,gmm_diag,3,84,1.0,11.41385612227945,1,
strict_earliest_primary,strict_primary,CHARLS,1,gmm_diag,3,85,0.927507786188679,6.446253530486793,1,
strict_earliest_primary,strict_primary,CHARLS,1,gmm_diag,3,86,1.0,11.41385612227945,1,
strict_earliest_primary,strict_primary,CHARLS,1,gmm_diag,3,87,1.0,11.41385612227945,1,
strict_earliest_primary,strict_primary,CHARLS,1,gmm_diag,3,88,1.0,11.41385612227945,1,
strict_earliest_primary,strict_primary,CHARLS,1,gmm_diag,3,89,0.9275028015489488,6.379797308523011,1,
strict_earliest_primary,strict_primary,CHARLS,1,gmm_diag,3,90,0.9275316671707046,6.047516198704104,1,
strict_earliest_primary,strict_primary,CHARLS,1,gmm_diag,3,91,1.0,11.41385612227945,1,
strict_earliest_primary,strict_primary,CHARLS,1,gmm_diag,3,92,0.9275016536030223,6.34656919754112,1,
strict_earliest_primary,strict_primary,CHARLS,1,gmm_diag,3,93,1.0,11.41385612227945,1,
strict_earliest_primary,strict_primary,CHARLS,1,gmm_diag,3,94,0.9275113642242713,6.163814587140721,1,
strict_earliest_primary,strict_primary,CHARLS,1,gmm_diag,3,95,0.9275280940333254,6.0641302541950495,1,
strict_earliest_primary,strict_primary,CHARLS,1,gmm_diag,3,96,1.0,11.41385612227945,1,
strict_earliest_primary,strict_primary,CHARLS,1,gmm_diag,3,97,0.9276766576835748,6.977903306197043,1,
strict_earliest_primary,strict_primary,CHARLS,1,gmm_diag,3,98,1.0,11.41385612227945,1,
strict_earliest_primary,strict_primary,CHARLS,1,gmm_diag,3,99,0.9275316671707046,6.047516198704104,1,
strict_earliest_primary,strict_primary,CHARLS,1,gmm_diag,3,100,0.9275247451518137,6.080744309685994,1,
strict_earliest_primary,strict_primary,CHARLS,1,kmeans,3,1,0.9809316137431284,15.750124605416183,1,
strict_earliest_primary,strict_primary,CHARLS,1,kmeans,3,2,0.2707047949203158,14.155175278285428,1,
strict_earliest_primary,strict_primary,CHARLS,1,kmeans,3,3,0.8914518427161608,15.567369995015785,1,
strict_earliest_primary,strict_primary,CHARLS,1,kmeans,3,4,0.2723612159756164,13.557069280611397,1,
strict_earliest_primary,strict_primary,CHARLS,1,kmeans,3,5,0.9220917723352445,15.102176441269313,1,
strict_earliest_primary,strict_primary,CHARLS,1,kmeans,3,6,0.9016951674618556,15.168632663233094,1,
strict_earliest_primary,strict_primary,CHARLS,1,kmeans,3,7,0.27292624590581543,14.86957966439608,1,
strict_earliest_primary,strict_primary,CHARLS,1,kmeans,3,8,0.2713987322389597,14.886193719887025,1,
strict_earliest_primary,strict_primary,CHARLS,1,kmeans,3,9,0.9286839205356471,15.58398405050673,1,
strict_earliest_primary,strict_primary,CHARLS,1,kmeans,3,10,0.9324575551428512,15.46768566207011,1,
strict_earliest_primary,strict_primary,CHARLS,1,kmeans,3,11,0.2690217921126004,13.623525502575179,1,
strict_earliest_primary,strict_primary,CHARLS,1,kmeans,3,12,0.2758049484758522,14.28808772221299,1,
strict_earliest_primary,strict_primary,CHARLS,1,kmeans,3,13,0.9143845312856277,15.251702940687823,1,
strict_earliest_primary,strict_primary,CHARLS,1,kmeans,3,14,0.8709605092589091,15.949493271307528,1,
strict_earliest_primary,strict_primary,CHARLS,1,kmeans,3,15,0.8994294260241615,15.51752782854295,1,
strict_earliest_primary,strict_primary,CHARLS,1,kmeans,3,16,0.975780499901283,15.550755939524837,1,
strict_earliest_primary,strict_primary,CHARLS,1,kmeans,3,17,0.9724379569046521,15.8664229938528,1,
strict_earliest_primary,strict_primary,CHARLS,1,kmeans,3,18,0.8464906877846183,15.301545107160658,1,
strict_earliest_primary,strict_primary,CHARLS,1,kmeans,3,19,0.9354645283645023,15.700282438943347,1,
strict_earliest_primary,strict_primary,CHARLS,1,kmeans,3,20,0.9326680646112517,15.61721216148862,1,
strict_earliest_primary,strict_primary,CHARLS,1,kmeans,3,21,0.9300972961926263,15.750124605416183,1,
strict_earliest_primary,strict_primary,CHARLS,1,kmeans,3,22,0.9846920546160208,15.633826216979566,1,
strict_earliest_primary,strict_primary,CHARLS,1,kmeans,3,23,0.8336383356579224,15.600598105997673,1,
strict_earliest_primary,strict_primary,CHARLS,1,kmeans,3,24,0.7919732855186424,15.93287921581658,1,
strict_earliest_primary,strict_primary,CHARLS,1,kmeans,3,25,0.2654563437182304,14.271473666722049,1,
strict_earliest_primary,strict_primary,CHARLS,1,kmeans,3,26,0.2645815030690316,13.623525502575179,1,
strict_earliest_primary,strict_primary,CHARLS,1,kmeans,3,27,0.27653593338596305,13.97242066788503,1,
strict_earliest_primary,strict_primary,CHARLS,1,kmeans,3,28,0.2710806554016019,13.208174115301546,1,
strict_earliest_primary,strict_primary,CHARLS,1,kmeans,3,29,0.26740254547732817,14.570526665559063,1,
strict_earliest_primary,strict_primary,CHARLS,1,kmeans,3,30,0.27837433952654167,13.241402226283435,1,
strict_earliest_primary,strict_primary,CHARLS,1,kmeans,3,31,0.2693329566325975,14.852965608905134,1,
strict_earliest_primary,strict_primary,CHARLS,1,kmeans,3,32,0.9305814689640637,15.118790496760258,1,
strict_earliest_primary,strict_primary,CHARLS,1,kmeans,3,33,0.9159763791811046,15.567369995015785,1,
strict_earliest_primary,strict_primary,CHARLS,1,kmeans,3,34,0.9751292020768798,15.916265160325635,1,
strict_earliest_primary,strict_primary,CHARLS,1,kmeans,3,35,0.932911459120841,15.799966771889018,1,
strict_earliest_primary,strict_primary,CHARLS,1,kmeans,3,36,0.9945108986244421,15.733510549925237,1,
strict_earliest_primary,strict_primary,CHARLS,1,kmeans,3,37,0.8981219240978326,15.550755939524837,1,
strict_earliest_primary,strict_primary,CHARLS,1,kmeans,3,38,0.277267696919535,14.105333111812593,1,
strict_earliest_primary,strict_primary,CHARLS,1,kmeans,3,39,0.8313283943651292,15.8664229938528,1,
strict_earliest_primary,strict_primary,CHARLS,1,kmeans,3,40,0.9420274765595433,15.700282438943347,1,
strict_earliest_primary,strict_primary,CHARLS,1,kmeans,3,41,0.8998050794370367,15.152018607742148,1,
strict_earliest_primary,strict_primary,CHARLS,1,kmeans,3,42,0.9058014053705878,15.61721216148862,1,
strict_earliest_primary,strict_primary,CHARLS,1,kmeans,3,43,0.8189380195055787,15.916265160325635,1,
strict_earliest_primary,strict_primary,CHARLS,1,kmeans,3,44,0.2718364424144934,14.337929888685826,1,
strict_earliest_primary,strict_primary,CHARLS,1,kmeans,3,45,0.2905017868255439,14.553912610068117,1,
strict_earliest_primary,strict_primary,CHARLS,1,kmeans,3,46,0.27137605379735463,14.271473666722049,1,
strict_earliest_primary,strict_primary,CHARLS,1,kmeans,3,47,0.27255571479444574,14.504070443595282,1,
strict_earliest_primary,strict_primary,CHARLS,1,kmeans,3,48,0.9389614882022745,15.567369995015785,1,
strict_earliest_primary,strict_primary,CHARLS,1,kmeans,3,49,0.9223687378571014,15.301545107160658,1,
strict_earliest_primary,strict_primary,CHARLS,1,kmeans,3,50,0.9711124109947765,15.667054327961456,1,
strict_earliest_primary,strict_primary,CHARLS,1,kmeans,3,51,0.28649510393334754,14.18840338926732,1,
strict_earliest_primary,strict_primary,CHARLS,1,kmeans,3,52,0.8706756862753489,15.235088885196877,1,
strict_earliest_primary,strict_primary,CHARLS,1,kmeans,3,53,0.9782734018735619,15.899651104834689,1,
strict_earliest_primary,strict_primary,CHARLS,1,kmeans,3,54,0.9356493606432169,15.849808938361853,1,
strict_earliest_primary,strict_primary,CHARLS,1,kmeans,3,55,0.26470530505429124,14.28808772221299,1,
strict_earliest_primary,strict_primary,CHARLS,1,kmeans,3,56,0.25279346607275344,13.590297391593287,1,
strict_earliest_primary,strict_primary,CHARLS,1,kmeans,3,57,0.9797220111334362,15.600598105997673,1,
strict_earliest_primary,strict_primary,CHARLS,1,kmeans,3,58,0.9596799966509774,15.46768566207011,1,
strict_earliest_primary,strict_primary,CHARLS,1,kmeans,3,59,0.8613687948350713,15.268316996178768,1,
strict_earliest_primary,strict_primary,CHARLS,1,kmeans,3,60,0.2747004003897527,15.019106163814588,1,
strict_earliest_primary,strict_primary,CHARLS,1,kmeans,3,61,0.271773118481586,14.686825053995682,1,
strict_earliest_primary,strict_primary,CHARLS,1,kmeans,3,62,0.9795220673516084,15.683668383452401,1,
strict_earliest_primary,strict_primary,CHARLS,1,kmeans,3,63,0.9626415238293172,15.766738660907128,1,
strict_earliest_primary,strict_primary,CHARLS,1,kmeans,3,64,0.7742451736650383,15.318159162651604,1,
strict_earliest_primary,strict_primary,CHARLS,1,kmeans,3,65,0.8791767385162965,15.633826216979566,1,
strict_earliest_primary,strict_primary,CHARLS,1,kmeans,3,66,0.9619248219926155,15.849808938361853,1,
strict_earliest_primary,strict_primary,CHARLS,1,kmeans,3,67,0.923244105593479,15.484299717561056,1,
strict_earliest_primary,strict_primary,CHARLS,1,kmeans,3,68,0.9855059734625883,15.700282438943347,1,
strict_earliest_primary,strict_primary,CHARLS,1,kmeans,3,69,0.2737955436194847,14.155175278285428,1,
strict_earliest_primary,strict_primary,CHARLS,1,kmeans,3,70,0.9806677254173011,15.683668383452401,1,
strict_earliest_primary,strict_primary,CHARLS,1,kmeans,3,71,0.936410242164075,15.351387273633494,1,
strict_earliest_primary,strict_primary,CHARLS,1,kmeans,3,72,0.2721757876415431,14.28808772221299,1,
strict_earliest_primary,strict_primary,CHARLS,1,kmeans,3,73,0.9272644454860642,15.683668383452401,1,
strict_earliest_primary,strict_primary,CHARLS,1,kmeans,3,74,0.9333869406619371,15.58398405050673,1,
strict_earliest_primary,strict_primary,CHARLS,1,kmeans,3,75,0.876086121877078,15.251702940687823,1,
strict_earliest_primary,strict_primary,CHARLS,1,kmeans,3,76,0.27430297430666173,14.819737497923244,1,
strict_earliest_primary,strict_primary,CHARLS,1,kmeans,3,77,0.27927398145913,14.520684499086228,1,
strict_earliest_primary,strict_primary,CHARLS,1,kmeans,3,78,0.901379269125414,15.500913773052002,1,
strict_earliest_primary,strict_primary,CHARLS,1,kmeans,3,79,0.26497359113445806,13.806280112975578,1,
strict_earliest_primary,strict_primary,CHARLS,1,kmeans,3,80,0.9177908579101055,15.451071606579166,1,
strict_earliest_primary,strict_primary,CHARLS,1,kmeans,3,81,0.9409781007588016,15.83319488287091,1,
strict_earliest_primary,strict_primary,CHARLS,1,kmeans,3,82,0.87443790796602,15.600598105997673,1,
strict_earliest_primary,strict_primary,CHARLS,1,kmeans,3,83,0.895595079974236,15.185246718724041,1,
strict_earliest_primary,strict_primary,CHARLS,1,kmeans,3,84,0.94211242487491,15.567369995015785,1,
strict_earliest_primary,strict_primary,CHARLS,1,kmeans,3,85,0.8770579661537052,15.43445755108822,1,
strict_earliest_primary,strict_primary,CHARLS,1,kmeans,3,86,0.889215044415631,16.015949493271307,1,
strict_earliest_primary,strict_primary,CHARLS,1,kmeans,3,87,0.9859071659040688,15.982721382289416,1,
strict_earliest_primary,strict_primary,CHARLS,1,kmeans,3,88,0.27584582966025567,14.055490945339757,1,
strict_earliest_primary,strict_primary,CHARLS,1,kmeans,3,89,0.8821104365008535,15.83319488287091,1,
strict_earliest_primary,strict_primary,CHARLS,1,kmeans,3,90,0.9278628920035679,15.849808938361853,1,
strict_earliest_primary,strict_primary,CHARLS,1,kmeans,3,91,0.27403399291907743,14.620368832031899,1,
strict_earliest_primary,strict_primary,CHARLS,1,kmeans,3,92,0.27478774545406126,15.550755939524837,1,
strict_earliest_primary,strict_primary,CHARLS,1,kmeans,3,93,0.9142289874059867,15.550755939524837,1,
strict_earliest_primary,strict_primary,CHARLS,1,kmeans,3,94,0.9648531721263011,15.118790496760258,1,
strict_earliest_primary,strict_primary,CHARLS,1,kmeans,3,95,0.9783765617864938,15.83319488287091,1,
strict_earliest_primary,strict_primary,CHARLS,1,kmeans,3,96,0.26701371233856186,14.038876889848812,1,
strict_earliest_primary,strict_primary,CHARLS,1,kmeans,3,97,0.8806007431267683,15.235088885196877,1,
strict_earliest_primary,strict_primary,CHARLS,1,kmeans,3,98,0.8940940345406394,15.83319488287091,1,
strict_earliest_primary,strict_primary,CHARLS,1,kmeans,3,99,0.27601051435111557,14.653596943013788,1,
strict_earliest_primary,strict_primary,CHARLS,1,kmeans,3,100,0.2634039225754844,13.22478817079249,1,
strict_earliest_primary,strict_primary,CHARLS,1,severity_quantile_k,3,1,1.0,33.32779531483635,1,
strict_earliest_primary,strict_primary,CHARLS,1,severity_quantile_k,3,2,1.0,33.32779531483635,1,
strict_earliest_primary,strict_primary,CHARLS,1,severity_quantile_k,3,3,1.0,33.32779531483635,1,
strict_earliest_primary,strict_primary,CHARLS,1,severity_quantile_k,3,4,1.0,33.32779531483635,1,
strict_earliest_primary,strict_primary,CHARLS,1,severity_quantile_k,3,5,1.0,33.32779531483635,1,
strict_earliest_primary,strict_primary,CHARLS,1,severity_quantile_k,3,6,1.0,33.32779531483635,1,
strict_earliest_primary,strict_primary,CHARLS,1,severity_quantile_k,3,7,1.0,33.32779531483635,1,
strict_earliest_primary,strict_primary,CHARLS,1,severity_quantile_k,3,8,1.0,33.32779531483635,1,
strict_earliest_primary,strict_primary,CHARLS,1,severity_quantile_k,3,9,1.0,33.32779531483635,1,
strict_earliest_primary,strict_primary,CHARLS,1,severity_quantile_k,3,10,1.0,33.32779531483635,1,
strict_earliest_primary,strict_primary,CHARLS,1,severity_quantile_k,3,11,1.0,33.32779531483635,1,
strict_earliest_primary,strict_primary,CHARLS,1,severity_quantile_k,3,12,1.0,33.32779531483635,1,
strict_earliest_primary,strict_primary,CHARLS,1,severity_quantile_k,3,13,1.0,33.32779531483635,1,
strict_earliest_primary,strict_primary,CHARLS,1,severity_quantile_k,3,14,1.0,33.32779531483635,1,
strict_earliest_primary,strict_primary,CHARLS,1,severity_quantile_k,3,15,1.0,33.32779531483635,1,
strict_earliest_primary,strict_primary,CHARLS,1,severity_quantile_k,3,16,1.0,33.32779531483635,1,
strict_earliest_primary,strict_primary,CHARLS,1,severity_quantile_k,3,17,1.0,33.32779531483635,1,
strict_earliest_primary,strict_primary,CHARLS,1,severity_quantile_k,3,18,1.0,33.32779531483635,1,
strict_earliest_primary,strict_primary,CHARLS,1,severity_quantile_k,3,19,1.0,33.32779531483635,1,
strict_earliest_primary,strict_primary,CHARLS,1,severity_quantile_k,3,20,1.0,33.32779531483635,1,
strict_earliest_primary,strict_primary,CHARLS,1,severity_quantile_k,3,21,1.0,33.32779531483635,1,
strict_earliest_primary,strict_primary,CHARLS,1,severity_quantile_k,3,22,1.0,33.32779531483635,1,
strict_earliest_primary,strict_primary,CHARLS,1,severity_quantile_k,3,23,1.0,33.32779531483635,1,
strict_earliest_primary,strict_primary,CHARLS,1,severity_quantile_k,3,24,1.0,33.32779531483635,1,
strict_earliest_primary,strict_primary,CHARLS,1,severity_quantile_k,3,25,1.0,33.32779531483635,1,
strict_earliest_primary,strict_primary,CHARLS,1,severity_quantile_k,3,26,1.0,33.32779531483635,1,
strict_earliest_primary,strict_primary,CHARLS,1,severity_quantile_k,3,27,1.0,33.32779531483635,1,
strict_earliest_primary,strict_primary,CHARLS,1,severity_quantile_k,3,28,1.0,33.32779531483635,1,
strict_earliest_primary,strict_primary,CHARLS,1,severity_quantile_k,3,29,1.0,33.32779531483635,1,
strict_earliest_primary,strict_primary,CHARLS,1,severity_quantile_k,3,30,1.0,33.32779531483635,1,
strict_earliest_primary,strict_primary,CHARLS,1,severity_quantile_k,3,31,1.0,33.32779531483635,1,
strict_earliest_primary,strict_primary,CHARLS,1,severity_quantile_k,3,32,1.0,33.32779531483635,1,
strict_earliest_primary,strict_primary,CHARLS,1,severity_quantile_k,3,33,1.0,33.32779531483635,1,
strict_earliest_primary,strict_primary,CHARLS,1,severity_quantile_k,3,34,1.0,33.32779531483635,1,
strict_earliest_primary,strict_primary,CHARLS,1,severity_quantile_k,3,35,1.0,33.32779531483635,1,
strict_earliest_primary,strict_primary,CHARLS,1,severity_quantile_k,3,36,1.0,33.32779531483635,1,
strict_earliest_primary,strict_primary,CHARLS,1,severity_quantile_k,3,37,1.0,33.32779531483635,1,
strict_earliest_primary,strict_primary,CHARLS,1,severity_quantile_k,3,38,1.0,33.32779531483635,1,
strict_earliest_primary,strict_primary,CHARLS,1,severity_quantile_k,3,39,1.0,33.32779531483635,1,
strict_earliest_primary,strict_primary,CHARLS,1,severity_quantile_k,3,40,1.0,33.32779531483635,1,
strict_earliest_primary,strict_primary,CHARLS,1,severity_quantile_k,3,41,1.0,33.32779531483635,1,
strict_earliest_primary,strict_primary,CHARLS,1,severity_quantile_k,3,42,1.0,33.32779531483635,1,
strict_earliest_primary,strict_primary,CHARLS,1,severity_quantile_k,3,43,1.0,33.32779531483635,1,
strict_earliest_primary,strict_primary,CHARLS,1,severity_quantile_k,3,44,1.0,33.32779531483635,1,
strict_earliest_primary,strict_primary,CHARLS,1,severity_quantile_k,3,45,1.0,33.32779531483635,1,
strict_earliest_primary,strict_primary,CHARLS,1,severity_quantile_k,3,46,1.0,33.32779531483635,1,
strict_earliest_primary,strict_primary,CHARLS,1,severity_quantile_k,3,47,1.0,33.32779531483635,1,
strict_earliest_primary,strict_primary,CHARLS,1,severity_quantile_k,3,48,1.0,33.32779531483635,1,
strict_earliest_primary,strict_primary,CHARLS,1,severity_quantile_k,3,49,1.0,33.32779531483635,1,
strict_earliest_primary,strict_primary,CHARLS,1,severity_quantile_k,3,50,1.0,33.32779531483635,1,
strict_earliest_primary,strict_primary,CHARLS,1,severity_quantile_k,3,51,1.0,33.32779531483635,1,
strict_earliest_primary,strict_primary,CHARLS,1,severity_quantile_k,3,52,1.0,33.32779531483635,1,
strict_earliest_primary,strict_primary,CHARLS,1,severity_quantile_k,3,53,1.0,33.32779531483635,1,
strict_earliest_primary,strict_primary,CHARLS,1,severity_quantile_k,3,54,1.0,33.32779531483635,1,
strict_earliest_primary,strict_primary,CHARLS,1,severity_quantile_k,3,55,1.0,33.32779531483635,1,
strict_earliest_primary,strict_primary,CHARLS,1,severity_quantile_k,3,56,1.0,33.32779531483635,1,
strict_earliest_primary,strict_primary,CHARLS,1,severity_quantile_k,3,57,1.0,33.32779531483635,1,
strict_earliest_primary,strict_primary,CHARLS,1,severity_quantile_k,3,58,1.0,33.32779531483635,1,
strict_earliest_primary,strict_primary,CHARLS,1,severity_quantile_k,3,59,1.0,33.32779531483635,1,
strict_earliest_primary,strict_primary,CHARLS,1,severity_quantile_k,3,60,1.0,33.32779531483635,1,
strict_earliest_primary,strict_primary,CHARLS,1,severity_quantile_k,3,61,1.0,33.32779531483635,1,
strict_earliest_primary,strict_primary,CHARLS,1,severity_quantile_k,3,62,1.0,33.32779531483635,1,
strict_earliest_primary,strict_primary,CHARLS,1,severity_quantile_k,3,63,1.0,33.32779531483635,1,
strict_earliest_primary,strict_primary,CHARLS,1,severity_quantile_k,3,64,1.0,33.32779531483635,1,
strict_earliest_primary,strict_primary,CHARLS,1,severity_quantile_k,3,65,1.0,33.32779531483635,1,
strict_earliest_primary,strict_primary,CHARLS,1,severity_quantile_k,3,66,1.0,33.32779531483635,1,
strict_earliest_primary,strict_primary,CHARLS,1,severity_quantile_k,3,67,1.0,33.32779531483635,1,
strict_earliest_primary,strict_primary,CHARLS,1,severity_quantile_k,3,68,1.0,33.32779531483635,1,
strict_earliest_primary,strict_primary,CHARLS,1,severity_quantile_k,3,69,1.0,33.32779531483635,1,
strict_earliest_primary,strict_primary,CHARLS,1,severity_quantile_k,3,70,1.0,33.32779531483635,1,
strict_earliest_primary,strict_primary,CHARLS,1,severity_quantile_k,3,71,1.0,33.32779531483635,1,
strict_earliest_primary,strict_primary,CHARLS,1,severity_quantile_k,3,72,1.0,33.32779531483635,1,
strict_earliest_primary,strict_primary,CHARLS,1,severity_quantile_k,3,73,1.0,33.32779531483635,1,
strict_earliest_primary,strict_primary,CHARLS,1,severity_quantile_k,3,74,1.0,33.32779531483635,1,
strict_earliest_primary,strict_primary,CHARLS,1,severity_quantile_k,3,75,1.0,33.32779531483635,1,
strict_earliest_primary,strict_primary,CHARLS,1,severity_quantile_k,3,76,1.0,33.32779531483635,1,
strict_earliest_primary,strict_primary,CHARLS,1,severity_quantile_k,3,77,1.0,33.32779531483635,1,
strict_earliest_primary,strict_primary,CHARLS,1,severity_quantile_k,3,78,1.0,33.32779531483635,1,
strict_earliest_primary,strict_primary,CHARLS,1,severity_quantile_k,3,79,1.0,33.32779531483635,1,
strict_earliest_primary,strict_primary,CHARLS,1,severity_quantile_k,3,80,1.0,33.32779531483635,1,
strict_earliest_primary,strict_primary,CHARLS,1,severity_quantile_k,3,81,1.0,33.32779531483635,1,
strict_earliest_primary,strict_primary,CHARLS,1,severity_quantile_k,3,82,1.0,33.32779531483635,1,
strict_earliest_primary,strict_primary,CHARLS,1,severity_quantile_k,3,83,1.0,33.32779531483635,1,
strict_earliest_primary,strict_primary,CHARLS,1,severity_quantile_k,3,84,1.0,33.32779531483635,1,
strict_earliest_primary,strict_primary,CHARLS,1,severity_quantile_k,3,85,1.0,33.32779531483635,1,
strict_earliest_primary,strict_primary,CHARLS,1,severity_quantile_k,3,86,1.0,33.32779531483635,1,
strict_earliest_primary,strict_primary,CHARLS,1,severity_quantile_k,3,87,1.0,33.32779531483635,1,
strict_earliest_primary,strict_primary,CHARLS,1,severity_quantile_k,3,88,1.0,33.32779531483635,1,
strict_earliest_primary,strict_primary,CHARLS,1,severity_quantile_k,3,89,1.0,33.32779531483635,1,
strict_earliest_primary,strict_primary,CHARLS,1,severity_quantile_k,3,90,1.0,33.32779531483635,1,
strict_earliest_primary,strict_primary,CHARLS,1,severity_quantile_k,3,91,1.0,33.32779531483635,1,
strict_earliest_primary,strict_primary,CHARLS,1,severity_quantile_k,3,92,1.0,33.32779531483635,1,
strict_earliest_primary,strict_primary,CHARLS,1,severity_quantile_k,3,93,1.0,33.32779531483635,1,
strict_earliest_primary,strict_primary,CHARLS,1,severity_quantile_k,3,94,1.0,33.32779531483635,1,
strict_earliest_primary,strict_primary,CHARLS,1,severity_quantile_k,3,95,1.0,33.32779531483635,1,
strict_earliest_primary,strict_primary,CHARLS,1,severity_quantile_k,3,96,1.0,33.32779531483635,1,
strict_earliest_primary,strict_primary,CHARLS,1,severity_quantile_k,3,97,1.0,33.32779531483635,1,
strict_earliest_primary,strict_primary,CHARLS,1,severity_quantile_k,3,98,1.0,33.32779531483635,1,
strict_earliest_primary,strict_primary,CHARLS,1,severity_quantile_k,3,99,1.0,33.32779531483635,1,
strict_earliest_primary,strict_primary,CHARLS,1,severity_quantile_k,3,100,1.0,33.32779531483635,1,
strict_earliest_primary,strict_primary,ELSA,1,gmm_diag,5,1,0.9996834268098512,8.961336828309305,1,
strict_earliest_primary,strict_primary,ELSA,1,gmm_diag,5,2,0.9996834268098512,8.961336828309305,1,
strict_earliest_primary,strict_primary,ELSA,1,gmm_diag,5,3,0.8810534100307705,1.146788990825688,1,
strict_earliest_primary,strict_primary,ELSA,1,gmm_diag,5,4,1.0,8.994102228047183,1,
strict_earliest_primary,strict_primary,ELSA,1,gmm_diag,5,5,0.9998415811535709,8.977719528178243,1,
strict_earliest_primary,strict_primary,ELSA,1,gmm_diag,5,6,0.3453544715842373,0.7044560943643512,1,
strict_earliest_primary,strict_primary,ELSA,1,gmm_diag,5,7,1.0,8.994102228047183,1,
strict_earliest_primary,strict_primary,ELSA,1,gmm_diag,5,8,1.0,8.994102228047183,1,
strict_earliest_primary,strict_primary,ELSA,1,gmm_diag,5,9,0.36440944639906037,1.9823066841415464,1,
strict_earliest_primary,strict_primary,ELSA,1,gmm_diag,5,10,0.9996834268098512,8.961336828309305,1,
strict_earliest_primary,strict_primary,ELSA,1,gmm_diag,5,11,0.9996834268098512,8.961336828309305,1,
strict_earliest_primary,strict_primary,ELSA,1,gmm_diag,5,12,0.9996834268098512,8.961336828309305,1,
strict_earliest_primary,strict_primary,ELSA,1,gmm_diag,5,13,0.34698188545393743,0.6716906946264745,1,
strict_earliest_primary,strict_primary,ELSA,1,gmm_diag,5,14,1.0,8.994102228047183,1,
strict_earliest_primary,strict_primary,ELSA,1,gmm_diag,5,15,0.8444425440211497,6.700524246395806,1,
strict_earliest_primary,strict_primary,ELSA,1,gmm_diag,5,16,1.0,8.994102228047183,1,
strict_earliest_primary,strict_primary,ELSA,1,gmm_diag,5,17,0.9996834268098512,8.961336828309305,1,
strict_earliest_primary,strict_primary,ELSA,1,gmm_diag,5,18,0.8745487770464598,0.9829619921363041,1,
strict_earliest_primary,strict_primary,ELSA,1,gmm_diag,5,19,0.8715445652042935,5.357142857142857,1,
strict_earliest_primary,strict_primary,ELSA,1,gmm_diag,5,20,0.8862749988350461,0.0655307994757536,1,
strict_earliest_primary,strict_primary,ELSA,1,gmm_diag,5,21,0.9996834268098512,8.961336828309305,1,
strict_earliest_primary,strict_primary,ELSA,1,gmm_diag,5,22,1.0,8.994102228047183,1,
strict_earliest_primary,strict_primary,ELSA,1,gmm_diag,5,23,0.8841683227100424,0.45871559633027525,1,
strict_earliest_primary,strict_primary,ELSA,1,gmm_diag,5,24,1.0,8.994102228047183,1,
strict_earliest_primary,strict_primary,ELSA,1,gmm_diag,5,25,0.8741600478483929,0.9993446920052425,1,
strict_earliest_primary,strict_primary,ELSA,1,gmm_diag,5,26,0.8849188261671462,0.163826998689384,1,
strict_earliest_primary,strict_primary,ELSA,1,gmm_diag,5,27,0.35118121184720485,0.6225425950196593,1,
strict_earliest_primary,strict_primary,ELSA,1,gmm_diag,5,28,0.35737232869864005,0.21297509829619923,1,
strict_earliest_primary,strict_primary,ELSA,1,gmm_diag,5,29,0.3576891904634843,0.21297509829619923,1,
strict_earliest_primary,strict_primary,ELSA,1,gmm_diag,5,30,0.8715451226637178,5.340760157273919,1,
strict_earliest_primary,strict_primary,ELSA,1,gmm_diag,5,31,1.0,8.994102228047183,1,
strict_earliest_primary,strict_primary,ELSA,1,gmm_diag,5,32,0.4887685900821707,0.4750982961992136,1,
strict_earliest_primary,strict_primary,ELSA,1,gmm_diag,5,33,0.30215392726007984,0.6225425950196593,1,
strict_earliest_primary,strict_primary,ELSA,1,gmm_diag,5,34,0.34239154652294795,1.9823066841415464,1,
strict_earliest_primary,strict_primary,ELSA,1,gmm_diag,5,35,1.0,8.994102228047183,1,
strict_earliest_primary,strict_primary,ELSA,1,gmm_diag,5,36,0.8740238495600149,3.6369593709043255,1,
strict_earliest_primary,strict_primary,ELSA,1,gmm_diag,5,37,0.8860202380097291,0.0327653997378768,1,
strict_earliest_primary,strict_primary,ELSA,1,gmm_diag,5,38,0.8876465129321146,0.24574049803407602,1,
strict_earliest_primary,strict_primary,ELSA,1,gmm_diag,5,39,0.32162039703433243,0.081913499344692,1,
strict_earliest_primary,strict_primary,ELSA,1,gmm_diag,5,40,0.3460404722734075,2.522935779816514,1,
strict_earliest_primary,strict_primary,ELSA,1,gmm_diag,5,41,0.3562107569904382,0.6225425950196593,1,
strict_earliest_primary,strict_primary,ELSA,1,gmm_diag,5,42,0.9996834268098512,8.961336828309305,1,
strict_earliest_primary,strict_primary,ELSA,1,gmm_diag,5,43,0.8715451226637178,5.340760157273919,1,
strict_earliest_primary,strict_primary,ELSA,1,gmm_diag,5,44,0.9996834268098512,8.961336828309305,1,
strict_earliest_primary,strict_primary,ELSA,1,gmm_diag,5,45,0.8818030289407106,0.8519003931847969,1,
strict_earliest_primary,strict_primary,ELSA,1,gmm_diag,5,46,0.8856807106389806,0.0163826998689384,1,
strict_earliest_primary,strict_primary,ELSA,1,gmm_diag,5,47,1.0,8.994102228047183,1,
strict_earliest_primary,strict_primary,ELSA,1,gmm_diag,5,48,0.8857666447177249,10.222804718217562,1,
strict_earliest_primary,strict_primary,ELSA,1,gmm_diag,5,49,1.0,8.994102228047183,1,
strict_earliest_primary,strict_primary,ELSA,1,gmm_diag,5,50,0.3422441762810466,1.9823066841415464,1,
strict_earliest_primary,strict_primary,ELSA,1,gmm_diag,5,51,0.35098888451338295,0.6225425950196593,1,
strict_earliest_primary,strict_primary,ELSA,1,gmm_diag,5,52,0.8860122589814593,0.0655307994757536,1,
strict_earliest_primary,strict_primary,ELSA,1,gmm_diag,5,53,1.0,8.994102228047183,1,
strict_earliest_primary,strict_primary,ELSA,1,gmm_diag,5,54,1.0,8.994102228047183,1,
strict_earliest_primary,strict_primary,ELSA,1,gmm_diag,5,55,1.0,8.994102228047183,1,
strict_earliest_primary,strict_primary,ELSA,1,gmm_diag,5,56,0.3159334318276735,0.6225425950196593,1,
strict_earliest_primary,strict_primary,ELSA,1,gmm_diag,5,57,0.7190005582457663,1.7693315858453473,1,
strict_earliest_primary,strict_primary,ELSA,1,gmm_diag,5,58,0.8715445652042935,5.357142857142857,1,
strict_earliest_primary,strict_primary,ELSA,1,gmm_diag,5,59,0.8866099485397607,0.11467889908256881,1,
strict_earliest_primary,strict_primary,ELSA,1,gmm_diag,5,60,0.8468872607442969,6.389252948885976,1,
strict_earliest_primary,strict_primary,ELSA,1,gmm_diag,5,61,0.9996834268098512,8.961336828309305,1,
strict_earliest_primary,strict_primary,ELSA,1,gmm_diag,5,62,0.3177935872837014,0.7044560943643512,1,
strict_earliest_primary,strict_primary,ELSA,1,gmm_diag,5,63,0.34112964277123914,1.9167758846657927,1,
strict_earliest_primary,strict_primary,ELSA,1,gmm_diag,5,64,0.3453608764388852,1.9823066841415464,1,
strict_earliest_primary,strict_primary,ELSA,1,gmm_diag,5,65,1.0,8.994102228047183,1,
strict_earliest_primary,strict_primary,ELSA,1,gmm_diag,5,66,0.3489097503049985,0.049148099606815196,1,
strict_earliest_primary,strict_primary,ELSA,1,gmm_diag,5,67,1.0,8.994102228047183,1,
strict_earliest_primary,strict_primary,ELSA,1,gmm_diag,5,68,0.8715445652042935,5.357142857142857,1,
strict_earliest_primary,strict_primary,ELSA,1,gmm_diag,5,69,1.0,8.994102228047183,1,
strict_earliest_primary,strict_primary,ELSA,1,gmm_diag,5,70,0.3506565147893201,0.7044560943643512,1,
strict_earliest_primary,strict_primary,ELSA,1,gmm_diag,5,71,0.9996834268098512,8.961336828309305,1,
strict_earliest_primary,strict_primary,ELSA,1,gmm_diag,5,72,0.8723722543775453,2.6703800786369594,1,
strict_earliest_primary,strict_primary,ELSA,1,gmm_diag,5,73,0.9996834268098512,8.961336828309305,1,
strict_earliest_primary,strict_primary,ELSA,1,gmm_diag,5,74,0.3461126824034764,2.408256880733945,1,
strict_earliest_primary,strict_primary,ELSA,1,gmm_diag,5,75,0.9996834268098512,8.961336828309305,1,
strict_earliest_primary,strict_primary,ELSA,1,gmm_diag,5,76,0.8715445652042935,5.357142857142857,1,
strict_earliest_primary,strict_primary,ELSA,1,gmm_diag,5,77,0.8715451226637178,5.340760157273919,1,
strict_earliest_primary,strict_primary,ELSA,1,gmm_diag,5,78,0.9996834268098512,8.961336828309305,1,
strict_earliest_primary,strict_primary,ELSA,1,gmm_diag,5,79,1.0,8.994102228047183,1,
strict_earliest_primary,strict_primary,ELSA,1,gmm_diag,5,80,1.0,8.994102228047183,1,
strict_earliest_primary,strict_primary,ELSA,1,gmm_diag,5,81,0.7329358007638485,7.437745740498033,1,
strict_earliest_primary,strict_primary,ELSA,1,gmm_diag,5,82,0.28026582787102794,6.323722149410223,1,
strict_earliest_primary,strict_primary,ELSA,1,gmm_diag,5,83,0.33087838102197464,2.4246395806028835,1,
strict_earliest_primary,strict_primary,ELSA,1,gmm_diag,5,84,0.34665221114246086,1.998689384010485,1,
strict_earliest_primary,strict_primary,ELSA,1,gmm_diag,5,85,0.3211646340515302,0.8846657929226737,1,
strict_earliest_primary,strict_primary,ELSA,1,gmm_diag,5,86,0.9996834268098512,8.961336828309305,1,
strict_earliest_primary,strict_primary,ELSA,1,gmm_diag,5,87,0.3456880282454246,0.6225425950196593,1,
strict_earliest_primary,strict_primary,ELSA,1,gmm_diag,5,88,1.0,8.994102228047183,1,
strict_earliest_primary,strict_primary,ELSA,1,gmm_diag,5,89,0.8715451226637178,5.340760157273919,1,
strict_earliest_primary,strict_primary,ELSA,1,gmm_diag,5,90,0.3487847418087902,0.7044560943643512,1,
strict_earliest_primary,strict_primary,ELSA,1,gmm_diag,5,91,1.0,8.994102228047183,1,
strict_earliest_primary,strict_primary,ELSA,1,gmm_diag,5,92,0.3478044981668195,1.5399737876802095,1,
strict_earliest_primary,strict_primary,ELSA,1,gmm_diag,5,93,0.9996834268098512,8.961336828309305,1,
strict_earliest_primary,strict_primary,ELSA,1,gmm_diag,5,94,1.0,8.994102228047183,1,
strict_earliest_primary,strict_primary,ELSA,1,gmm_diag,5,95,0.8862749988350461,0.0655307994757536,1,
strict_earliest_primary,strict_primary,ELSA,1,gmm_diag,5,96,1.0,8.994102228047183,1,
strict_earliest_primary,strict_primary,ELSA,1,gmm_diag,5,97,0.3203588417705383,5.357142857142857,1,
strict_earliest_primary,strict_primary,ELSA,1,gmm_diag,5,98,0.3073620335427102,0.7044560943643512,1,
strict_earliest_primary,strict_primary,ELSA,1,gmm_diag,5,99,0.34804085720903893,0.081913499344692,1,
strict_earliest_primary,strict_primary,ELSA,1,gmm_diag,5,100,0.8861206915737625,0.081913499344692,1,
strict_earliest_primary,strict_primary,ELSA,1,kmeans,5,1,0.9481511390203211,7.323066841415465,1,
strict_earliest_primary,strict_primary,ELSA,1,kmeans,5,2,0.976196235365087,8.060288335517694,1,
strict_earliest_primary,strict_primary,ELSA,1,kmeans,5,3,0.9531089695571847,7.601572739187418,1,
strict_earliest_primary,strict_primary,ELSA,1,kmeans,5,4,0.46350224667770634,8.011140235910878,1,
strict_earliest_primary,strict_primary,ELSA,1,kmeans,5,5,0.9273217371499654,7.454128440366972,1,
strict_earliest_primary,strict_primary,ELSA,1,kmeans,5,6,0.9058502784733461,7.077326343381389,1,
strict_earliest_primary,strict_primary,ELSA,1,kmeans,5,7,0.902111783625962,8.011140235910878,1,
strict_earliest_primary,strict_primary,ELSA,1,kmeans,5,8,0.8917405288483561,8.060288335517694,1,
strict_earliest_primary,strict_primary,ELSA,1,kmeans,5,9,0.4372854141090453,8.224115334207077,1,
strict_earliest_primary,strict_primary,ELSA,1,kmeans,5,10,0.9827251405451674,7.388597640891219,1,
strict_earliest_primary,strict_primary,ELSA,1,kmeans,5,11,0.46343332117491604,8.224115334207077,1,
strict_earliest_primary,strict_primary,ELSA,1,kmeans,5,12,0.44010021399855914,7.617955439056356,1,
strict_earliest_primary,strict_primary,ELSA,1,kmeans,5,13,0.4261154495002748,7.814547837483617,1,
strict_earliest_primary,strict_primary,ELSA,1,kmeans,5,14,0.896610286274226,7.830930537352556,1,
strict_earliest_primary,strict_primary,ELSA,1,kmeans,5,15,0.922933784802847,7.192005242463958,1,
strict_earliest_primary,strict_primary,ELSA,1,kmeans,5,16,0.4390042294249792,8.42070773263434,1,
strict_earliest_primary,strict_primary,ELSA,1,kmeans,5,17,0.43636254787079776,7.912844036697248,1,
strict_earliest_primary,strict_primary,ELSA,1,kmeans,5,18,0.9560966024062593,7.48689384010485,1,
strict_earliest_primary,strict_primary,ELSA,1,kmeans,5,19,0.42611682979714094,7.99475753604194,1,
strict_earliest_primary,strict_primary,ELSA,1,kmeans,5,20,0.8684471269042251,7.110091743119266,1,
strict_earliest_primary,strict_primary,ELSA,1,kmeans,5,21,0.8893835392780736,7.896461336828309,1,
strict_earliest_primary,strict_primary,ELSA,1,kmeans,5,22,0.8809094610312194,6.831585845347313,1,
strict_earliest_primary,strict_primary,ELSA,1,kmeans,5,23,0.9836050282823019,7.830930537352556,1,
strict_earliest_primary,strict_primary,ELSA,1,kmeans,5,24,0.43681904056248505,8.289646133682831,1,
strict_earliest_primary,strict_primary,ELSA,1,kmeans,5,25,0.4654558000910256,8.240498034076015,1,
strict_earliest_primary,strict_primary,ELSA,1,kmeans,5,26,0.8998011839102277,7.06094364351245,1,
strict_earliest_primary,strict_primary,ELSA,1,kmeans,5,27,0.9874049449234379,8.355176933158583,1,
strict_earliest_primary,strict_primary,ELSA,1,kmeans,5,28,0.43240850924625224,7.716251638269987,1,
strict_earliest_primary,strict_primary,ELSA,1,kmeans,5,29,0.94339660652588,7.863695937090433,1,
strict_earliest_primary,strict_primary,ELSA,1,kmeans,5,30,0.44052496771278293,7.765399737876802,1,
strict_earliest_primary,strict_primary,ELSA,1,kmeans,5,31,0.48105939874950293,7.945609436435125,1,
strict_earliest_primary,strict_primary,ELSA,1,kmeans,5,32,0.9668801595730937,8.10943643512451,1,
strict_earliest_primary,strict_primary,ELSA,1,kmeans,5,33,0.9651634567010091,7.011795543905635,1,
strict_earliest_primary,strict_primary,ELSA,1,kmeans,5,34,0.9839071303316989,8.076671035386632,1,
strict_earliest_primary,strict_primary,ELSA,1,kmeans,5,35,0.43393409455638615,8.027522935779817,1,
strict_earliest_primary,strict_primary,ELSA,1,kmeans,5,36,0.9488930868703924,6.700524246395806,1,
strict_earliest_primary,strict_primary,ELSA,1,kmeans,5,37,0.9558026977227001,8.256880733944955,1,
strict_earliest_primary,strict_primary,ELSA,1,kmeans,5,38,0.9635157587337027,7.142857142857142,1,
strict_earliest_primary,strict_primary,ELSA,1,kmeans,5,39,0.9540207786734874,7.617955439056356,1,
strict_earliest_primary,strict_primary,ELSA,1,kmeans,5,40,0.4471878475687787,8.50262123197903,1,
strict_earliest_primary,strict_primary,ELSA,1,kmeans,5,41,0.4243030065330357,8.10943643512451,1,
strict_earliest_primary,strict_primary,ELSA,1,kmeans,5,42,0.9646264860394228,7.404980340760157,1,
strict_earliest_primary,strict_primary,ELSA,1,kmeans,5,43,0.8844818852340657,7.241153342070773,1,
strict_earliest_primary,strict_primary,ELSA,1,kmeans,5,44,0.4243341575369142,8.174967234600263,1,
strict_earliest_primary,strict_primary,ELSA,1,kmeans,5,45,0.9826499157312412,7.257536041939712,1,
strict_earliest_primary,strict_primary,ELSA,1,kmeans,5,46,0.4727227484235689,8.748361730013105,1,
strict_earliest_primary,strict_primary,ELSA,1,kmeans,5,47,0.9574029007943737,7.699868938401049,1,
strict_earliest_primary,strict_primary,ELSA,1,kmeans,5,48,0.441320859814873,7.847313237221494,1,
strict_earliest_primary,strict_primary,ELSA,1,kmeans,5,49,0.45255747956964704,8.20773263433814,1,
strict_earliest_primary,strict_primary,ELSA,1,kmeans,5,50,0.8890890741754705,7.847313237221494,1,
strict_earliest_primary,strict_primary,ELSA,1,kmeans,5,51,0.929056551328525,7.470511140235911,1,
strict_earliest_primary,strict_primary,ELSA,1,kmeans,5,52,0.4312520831620045,7.650720838794234,1,
strict_earliest_primary,strict_primary,ELSA,1,kmeans,5,53,0.4400367056581427,8.256880733944955,1,
strict_earliest_primary,strict_primary,ELSA,1,kmeans,5,54,0.982023996530362,7.224770642201834,1,
strict_earliest_primary,strict_primary,ELSA,1,kmeans,5,55,0.4396440072081624,8.043905635648754,1,
strict_earliest_primary,strict_primary,ELSA,1,kmeans,5,56,0.9636862633788223,7.79816513761468,1,
strict_earliest_primary,strict_primary,ELSA,1,kmeans,5,57,0.43637473600670684,8.043905635648754,1,
strict_earliest_primary,strict_primary,ELSA,1,kmeans,5,58,0.41180152769193024,7.650720838794234,1,
strict_earliest_primary,strict_primary,ELSA,1,kmeans,5,59,0.9521558182854909,7.077326343381389,1,
strict_earliest_primary,strict_primary,ELSA,1,kmeans,5,60,0.9760019859408734,7.896461336828309,1,
strict_earliest_primary,strict_primary,ELSA,1,kmeans,5,61,0.9830963243845362,8.125819134993446,1,
strict_earliest_primary,strict_primary,ELSA,1,kmeans,5,62,0.4165006817518817,7.699868938401049,1,
strict_earliest_primary,strict_primary,ELSA,1,kmeans,5,63,0.8742738281200463,7.847313237221494,1,
strict_earliest_primary,strict_primary,ELSA,1,kmeans,5,64,0.955663255648891,7.077326343381389,1,
strict_earliest_primary,strict_primary,ELSA,1,kmeans,5,65,0.4174145010997883,8.142201834862385,1,
strict_earliest_primary,strict_primary,ELSA,1,kmeans,5,66,0.9737182691594002,8.10943643512451,1,
strict_earliest_primary,strict_primary,ELSA,1,kmeans,5,67,0.42099562713612737,8.076671035386632,1,
strict_earliest_primary,strict_primary,ELSA,1,kmeans,5,68,0.9620589333222925,7.814547837483617,1,
strict_earliest_primary,strict_primary,ELSA,1,kmeans,5,69,0.953583780643603,7.48689384010485,1,
strict_earliest_primary,strict_primary,ELSA,1,kmeans,5,70,0.9690564556239966,7.716251638269987,1,
strict_earliest_primary,strict_primary,ELSA,1,kmeans,5,71,0.9710754207955741,8.10943643512451,1,
strict_earliest_primary,strict_primary,ELSA,1,kmeans,5,72,0.4487957834811967,8.355176933158583,1,
strict_earliest_primary,strict_primary,ELSA,1,kmeans,5,73,0.979636577063502,7.749017038007863,1,
strict_earliest_primary,strict_primary,ELSA,1,kmeans,5,74,0.9518372452703322,7.929226736566186,1,
strict_earliest_primary,strict_primary,ELSA,1,kmeans,5,75,0.8980054299323293,7.208387942332896,1,
strict_earliest_primary,strict_primary,ELSA,1,kmeans,5,76,0.4662546628763369,8.224115334207077,1,
strict_earliest_primary,strict_primary,ELSA,1,kmeans,5,77,0.4753338578877832,8.256880733944955,1,
strict_earliest_primary,strict_primary,ELSA,1,kmeans,5,78,0.946261100548519,7.79816513761468,1,
strict_earliest_primary,strict_primary,ELSA,1,kmeans,5,79,0.4368158563867966,8.043905635648754,1,
strict_earliest_primary,strict_primary,ELSA,1,kmeans,5,80,0.9565166481256513,7.404980340760157,1,
strict_earliest_primary,strict_primary,ELSA,1,kmeans,5,81,0.8991889388874008,7.568807339449542,1,
strict_earliest_primary,strict_primary,ELSA,1,kmeans,5,82,0.43251887778304476,7.699868938401049,1,
strict_earliest_primary,strict_primary,ELSA,1,kmeans,5,83,0.945923358921385,8.060288335517694,1,
strict_earliest_primary,strict_primary,ELSA,1,kmeans,5,84,0.982758506054882,7.519659239842726,1,
strict_earliest_primary,strict_primary,ELSA,1,kmeans,5,85,0.8580069263231841,7.290301441677588,1,
strict_earliest_primary,strict_primary,ELSA,1,kmeans,5,86,0.4471907577830528,8.42070773263434,1,
strict_earliest_primary,strict_primary,ELSA,1,kmeans,5,87,0.4381651305020629,8.551769331585845,1,
strict_earliest_primary,strict_primary,ELSA,1,kmeans,5,88,0.4385917787941329,7.470511140235911,1,
strict_earliest_primary,strict_primary,ELSA,1,kmeans,5,89,0.9453407042842004,7.814547837483617,1,
strict_earliest_primary,strict_primary,ELSA,1,kmeans,5,90,0.42337268561387276,7.667103538663171,1,
strict_earliest_primary,strict_primary,ELSA,1,kmeans,5,91,0.4329114173683262,7.536041939711664,1,
strict_earliest_primary,strict_primary,ELSA,1,kmeans,5,92,0.9230750190280456,7.159239842726081,1,
strict_earliest_primary,strict_primary,ELSA,1,kmeans,5,93,0.46483050156142464,8.371559633027523,1,
strict_earliest_primary,strict_primary,ELSA,1,kmeans,5,94,0.437765258620764,8.027522935779817,1,
strict_earliest_primary,strict_primary,ELSA,1,kmeans,5,95,0.41294136505176493,7.847313237221494,1,
strict_earliest_primary,strict_primary,ELSA,1,kmeans,5,96,0.4733660501909822,8.09305373525557,1,
strict_earliest_primary,strict_primary,ELSA,1,kmeans,5,97,0.8858752507119638,7.093709043250327,1,
strict_earliest_primary,strict_primary,ELSA,1,kmeans,5,98,0.9747029056119684,7.912844036697248,1,
strict_earliest_primary,strict_primary,ELSA,1,kmeans,5,99,0.8869155586431019,7.912844036697248,1,
strict_earliest_primary,strict_primary,ELSA,1,kmeans,5,100,0.8577842377496494,8.027522935779817,1,
strict_earliest_primary,strict_primary,ELSA,1,severity_quantile_k,5,1,1.0,19.986893840104848,1,
strict_earliest_primary,strict_primary,ELSA,1,severity_quantile_k,5,2,1.0,19.986893840104848,1,
strict_earliest_primary,strict_primary,ELSA,1,severity_quantile_k,5,3,1.0,19.986893840104848,1,
strict_earliest_primary,strict_primary,ELSA,1,severity_quantile_k,5,4,1.0,19.986893840104848,1,
strict_earliest_primary,strict_primary,ELSA,1,severity_quantile_k,5,5,1.0,19.986893840104848,1,
strict_earliest_primary,strict_primary,ELSA,1,severity_quantile_k,5,6,1.0,19.986893840104848,1,
strict_earliest_primary,strict_primary,ELSA,1,severity_quantile_k,5,7,1.0,19.986893840104848,1,
strict_earliest_primary,strict_primary,ELSA,1,severity_quantile_k,5,8,1.0,19.986893840104848,1,
strict_earliest_primary,strict_primary,ELSA,1,severity_quantile_k,5,9,1.0,19.986893840104848,1,
strict_earliest_primary,strict_primary,ELSA,1,severity_quantile_k,5,10,1.0,19.986893840104848,1,
strict_earliest_primary,strict_primary,ELSA,1,severity_quantile_k,5,11,1.0,19.986893840104848,1,
strict_earliest_primary,strict_primary,ELSA,1,severity_quantile_k,5,12,1.0,19.986893840104848,1,
strict_earliest_primary,strict_primary,ELSA,1,severity_quantile_k,5,13,1.0,19.986893840104848,1,
strict_earliest_primary,strict_primary,ELSA,1,severity_quantile_k,5,14,1.0,19.986893840104848,1,
strict_earliest_primary,strict_primary,ELSA,1,severity_quantile_k,5,15,1.0,19.986893840104848,1,
strict_earliest_primary,strict_primary,ELSA,1,severity_quantile_k,5,16,1.0,19.986893840104848,1,
strict_earliest_primary,strict_primary,ELSA,1,severity_quantile_k,5,17,1.0,19.986893840104848,1,
strict_earliest_primary,strict_primary,ELSA,1,severity_quantile_k,5,18,1.0,19.986893840104848,1,
strict_earliest_primary,strict_primary,ELSA,1,severity_quantile_k,5,19,1.0,19.986893840104848,1,
strict_earliest_primary,strict_primary,ELSA,1,severity_quantile_k,5,20,1.0,19.986893840104848,1,
strict_earliest_primary,strict_primary,ELSA,1,severity_quantile_k,5,21,1.0,19.986893840104848,1,
strict_earliest_primary,strict_primary,ELSA,1,severity_quantile_k,5,22,1.0,19.986893840104848,1,
strict_earliest_primary,strict_primary,ELSA,1,severity_quantile_k,5,23,1.0,19.986893840104848,1,
strict_earliest_primary,strict_primary,ELSA,1,severity_quantile_k,5,24,1.0,19.986893840104848,1,
strict_earliest_primary,strict_primary,ELSA,1,severity_quantile_k,5,25,1.0,19.986893840104848,1,
strict_earliest_primary,strict_primary,ELSA,1,severity_quantile_k,5,26,1.0,19.986893840104848,1,
strict_earliest_primary,strict_primary,ELSA,1,severity_quantile_k,5,27,1.0,19.986893840104848,1,
strict_earliest_primary,strict_primary,ELSA,1,severity_quantile_k,5,28,1.0,19.986893840104848,1,
strict_earliest_primary,strict_primary,ELSA,1,severity_quantile_k,5,29,1.0,19.986893840104848,1,
strict_earliest_primary,strict_primary,ELSA,1,severity_quantile_k,5,30,1.0,19.986893840104848,1,
strict_earliest_primary,strict_primary,ELSA,1,severity_quantile_k,5,31,1.0,19.986893840104848,1,
strict_earliest_primary,strict_primary,ELSA,1,severity_quantile_k,5,32,1.0,19.986893840104848,1,
strict_earliest_primary,strict_primary,ELSA,1,severity_quantile_k,5,33,1.0,19.986893840104848,1,
strict_earliest_primary,strict_primary,ELSA,1,severity_quantile_k,5,34,1.0,19.986893840104848,1,
strict_earliest_primary,strict_primary,ELSA,1,severity_quantile_k,5,35,1.0,19.986893840104848,1,
strict_earliest_primary,strict_primary,ELSA,1,severity_quantile_k,5,36,1.0,19.986893840104848,1,
strict_earliest_primary,strict_primary,ELSA,1,severity_quantile_k,5,37,1.0,19.986893840104848,1,
strict_earliest_primary,strict_primary,ELSA,1,severity_quantile_k,5,38,1.0,19.986893840104848,1,
strict_earliest_primary,strict_primary,ELSA,1,severity_quantile_k,5,39,1.0,19.986893840104848,1,
strict_earliest_primary,strict_primary,ELSA,1,severity_quantile_k,5,40,1.0,19.986893840104848,1,
strict_earliest_primary,strict_primary,ELSA,1,severity_quantile_k,5,41,1.0,19.986893840104848,1,
strict_earliest_primary,strict_primary,ELSA,1,severity_quantile_k,5,42,1.0,19.986893840104848,1,
strict_earliest_primary,strict_primary,ELSA,1,severity_quantile_k,5,43,1.0,19.986893840104848,1,
strict_earliest_primary,strict_primary,ELSA,1,severity_quantile_k,5,44,1.0,19.986893840104848,1,
strict_earliest_primary,strict_primary,ELSA,1,severity_quantile_k,5,45,1.0,19.986893840104848,1,
strict_earliest_primary,strict_primary,ELSA,1,severity_quantile_k,5,46,1.0,19.986893840104848,1,
strict_earliest_primary,strict_primary,ELSA,1,severity_quantile_k,5,47,1.0,19.986893840104848,1,
strict_earliest_primary,strict_primary,ELSA,1,severity_quantile_k,5,48,1.0,19.986893840104848,1,
strict_earliest_primary,strict_primary,ELSA,1,severity_quantile_k,5,49,1.0,19.986893840104848,1,
strict_earliest_primary,strict_primary,ELSA,1,severity_quantile_k,5,50,1.0,19.986893840104848,1,
strict_earliest_primary,strict_primary,ELSA,1,severity_quantile_k,5,51,1.0,19.986893840104848,1,
strict_earliest_primary,strict_primary,ELSA,1,severity_quantile_k,5,52,1.0,19.986893840104848,1,
strict_earliest_primary,strict_primary,ELSA,1,severity_quantile_k,5,53,1.0,19.986893840104848,1,
strict_earliest_primary,strict_primary,ELSA,1,severity_quantile_k,5,54,1.0,19.986893840104848,1,
strict_earliest_primary,strict_primary,ELSA,1,severity_quantile_k,5,55,1.0,19.986893840104848,1,
strict_earliest_primary,strict_primary,ELSA,1,severity_quantile_k,5,56,1.0,19.986893840104848,1,
strict_earliest_primary,strict_primary,ELSA,1,severity_quantile_k,5,57,1.0,19.986893840104848,1,
strict_earliest_primary,strict_primary,ELSA,1,severity_quantile_k,5,58,1.0,19.986893840104848,1,
strict_earliest_primary,strict_primary,ELSA,1,severity_quantile_k,5,59,1.0,19.986893840104848,1,
strict_earliest_primary,strict_primary,ELSA,1,severity_quantile_k,5,60,1.0,19.986893840104848,1,
strict_earliest_primary,strict_primary,ELSA,1,severity_quantile_k,5,61,1.0,19.986893840104848,1,
strict_earliest_primary,strict_primary,ELSA,1,severity_quantile_k,5,62,1.0,19.986893840104848,1,
strict_earliest_primary,strict_primary,ELSA,1,severity_quantile_k,5,63,1.0,19.986893840104848,1,
strict_earliest_primary,strict_primary,ELSA,1,severity_quantile_k,5,64,1.0,19.986893840104848,1,
strict_earliest_primary,strict_primary,ELSA,1,severity_quantile_k,5,65,1.0,19.986893840104848,1,
strict_earliest_primary,strict_primary,ELSA,1,severity_quantile_k,5,66,1.0,19.986893840104848,1,
strict_earliest_primary,strict_primary,ELSA,1,severity_quantile_k,5,67,1.0,19.986893840104848,1,
strict_earliest_primary,strict_primary,ELSA,1,severity_quantile_k,5,68,1.0,19.986893840104848,1,
strict_earliest_primary,strict_primary,ELSA,1,severity_quantile_k,5,69,1.0,19.986893840104848,1,
strict_earliest_primary,strict_primary,ELSA,1,severity_quantile_k,5,70,1.0,19.986893840104848,1,
strict_earliest_primary,strict_primary,ELSA,1,severity_quantile_k,5,71,1.0,19.986893840104848,1,
strict_earliest_primary,strict_primary,ELSA,1,severity_quantile_k,5,72,1.0,19.986893840104848,1,
strict_earliest_primary,strict_primary,ELSA,1,severity_quantile_k,5,73,1.0,19.986893840104848,1,
strict_earliest_primary,strict_primary,ELSA,1,severity_quantile_k,5,74,1.0,19.986893840104848,1,
strict_earliest_primary,strict_primary,ELSA,1,severity_quantile_k,5,75,1.0,19.986893840104848,1,
strict_earliest_primary,strict_primary,ELSA,1,severity_quantile_k,5,76,1.0,19.986893840104848,1,
strict_earliest_primary,strict_primary,ELSA,1,severity_quantile_k,5,77,1.0,19.986893840104848,1,
strict_earliest_primary,strict_primary,ELSA,1,severity_quantile_k,5,78,1.0,19.986893840104848,1,
strict_earliest_primary,strict_primary,ELSA,1,severity_quantile_k,5,79,1.0,19.986893840104848,1,
strict_earliest_primary,strict_primary,ELSA,1,severity_quantile_k,5,80,1.0,19.986893840104848,1,
strict_earliest_primary,strict_primary,ELSA,1,severity_quantile_k,5,81,1.0,19.986893840104848,1,
strict_earliest_primary,strict_primary,ELSA,1,severity_quantile_k,5,82,1.0,19.986893840104848,1,
strict_earliest_primary,strict_primary,ELSA,1,severity_quantile_k,5,83,1.0,19.986893840104848,1,
strict_earliest_primary,strict_primary,ELSA,1,severity_quantile_k,5,84,1.0,19.986893840104848,1,
strict_earliest_primary,strict_primary,ELSA,1,severity_quantile_k,5,85,1.0,19.986893840104848,1,
strict_earliest_primary,strict_primary,ELSA,1,severity_quantile_k,5,86,1.0,19.986893840104848,1,
strict_earliest_primary,strict_primary,ELSA,1,severity_quantile_k,5,87,1.0,19.986893840104848,1,
strict_earliest_primary,strict_primary,ELSA,1,severity_quantile_k,5,88,1.0,19.986893840104848,1,
strict_earliest_primary,strict_primary,ELSA,1,severity_quantile_k,5,89,1.0,19.986893840104848,1,
strict_earliest_primary,strict_primary,ELSA,1,severity_quantile_k,5,90,1.0,19.986893840104848,1,
strict_earliest_primary,strict_primary,ELSA,1,severity_quantile_k,5,91,1.0,19.986893840104848,1,
strict_earliest_primary,strict_primary,ELSA,1,severity_quantile_k,5,92,1.0,19.986893840104848,1,
strict_earliest_primary,strict_primary,ELSA,1,severity_quantile_k,5,93,1.0,19.986893840104848,1,
strict_earliest_primary,strict_primary,ELSA,1,severity_quantile_k,5,94,1.0,19.986893840104848,1,
strict_earliest_primary,strict_primary,ELSA,1,severity_quantile_k,5,95,1.0,19.986893840104848,1,
strict_earliest_primary,strict_primary,ELSA,1,severity_quantile_k,5,96,1.0,19.986893840104848,1,
strict_earliest_primary,strict_primary,ELSA,1,severity_quantile_k,5,97,1.0,19.986893840104848,1,
strict_earliest_primary,strict_primary,ELSA,1,severity_quantile_k,5,98,1.0,19.986893840104848,1,
strict_earliest_primary,strict_primary,ELSA,1,severity_quantile_k,5,99,1.0,19.986893840104848,1,
strict_earliest_primary,strict_primary,ELSA,1,severity_quantile_k,5,100,1.0,19.986893840104848,1,
strict_earliest_primary,strict_primary,HRS,5,gmm_diag,5,1,0.9904436855031644,0.27445598902176044,1,
strict_earliest_primary,strict_primary,HRS,5,gmm_diag,5,2,0.9869606390191115,2.9209958831601646,1,
strict_earliest_primary,strict_primary,HRS,5,gmm_diag,5,3,0.9815143906395795,0.15683199372672024,1,
strict_earliest_primary,strict_primary,HRS,5,gmm_diag,5,4,0.4054844188537732,2.0780239168790433,1,
strict_earliest_primary,strict_primary,HRS,5,gmm_diag,5,5,0.4169231600911868,2.7739658890413645,1,
strict_earliest_primary,strict_primary,HRS,5,gmm_diag,5,6,0.9929433758162698,0.009801999607920015,1,
strict_earliest_primary,strict_primary,HRS,5,gmm_diag,5,7,0.38860946431823207,4.048225838070967,1,
strict_earliest_primary,strict_primary,HRS,5,gmm_diag,5,8,0.4021351471416106,0.2450499901980004,1,
strict_earliest_primary,strict_primary,HRS,5,gmm_diag,5,9,0.9815665694522666,0.1176239952950402,1,
strict_earliest_primary,strict_primary,HRS,5,gmm_diag,5,10,0.404133225258834,1.9800039207998432,1,
strict_earliest_primary,strict_primary,HRS,5,gmm_diag,5,11,0.4044535522115718,2.352479905900804,1,
strict_earliest_primary,strict_primary,HRS,5,gmm_diag,5,12,0.9902808155008678,0.009801999607920015,1,
strict_earliest_primary,strict_primary,HRS,5,gmm_diag,5,13,0.9902385826921737,1.4114879435404821,1,
strict_earliest_primary,strict_primary,HRS,5,gmm_diag,5,14,0.9916619720016687,0.8723779651048815,1,
strict_earliest_primary,strict_primary,HRS,5,gmm_diag,5,15,0.9909672614848741,0.33326798666928054,1,
strict_earliest_primary,strict_primary,HRS,5,gmm_diag,5,16,0.9811780034920166,0.44108998235640073,1,
strict_earliest_primary,strict_primary,HRS,5,gmm_diag,5,17,0.4119072261320644,2.8229758870809643,1,
strict_earliest_primary,strict_primary,HRS,5,gmm_diag,5,18,0.9908052167424632,0.4802979807880808,1,
strict_earliest_primary,strict_primary,HRS,5,gmm_diag,5,19,0.40533914466132365,4.303077827876887,1,
strict_earliest_primary,strict_primary,HRS,5,gmm_diag,5,20,0.4091262624146118,4.048225838070967,1,
strict_earliest_primary,strict_primary,HRS,5,gmm_diag,5,21,0.9812524595296487,0.3724759851009606,1,
strict_earliest_primary,strict_primary,HRS,5,gmm_diag,5,22,0.9904529269816689,0.009801999607920015,1,
strict_earliest_primary,strict_primary,HRS,5,gmm_diag,5,23,0.4018772068530466,0.6861399725544011,1,
strict_earliest_primary,strict_primary,HRS,5,gmm_diag,5,24,0.9807365641948562,0.9900019603999216,1,
strict_earliest_primary,strict_primary,HRS,5,gmm_diag,5,25,0.9916831906189142,0.7351499705940011,1,
strict_earliest_primary,strict_primary,HRS,5,gmm_diag,5,26,0.4064710695455812,0.009801999607920015,1,
strict_earliest_primary,strict_primary,HRS,5,gmm_diag,5,27,0.9889311960334489,0.20584199176632034,1,
strict_earliest_primary,strict_primary,HRS,5,gmm_diag,5,28,0.9910571819392868,0.04900999803960007,1,
strict_earliest_primary,strict_primary,HRS,5,gmm_diag,5,29,0.4064079159960103,2.636737894530484,1,
strict_earliest_primary,strict_primary,HRS,5,gmm_diag,5,30,0.9903342380576751,0.009801999607920015,1,
strict_earliest_primary,strict_primary,HRS,5,gmm_diag,5,31,0.4021775574690424,0.12742599490296022,1,
strict_earliest_primary,strict_primary,HRS,5,gmm_diag,5,32,0.9814021138773873,0.2450499901980004,1,
strict_earliest_primary,strict_primary,HRS,5,gmm_diag,5,33,0.4052058916698139,0.4999019800039208,1,
strict_earliest_primary,strict_primary,HRS,5,gmm_diag,5,34,0.9809803511296463,0.646931974122721,1,
strict_earliest_primary,strict_primary,HRS,5,gmm_diag,5,35,0.990671850328049,0.2254459909821604,1,
strict_earliest_primary,strict_primary,HRS,5,gmm_diag,5,36,0.98963481498859,0.27445598902176044,1,
strict_earliest_primary,strict_primary,HRS,5,gmm_diag,5,37,0.9810419507764829,0.5783179768672809,1,
strict_earliest_primary,strict_primary,HRS,5,gmm_diag,5,38,0.9808997802214716,0.7449519702019212,1,
strict_earliest_primary,strict_primary,HRS,5,gmm_diag,5,39,0.9887388595953209,0.4312879827484807,1,
strict_earliest_primary,strict_primary,HRS,5,gmm_diag,5,40,0.9909131194063642,0.02940599882376005,1,
strict_earliest_primary,strict_primary,HRS,5,gmm_diag,5,41,0.4061986238019484,2.9013918839443247,1,
strict_earliest_primary,strict_primary,HRS,5,gmm_diag,5,42,0.9906254502873708,0.009801999607920015,1,
strict_earliest_primary,strict_primary,HRS,5,gmm_diag,5,43,0.40492609272263813,0.7841599686336012,1,
strict_earliest_primary,strict_primary,HRS,5,gmm_diag,5,44,0.9901959836252632,0.02940599882376005,1,
strict_earliest_primary,strict_primary,HRS,5,gmm_diag,5,45,0.9812745202981837,0.35287198588512053,1,
strict_earliest_primary,strict_primary,HRS,5,gmm_diag,5,46,0.40215185527073577,0.1960399921584003,1,
strict_earliest_primary,strict_primary,HRS,5,gmm_diag,5,47,0.4044276225946145,1.293863948245442,1,
strict_earliest_primary,strict_primary,HRS,5,gmm_diag,5,48,0.9953259171188847,0.14702999411880024,1,
strict_earliest_primary,strict_primary,HRS,5,gmm_diag,5,49,0.40198233990517274,0.1960399921584003,1,
strict_earliest_primary,strict_primary,HRS,5,gmm_diag,5,50,0.4020628872435124,9.243285630268575,1,
strict_earliest_primary,strict_primary,HRS,5,gmm_diag,5,51,0.9910032053647649,0.01960399921584003,1,
strict_earliest_primary,strict_primary,HRS,5,gmm_diag,5,52,0.40201986193945727,0.09801999607920014,1,
strict_earliest_primary,strict_primary,HRS,5,gmm_diag,5,53,0.9807055102107134,1.0488139580474418,1,
strict_earliest_primary,strict_primary,HRS,5,gmm_diag,5,54,0.9813312040660367,0.3038619878455205,1,
strict_earliest_primary,strict_primary,HRS,5,gmm_diag,5,55,0.9791969065539254,0.06861399725544011,1,
strict_earliest_primary,strict_primary,HRS,5,gmm_diag,5,56,0.990594651260319,0.03920799843168006,1,
strict_earliest_primary,strict_primary,HRS,5,gmm_diag,5,57,0.41218346003179474,2.1270339149186435,1,
strict_earliest_primary,strict_primary,HRS,5,gmm_diag,5,58,0.9890696450833966,0.3626739854930406,1,
strict_earliest_primary,strict_primary,HRS,5,gmm_diag,5,59,0.40210292353767063,0.009801999607920015,1,
strict_earliest_primary,strict_primary,HRS,5,gmm_diag,5,60,0.9831115541492663,2.2054499117820034,1,
strict_earliest_primary,strict_primary,HRS,5,gmm_diag,5,61,0.9898513956805043,0.8625759654969614,1,
strict_earliest_primary,strict_primary,HRS,5,gmm_diag,5,62,0.9810615610452652,2.646539894138404,1,
strict_earliest_primary,strict_primary,HRS,5,gmm_diag,5,63,0.40585259672352403,2.754361889825524,1,
strict_earliest_primary,strict_primary,HRS,5,gmm_diag,5,64,0.9908717934012948,0.03920799843168006,1,
strict_earliest_primary,strict_primary,HRS,5,gmm_diag,5,65,0.40696754585265266,2.372083905116644,1,
strict_earliest_primary,strict_primary,HRS,5,gmm_diag,5,66,0.40921577782990803,0.3136639874534405,1,
strict_earliest_primary,strict_primary,HRS,5,gmm_diag,5,67,0.9902281852602317,1.4801019407959224,1,
strict_earliest_primary,strict_primary,HRS,5,gmm_diag,5,68,0.9904335338975466,0.03920799843168006,1,
strict_earliest_primary,strict_primary,HRS,5,gmm_diag,5,69,0.9894919556943085,0.2450499901980004,1,
strict_earliest_primary,strict_primary,HRS,5,gmm_diag,5,70,0.9901998344941599,0.009801999607920015,1,
strict_earliest_primary,strict_primary,HRS,5,gmm_diag,5,71,0.9927507313559151,0.009801999607920015,1,
strict_earliest_primary,strict_primary,HRS,5,gmm_diag,5,72,0.4021257823726581,0.27445598902176044,1,
strict_earliest_primary,strict_primary,HRS,5,gmm_diag,5,73,0.41453806440064234,2.1662419133503237,1,
strict_earliest_primary,strict_primary,HRS,5,gmm_diag,5,74,0.40210292353767063,0.009801999607920015,1,
strict_earliest_primary,strict_primary,HRS,5,gmm_diag,5,75,0.35859673053805463,4.851989805920407,1,
strict_earliest_primary,strict_primary,HRS,5,gmm_diag,5,76,0.4060210296866745,2.3034699078612038,1,
strict_earliest_primary,strict_primary,HRS,5,gmm_diag,5,77,0.9905133516669112,0.4508919819643208,1,
strict_earliest_primary,strict_primary,HRS,5,gmm_diag,5,78,0.9903923663981129,0.3920799843168006,1,
strict_earliest_primary,strict_primary,HRS,5,gmm_diag,5,79,0.40510505251009155,2.430895902764164,1,
strict_earliest_primary,strict_primary,HRS,5,gmm_diag,5,80,0.39617766371583973,4.048225838070967,1,
strict_earliest_primary,strict_primary,HRS,5,gmm_diag,5,81,0.9910020498990382,0.3038619878455205,1,
strict_earliest_primary,strict_primary,HRS,5,gmm_diag,5,82,0.9880094584774602,0.5587139776514409,1,
strict_earliest_primary,strict_primary,HRS,5,gmm_diag,5,83,0.4145018569013964,2.4603019015879237,1,
strict_earliest_primary,strict_primary,HRS,5,gmm_diag,5,84,0.9881737224895748,0.5587139776514409,1,
strict_earliest_primary,strict_primary,HRS,5,gmm_diag,5,85,0.4022324449739899,9.243285630268575,1,
strict_earliest_primary,strict_primary,HRS,5,gmm_diag,5,86,0.3965168045037181,3.4012938639482453,1,
strict_earliest_primary,strict_primary,HRS,5,gmm_diag,5,87,0.40197317854444786,0.0588119976475201,1,
strict_earliest_primary,strict_primary,HRS,5,gmm_diag,5,88,0.992057938397265,0.44108998235640073,1,
strict_earliest_primary,strict_primary,HRS,5,gmm_diag,5,89,0.4070102041480734,2.2446579102136837,1,
strict_earliest_primary,strict_primary,HRS,5,gmm_diag,5,90,0.40210322957536554,0.35287198588512053,1,
strict_earliest_primary,strict_primary,HRS,5,gmm_diag,5,91,0.9902774288864451,0.009801999607920015,1,
strict_earliest_primary,strict_primary,HRS,5,gmm_diag,5,92,0.994879079106898,0.7939619682415213,1,
strict_earliest_primary,strict_primary,HRS,5,gmm_diag,5,93,0.9905683833480915,0.009801999607920015,1,
strict_earliest_primary,strict_primary,HRS,5,gmm_diag,5,94,0.9916169705728498,2.2054499117820034,1,
strict_earliest_primary,strict_primary,HRS,5,gmm_diag,5,95,0.4022324449739899,9.243285630268575,1,
strict_earliest_primary,strict_primary,HRS,5,gmm_diag,5,96,0.4065401989174801,2.019211919231523,1,
strict_earliest_primary,strict_primary,HRS,5,gmm_diag,5,97,0.40216993885130214,0.14702999411880024,1,
strict_earliest_primary,strict_primary,HRS,5,gmm_diag,5,98,0.9948172307104601,0.01960399921584003,1,
strict_earliest_primary,strict_primary,HRS,5,gmm_diag,5,99,0.40198940415422985,0.17643599294256027,1,
strict_earliest_primary,strict_primary,HRS,5,gmm_diag,5,100,0.9903767564914211,0.03920799843168006,1,
strict_earliest_primary,strict_primary,HRS,5,kmeans,5,1,0.9803415309530008,5.930209762791609,1,
strict_earliest_primary,strict_primary,HRS,5,kmeans,5,2,0.981847098109744,6.15565575377377,1,
strict_earliest_primary,strict_primary,HRS,5,kmeans,5,3,0.9949109511939715,6.21446775142129,1,
strict_earliest_primary,strict_primary,HRS,5,kmeans,5,4,0.8678320056913914,6.165457753381689,1,
strict_earliest_primary,strict_primary,HRS,5,kmeans,5,5,0.862871213052421,6.11644775534209,1,
strict_earliest_primary,strict_primary,HRS,5,kmeans,5,6,0.9949500215798823,6.11644775534209,1,
strict_earliest_primary,strict_primary,HRS,5,kmeans,5,7,0.8542140902560018,6.23407175063713,1,
strict_earliest_primary,strict_primary,HRS,5,kmeans,5,8,0.8683337344882635,6.096843756126249,1,
strict_earliest_primary,strict_primary,HRS,5,kmeans,5,9,0.9780701835583901,6.17525975298961,1,
strict_earliest_primary,strict_primary,HRS,5,kmeans,5,10,0.885769654164793,6.3026857478925695,1,
strict_earliest_primary,strict_primary,HRS,5,kmeans,5,11,0.8551383021584404,5.930209762791609,1,
strict_earliest_primary,strict_primary,HRS,5,kmeans,5,12,0.865563321464846,5.636149774554009,1,
strict_earliest_primary,strict_primary,HRS,5,kmeans,5,13,0.9734788655473047,6.096843756126249,1,
strict_earliest_primary,strict_primary,HRS,5,kmeans,5,14,0.8669862536287221,6.01842775926289,1,
strict_earliest_primary,strict_primary,HRS,5,kmeans,5,15,0.7078452724238389,6.420309743187611,1,
strict_earliest_primary,strict_primary,HRS,5,kmeans,5,16,0.8854354784570816,6.32228974710841,1,
strict_earliest_primary,strict_primary,HRS,5,kmeans,5,17,0.7104910187510001,5.724367771025289,1,
strict_earliest_primary,strict_primary,HRS,5,kmeans,5,18,0.8562597518676263,6.25367574985297,1,
strict_earliest_primary,strict_primary,HRS,5,kmeans,5,19,0.9956502937282127,6.29288374828465,1,
strict_earliest_primary,strict_primary,HRS,5,kmeans,5,20,0.820585601884763,6.29288374828465,1,
strict_earliest_primary,strict_primary,HRS,5,kmeans,5,21,0.874325028400299,6.15565575377377,1,
strict_earliest_primary,strict_primary,HRS,5,kmeans,5,22,0.7116380497229717,6.17525975298961,1,
strict_earliest_primary,strict_primary,HRS,5,kmeans,5,23,0.8609044309602009,5.714565771417369,1,
strict_earliest_primary,strict_primary,HRS,5,kmeans,5,24,0.9942754139677923,5.979219760831209,1,
strict_earliest_primary,strict_primary,HRS,5,kmeans,5,25,0.9646179479560438,6.2830817486767305,1,
strict_earliest_primary,strict_primary,HRS,5,kmeans,5,26,0.9192851819845749,6.21446775142129,1,
strict_earliest_primary,strict_primary,HRS,5,kmeans,5,27,0.9891730219897826,6.08704175651833,1,
strict_earliest_primary,strict_primary,HRS,5,kmeans,5,28,0.9949379658678076,6.12624975495001,1,
strict_earliest_primary,strict_primary,HRS,5,kmeans,5,29,0.9521891151315091,5.881199764752009,1,
strict_earliest_primary,strict_primary,HRS,5,kmeans,5,30,0.9875517282991142,6.25367574985297,1,
strict_earliest_primary,strict_primary,HRS,5,kmeans,5,31,0.6970366463449862,6.24387375024505,1,
strict_earliest_primary,strict_primary,HRS,5,kmeans,5,32,0.9561953770589825,5.83218976671241,1,
strict_earliest_primary,strict_primary,HRS,5,kmeans,5,33,0.9878890893586366,6.273279749068809,1,
strict_earliest_primary,strict_primary,HRS,5,kmeans,5,34,0.9782405987235259,6.22426975102921,1,
strict_earliest_primary,strict_primary,HRS,5,kmeans,5,35,0.8572809357669766,6.26347774946089,1,
strict_earliest_primary,strict_primary,HRS,5,kmeans,5,36,0.9498448596311654,6.26347774946089,1,
strict_earliest_primary,strict_primary,HRS,5,kmeans,5,37,0.8911507706367278,6.3026857478925695,1,
strict_earliest_primary,strict_primary,HRS,5,kmeans,5,38,0.8764500063648936,6.36149774554009,1,
strict_earliest_primary,strict_primary,HRS,5,kmeans,5,39,0.854244923703599,5.8517937659282495,1,
strict_earliest_primary,strict_primary,HRS,5,kmeans,5,40,0.9836801098979377,6.10664575573417,1,
strict_earliest_primary,strict_primary,HRS,5,kmeans,5,41,0.9966133321109557,6.11644775534209,1,
strict_earliest_primary,strict_primary,HRS,5,kmeans,5,42,0.8613492897106203,6.12624975495001,1,
strict_earliest_primary,strict_primary,HRS,5,kmeans,5,43,0.8635117899477844,6.25367574985297,1,
strict_earliest_primary,strict_primary,HRS,5,kmeans,5,44,0.7137452922804105,6.0086257596549695,1,
strict_earliest_primary,strict_primary,HRS,5,kmeans,5,45,0.99168421967712,5.98902176043913,1,
strict_earliest_primary,strict_primary,HRS,5,kmeans,5,46,0.8635986638097161,6.14585375416585,1,
strict_earliest_primary,strict_primary,HRS,5,kmeans,5,47,0.708868221942975,6.26347774946089,1,
strict_earliest_primary,strict_primary,HRS,5,kmeans,5,48,0.8581855110080162,6.13605175455793,1,
strict_earliest_primary,strict_primary,HRS,5,kmeans,5,49,0.9471163079602009,6.13605175455793,1,
strict_earliest_primary,strict_primary,HRS,5,kmeans,5,50,0.9631569305691404,6.19486375220545,1,
strict_earliest_primary,strict_primary,HRS,5,kmeans,5,51,0.9871881686908994,6.06743775730249,1,
strict_earliest_primary,strict_primary,HRS,5,kmeans,5,52,0.8582127433341626,6.0086257596549695,1,
strict_earliest_primary,strict_primary,HRS,5,kmeans,5,53,0.8508224422897198,5.891001764359929,1,
strict_earliest_primary,strict_primary,HRS,5,kmeans,5,54,0.8165702198626748,5.979219760831209,1,
strict_earliest_primary,strict_primary,HRS,5,kmeans,5,55,0.8879302151454476,6.381101744755931,1,
strict_earliest_primary,strict_primary,HRS,5,kmeans,5,56,0.994755554454085,6.096843756126249,1,
strict_earliest_primary,strict_primary,HRS,5,kmeans,5,57,0.806504533299136,6.3026857478925695,1,
strict_earliest_primary,strict_primary,HRS,5,kmeans,5,58,0.8838133783598667,6.13605175455793,1,
strict_earliest_primary,strict_primary,HRS,5,kmeans,5,59,0.9942781769484608,6.3026857478925695,1,
strict_earliest_primary,strict_primary,HRS,5,kmeans,5,60,0.9775945332311295,5.822387767104489,1,
strict_earliest_primary,strict_primary,HRS,5,kmeans,5,61,0.8782960016616491,5.959615761615369,1,
strict_earliest_primary,strict_primary,HRS,5,kmeans,5,62,0.8578927441598142,6.15565575377377,1,
strict_earliest_primary,strict_primary,HRS,5,kmeans,5,63,0.8394649917282183,6.46931974122721,1,
strict_earliest_primary,strict_primary,HRS,5,kmeans,5,64,0.8552131825219033,5.94981376200745,1,
strict_earliest_primary,strict_primary,HRS,5,kmeans,5,65,0.7099601705758459,6.22426975102921,1,
strict_earliest_primary,strict_primary,HRS,5,kmeans,5,66,0.9910873050432402,5.704763771809449,1,
strict_earliest_primary,strict_primary,HRS,5,kmeans,5,67,0.9788791819977544,6.2830817486767305,1,
strict_earliest_primary,strict_primary,HRS,5,kmeans,5,68,0.7085993239372789,6.06743775730249,1,
strict_earliest_primary,strict_primary,HRS,5,kmeans,5,69,0.9816160585215505,5.959615761615369,1,
strict_earliest_primary,strict_primary,HRS,5,kmeans,5,70,0.7133913293540787,5.98902176043913,1,
strict_earliest_primary,strict_primary,HRS,5,kmeans,5,71,0.9159393130627242,6.2830817486767305,1,
strict_earliest_primary,strict_primary,HRS,5,kmeans,5,72,0.9925898084882083,6.13605175455793,1,
strict_earliest_primary,strict_primary,HRS,5,kmeans,5,73,0.8521271254374464,6.21446775142129,1,
strict_earliest_primary,strict_primary,HRS,5,kmeans,5,74,0.9506360651129405,6.7143697314252115,1,
strict_earliest_primary,strict_primary,HRS,5,kmeans,5,75,0.9752991410036461,6.273279749068809,1,
strict_earliest_primary,strict_primary,HRS,5,kmeans,5,76,0.9937478253153273,6.22426975102921,1,
strict_earliest_primary,strict_primary,HRS,5,kmeans,5,77,0.712853848336374,6.11644775534209,1,
strict_earliest_primary,strict_primary,HRS,5,kmeans,5,78,0.9900685744437148,6.410507743579691,1,
strict_earliest_primary,strict_primary,HRS,5,kmeans,5,79,0.9634664842590919,6.26347774946089,1,
strict_earliest_primary,strict_primary,HRS,5,kmeans,5,80,0.9759735625164271,6.2830817486767305,1,
strict_earliest_primary,strict_primary,HRS,5,kmeans,5,81,0.9851908532582975,5.9204077631836896,1,
strict_earliest_primary,strict_primary,HRS,5,kmeans,5,82,0.9069050417456095,6.273279749068809,1,
strict_earliest_primary,strict_primary,HRS,5,kmeans,5,83,0.8445003257817061,6.23407175063713,1,
strict_earliest_primary,strict_primary,HRS,5,kmeans,5,84,0.9823770295468084,5.861595765536169,1,
strict_earliest_primary,strict_primary,HRS,5,kmeans,5,85,0.799063720694088,5.94981376200745,1,
strict_earliest_primary,strict_primary,HRS,5,kmeans,5,86,0.9711675607816916,6.05763575769457,1,
strict_earliest_primary,strict_primary,HRS,5,kmeans,5,87,0.9960451541792676,6.15565575377377,1,
strict_earliest_primary,strict_primary,HRS,5,kmeans,5,88,0.8731840734184114,6.449715742011371,1,
strict_earliest_primary,strict_primary,HRS,5,kmeans,5,89,0.9939511100357257,6.273279749068809,1,
strict_earliest_primary,strict_primary,HRS,5,kmeans,5,90,0.983936652672368,6.273279749068809,1,
strict_earliest_primary,strict_primary,HRS,5,kmeans,5,91,0.8636997116641635,6.14585375416585,1,
strict_earliest_primary,strict_primary,HRS,5,kmeans,5,92,0.8461339446604522,6.13605175455793,1,
strict_earliest_primary,strict_primary,HRS,5,kmeans,5,93,0.8665805133276052,6.273279749068809,1,
strict_earliest_primary,strict_primary,HRS,5,kmeans,5,94,0.9820023431378243,6.13605175455793,1,
strict_earliest_primary,strict_primary,HRS,5,kmeans,5,95,0.8684319050090635,6.20466575181337,1,
strict_earliest_primary,strict_primary,HRS,5,kmeans,5,96,0.8725834751777084,6.23407175063713,1,
strict_earliest_primary,strict_primary,HRS,5,kmeans,5,97,0.8641284409085601,6.23407175063713,1,
strict_earliest_primary,strict_primary,HRS,5,kmeans,5,98,0.9914566939383523,6.17525975298961,1,
strict_earliest_primary,strict_primary,HRS,5,kmeans,5,99,0.9336549876463691,6.273279749068809,1,
strict_earliest_primary,strict_primary,HRS,5,kmeans,5,100,0.8672879591696396,5.96941776122329,1,
strict_earliest_primary,strict_primary,HRS,5,severity_quantile_k,5,1,1.0,19.99607920015683,1,
strict_earliest_primary,strict_primary,HRS,5,severity_quantile_k,5,2,1.0,19.99607920015683,1,
strict_earliest_primary,strict_primary,HRS,5,severity_quantile_k,5,3,1.0,19.99607920015683,1,
strict_earliest_primary,strict_primary,HRS,5,severity_quantile_k,5,4,1.0,19.99607920015683,1,
strict_earliest_primary,strict_primary,HRS,5,severity_quantile_k,5,5,1.0,19.99607920015683,1,
strict_earliest_primary,strict_primary,HRS,5,severity_quantile_k,5,6,1.0,19.99607920015683,1,
strict_earliest_primary,strict_primary,HRS,5,severity_quantile_k,5,7,1.0,19.99607920015683,1,
strict_earliest_primary,strict_primary,HRS,5,severity_quantile_k,5,8,1.0,19.99607920015683,1,
strict_earliest_primary,strict_primary,HRS,5,severity_quantile_k,5,9,1.0,19.99607920015683,1,
strict_earliest_primary,strict_primary,HRS,5,severity_quantile_k,5,10,1.0,19.99607920015683,1,
strict_earliest_primary,strict_primary,HRS,5,severity_quantile_k,5,11,1.0,19.99607920015683,1,
strict_earliest_primary,strict_primary,HRS,5,severity_quantile_k,5,12,1.0,19.99607920015683,1,
strict_earliest_primary,strict_primary,HRS,5,severity_quantile_k,5,13,1.0,19.99607920015683,1,
strict_earliest_primary,strict_primary,HRS,5,severity_quantile_k,5,14,1.0,19.99607920015683,1,
strict_earliest_primary,strict_primary,HRS,5,severity_quantile_k,5,15,1.0,19.99607920015683,1,
strict_earliest_primary,strict_primary,HRS,5,severity_quantile_k,5,16,1.0,19.99607920015683,1,
strict_earliest_primary,strict_primary,HRS,5,severity_quantile_k,5,17,1.0,19.99607920015683,1,
strict_earliest_primary,strict_primary,HRS,5,severity_quantile_k,5,18,1.0,19.99607920015683,1,
strict_earliest_primary,strict_primary,HRS,5,severity_quantile_k,5,19,1.0,19.99607920015683,1,
strict_earliest_primary,strict_primary,HRS,5,severity_quantile_k,5,20,1.0,19.99607920015683,1,
strict_earliest_primary,strict_primary,HRS,5,severity_quantile_k,5,21,1.0,19.99607920015683,1,
strict_earliest_primary,strict_primary,HRS,5,severity_quantile_k,5,22,1.0,19.99607920015683,1,
strict_earliest_primary,strict_primary,HRS,5,severity_quantile_k,5,23,1.0,19.99607920015683,1,
strict_earliest_primary,strict_primary,HRS,5,severity_quantile_k,5,24,1.0,19.99607920015683,1,
strict_earliest_primary,strict_primary,HRS,5,severity_quantile_k,5,25,1.0,19.99607920015683,1,
strict_earliest_primary,strict_primary,HRS,5,severity_quantile_k,5,26,1.0,19.99607920015683,1,
strict_earliest_primary,strict_primary,HRS,5,severity_quantile_k,5,27,1.0,19.99607920015683,1,
strict_earliest_primary,strict_primary,HRS,5,severity_quantile_k,5,28,1.0,19.99607920015683,1,
strict_earliest_primary,strict_primary,HRS,5,severity_quantile_k,5,29,1.0,19.99607920015683,1,
strict_earliest_primary,strict_primary,HRS,5,severity_quantile_k,5,30,1.0,19.99607920015683,1,
strict_earliest_primary,strict_primary,HRS,5,severity_quantile_k,5,31,1.0,19.99607920015683,1,
strict_earliest_primary,strict_primary,HRS,5,severity_quantile_k,5,32,1.0,19.99607920015683,1,
strict_earliest_primary,strict_primary,HRS,5,severity_quantile_k,5,33,1.0,19.99607920015683,1,
strict_earliest_primary,strict_primary,HRS,5,severity_quantile_k,5,34,1.0,19.99607920015683,1,
strict_earliest_primary,strict_primary,HRS,5,severity_quantile_k,5,35,1.0,19.99607920015683,1,
strict_earliest_primary,strict_primary,HRS,5,severity_quantile_k,5,36,1.0,19.99607920015683,1,
strict_earliest_primary,strict_primary,HRS,5,severity_quantile_k,5,37,1.0,19.99607920015683,1,
strict_earliest_primary,strict_primary,HRS,5,severity_quantile_k,5,38,1.0,19.99607920015683,1,
strict_earliest_primary,strict_primary,HRS,5,severity_quantile_k,5,39,1.0,19.99607920015683,1,
strict_earliest_primary,strict_primary,HRS,5,severity_quantile_k,5,40,1.0,19.99607920015683,1,
strict_earliest_primary,strict_primary,HRS,5,severity_quantile_k,5,41,1.0,19.99607920015683,1,
strict_earliest_primary,strict_primary,HRS,5,severity_quantile_k,5,42,1.0,19.99607920015683,1,
strict_earliest_primary,strict_primary,HRS,5,severity_quantile_k,5,43,1.0,19.99607920015683,1,
strict_earliest_primary,strict_primary,HRS,5,severity_quantile_k,5,44,1.0,19.99607920015683,1,
strict_earliest_primary,strict_primary,HRS,5,severity_quantile_k,5,45,1.0,19.99607920015683,1,
strict_earliest_primary,strict_primary,HRS,5,severity_quantile_k,5,46,1.0,19.99607920015683,1,
strict_earliest_primary,strict_primary,HRS,5,severity_quantile_k,5,47,1.0,19.99607920015683,1,
strict_earliest_primary,strict_primary,HRS,5,severity_quantile_k,5,48,1.0,19.99607920015683,1,
strict_earliest_primary,strict_primary,HRS,5,severity_quantile_k,5,49,1.0,19.99607920015683,1,
strict_earliest_primary,strict_primary,HRS,5,severity_quantile_k,5,50,1.0,19.99607920015683,1,
strict_earliest_primary,strict_primary,HRS,5,severity_quantile_k,5,51,1.0,19.99607920015683,1,
strict_earliest_primary,strict_primary,HRS,5,severity_quantile_k,5,52,1.0,19.99607920015683,1,
strict_earliest_primary,strict_primary,HRS,5,severity_quantile_k,5,53,1.0,19.99607920015683,1,
strict_earliest_primary,strict_primary,HRS,5,severity_quantile_k,5,54,1.0,19.99607920015683,1,
strict_earliest_primary,strict_primary,HRS,5,severity_quantile_k,5,55,1.0,19.99607920015683,1,
strict_earliest_primary,strict_primary,HRS,5,severity_quantile_k,5,56,1.0,19.99607920015683,1,
strict_earliest_primary,strict_primary,HRS,5,severity_quantile_k,5,57,1.0,19.99607920015683,1,
strict_earliest_primary,strict_primary,HRS,5,severity_quantile_k,5,58,1.0,19.99607920015683,1,
strict_earliest_primary,strict_primary,HRS,5,severity_quantile_k,5,59,1.0,19.99607920015683,1,
strict_earliest_primary,strict_primary,HRS,5,severity_quantile_k,5,60,1.0,19.99607920015683,1,
strict_earliest_primary,strict_primary,HRS,5,severity_quantile_k,5,61,1.0,19.99607920015683,1,
strict_earliest_primary,strict_primary,HRS,5,severity_quantile_k,5,62,1.0,19.99607920015683,1,
strict_earliest_primary,strict_primary,HRS,5,severity_quantile_k,5,63,1.0,19.99607920015683,1,
strict_earliest_primary,strict_primary,HRS,5,severity_quantile_k,5,64,1.0,19.99607920015683,1,
strict_earliest_primary,strict_primary,HRS,5,severity_quantile_k,5,65,1.0,19.99607920015683,1,
strict_earliest_primary,strict_primary,HRS,5,severity_quantile_k,5,66,1.0,19.99607920015683,1,
strict_earliest_primary,strict_primary,HRS,5,severity_quantile_k,5,67,1.0,19.99607920015683,1,
strict_earliest_primary,strict_primary,HRS,5,severity_quantile_k,5,68,1.0,19.99607920015683,1,
strict_earliest_primary,strict_primary,HRS,5,severity_quantile_k,5,69,1.0,19.99607920015683,1,
strict_earliest_primary,strict_primary,HRS,5,severity_quantile_k,5,70,1.0,19.99607920015683,1,
strict_earliest_primary,strict_primary,HRS,5,severity_quantile_k,5,71,1.0,19.99607920015683,1,
strict_earliest_primary,strict_primary,HRS,5,severity_quantile_k,5,72,1.0,19.99607920015683,1,
strict_earliest_primary,strict_primary,HRS,5,severity_quantile_k,5,73,1.0,19.99607920015683,1,
strict_earliest_primary,strict_primary,HRS,5,severity_quantile_k,5,74,1.0,19.99607920015683,1,
strict_earliest_primary,strict_primary,HRS,5,severity_quantile_k,5,75,1.0,19.99607920015683,1,
strict_earliest_primary,strict_primary,HRS,5,severity_quantile_k,5,76,1.0,19.99607920015683,1,
strict_earliest_primary,strict_primary,HRS,5,severity_quantile_k,5,77,1.0,19.99607920015683,1,
strict_earliest_primary,strict_primary,HRS,5,severity_quantile_k,5,78,1.0,19.99607920015683,1,
strict_earliest_primary,strict_primary,HRS,5,severity_quantile_k,5,79,1.0,19.99607920015683,1,
strict_earliest_primary,strict_primary,HRS,5,severity_quantile_k,5,80,1.0,19.99607920015683,1,
strict_earliest_primary,strict_primary,HRS,5,severity_quantile_k,5,81,1.0,19.99607920015683,1,
strict_earliest_primary,strict_primary,HRS,5,severity_quantile_k,5,82,1.0,19.99607920015683,1,
strict_earliest_primary,strict_primary,HRS,5,severity_quantile_k,5,83,1.0,19.99607920015683,1,
strict_earliest_primary,strict_primary,HRS,5,severity_quantile_k,5,84,1.0,19.99607920015683,1,
strict_earliest_primary,strict_primary,HRS,5,severity_quantile_k,5,85,1.0,19.99607920015683,1,
strict_earliest_primary,strict_primary,HRS,5,severity_quantile_k,5,86,1.0,19.99607920015683,1,
strict_earliest_primary,strict_primary,HRS,5,severity_quantile_k,5,87,1.0,19.99607920015683,1,
strict_earliest_primary,strict_primary,HRS,5,severity_quantile_k,5,88,1.0,19.99607920015683,1,
strict_earliest_primary,strict_primary,HRS,5,severity_quantile_k,5,89,1.0,19.99607920015683,1,
strict_earliest_primary,strict_primary,HRS,5,severity_quantile_k,5,90,1.0,19.99607920015683,1,
strict_earliest_primary,strict_primary,HRS,5,severity_quantile_k,5,91,1.0,19.99607920015683,1,
strict_earliest_primary,strict_primary,HRS,5,severity_quantile_k,5,92,1.0,19.99607920015683,1,
strict_earliest_primary,strict_primary,HRS,5,severity_quantile_k,5,93,1.0,19.99607920015683,1,
strict_earliest_primary,strict_primary,HRS,5,severity_quantile_k,5,94,1.0,19.99607920015683,1,
strict_earliest_primary,strict_primary,HRS,5,severity_quantile_k,5,95,1.0,19.99607920015683,1,
strict_earliest_primary,strict_primary,HRS,5,severity_quantile_k,5,96,1.0,19.99607920015683,1,
strict_earliest_primary,strict_primary,HRS,5,severity_quantile_k,5,97,1.0,19.99607920015683,1,
strict_earliest_primary,strict_primary,HRS,5,severity_quantile_k,5,98,1.0,19.99607920015683,1,
strict_earliest_primary,strict_primary,HRS,5,severity_quantile_k,5,99,1.0,19.99607920015683,1,
strict_earliest_primary,strict_primary,HRS,5,severity_quantile_k,5,100,1.0,19.99607920015683,1,
functional_bridge_earliest_sensitivity,bridge_sensitivity,KLoSA,3,gmm_diag,3,1,0.2303058697745277,24.797843665768195,1,
functional_bridge_earliest_sensitivity,bridge_sensitivity,KLoSA,3,gmm_diag,3,2,0.20897805100737,21.612349914236706,1,
functional_bridge_earliest_sensitivity,bridge_sensitivity,KLoSA,3,gmm_diag,3,3,0.21764844547638515,21.220289144817446,1,
functional_bridge_earliest_sensitivity,bridge_sensitivity,KLoSA,3,gmm_diag,3,4,0.21228456741556923,21.146777750551333,1,
functional_bridge_earliest_sensitivity,bridge_sensitivity,KLoSA,3,gmm_diag,3,5,0.9674188756364465,19.08845871110022,1,
functional_bridge_earliest_sensitivity,bridge_sensitivity,KLoSA,3,gmm_diag,3,6,0.24652024648392074,25.655476598872824,1,
functional_bridge_earliest_sensitivity,bridge_sensitivity,KLoSA,3,gmm_diag,3,7,0.20443078028770623,22.690517030139674,1,
functional_bridge_earliest_sensitivity,bridge_sensitivity,KLoSA,3,gmm_diag,3,8,0.23130902661949504,21.661357510414113,1,
functional_bridge_earliest_sensitivity,bridge_sensitivity,KLoSA,3,gmm_diag,3,9,0.2256775951148606,22.666013232050968,1,
functional_bridge_earliest_sensitivity,bridge_sensitivity,KLoSA,3,gmm_diag,3,10,0.9649038329474111,18.916932124479295,1,
functional_bridge_earliest_sensitivity,bridge_sensitivity,KLoSA,3,gmm_diag,3,11,0.9495801930856506,18.206321979906885,1,
functional_bridge_earliest_sensitivity,bridge_sensitivity,KLoSA,3,gmm_diag,3,12,0.19913762398264123,20.99975496201911,1,
functional_bridge_earliest_sensitivity,bridge_sensitivity,KLoSA,3,gmm_diag,3,13,0.2088556697631452,21.195785346728744,1,
functional_bridge_earliest_sensitivity,bridge_sensitivity,KLoSA,3,gmm_diag,3,14,0.21717294780809845,21.75937270276893,1,
functional_bridge_earliest_sensitivity,bridge_sensitivity,KLoSA,3,gmm_diag,3,15,0.22882677003057414,22.27395246263171,1,
functional_bridge_earliest_sensitivity,bridge_sensitivity,KLoSA,3,gmm_diag,3,16,0.9856404905150021,19.946091644204852,1,
functional_bridge_earliest_sensitivity,bridge_sensitivity,KLoSA,3,gmm_diag,3,17,0.2156489394606127,21.024258760107816,1,
functional_bridge_earliest_sensitivity,bridge_sensitivity,KLoSA,3,gmm_diag,3,18,0.9723078790752144,19.33349669198726,1,
functional_bridge_earliest_sensitivity,bridge_sensitivity,KLoSA,3,gmm_diag,3,19,0.20356489702715166,20.11761823082578,1,
functional_bridge_earliest_sensitivity,bridge_sensitivity,KLoSA,3,gmm_diag,3,20,0.9851162982605861,19.921587846116147,1,
functional_bridge_earliest_sensitivity,bridge_sensitivity,KLoSA,3,gmm_diag,3,21,0.204983515597027,21.90639549130115,1,
functional_bridge_earliest_sensitivity,bridge_sensitivity,KLoSA,3,gmm_diag,3,22,0.2083150404901281,21.391815731438374,1,
functional_bridge_earliest_sensitivity,bridge_sensitivity,KLoSA,3,gmm_diag,3,23,0.2085773743193707,21.587846116148,1,
functional_bridge_earliest_sensitivity,bridge_sensitivity,KLoSA,3,gmm_diag,3,24,0.9812709232371396,19.701053663317815,1,
functional_bridge_earliest_sensitivity,bridge_sensitivity,KLoSA,3,gmm_diag,3,25,0.9709753584733292,19.210977701543737,1,
functional_bridge_earliest_sensitivity,bridge_sensitivity,KLoSA,3,gmm_diag,3,26,0.9419641839683253,18.059299191374663,1,
functional_bridge_earliest_sensitivity,bridge_sensitivity,KLoSA,3,gmm_diag,3,27,0.9387832946404958,17.593727027689294,1,
functional_bridge_earliest_sensitivity,bridge_sensitivity,KLoSA,3,gmm_diag,3,28,0.9941008771599864,20.485175202156334,1,
functional_bridge_earliest_sensitivity,bridge_sensitivity,KLoSA,3,gmm_diag,3,29,0.9740346496083423,19.456015682430778,1,
functional_bridge_earliest_sensitivity,bridge_sensitivity,KLoSA,3,gmm_diag,3,30,0.9854506562829751,19.897084048027445,1,
functional_bridge_earliest_sensitivity,bridge_sensitivity,KLoSA,3,gmm_diag,3,31,0.9840705505857277,19.823572653761335,1,
functional_bridge_earliest_sensitivity,bridge_sensitivity,KLoSA,3,gmm_diag,3,32,0.9510392530079158,18.279833374172995,1,
functional_bridge_earliest_sensitivity,bridge_sensitivity,KLoSA,3,gmm_diag,3,33,0.9714780182486683,19.33349669198726,1,
functional_bridge_earliest_sensitivity,bridge_sensitivity,KLoSA,3,gmm_diag,3,34,0.2292531811832627,24.038225925018377,1,
functional_bridge_earliest_sensitivity,bridge_sensitivity,KLoSA,3,gmm_diag,3,35,0.2175433090353311,21.857387895123743,1,
functional_bridge_earliest_sensitivity,bridge_sensitivity,KLoSA,3,gmm_diag,3,36,0.2206185594807937,24.11173731928449,1,
functional_bridge_earliest_sensitivity,bridge_sensitivity,KLoSA,3,gmm_diag,3,37,0.9664089967988182,19.039451114922812,1,
functional_bridge_earliest_sensitivity,bridge_sensitivity,KLoSA,3,gmm_diag,3,38,0.9872171281245397,19.970595442293558,1,
functional_bridge_earliest_sensitivity,bridge_sensitivity,KLoSA,3,gmm_diag,3,39,0.9804232163351378,19.701053663317815,1,
functional_bridge_earliest_sensitivity,bridge_sensitivity,KLoSA,3,gmm_diag,3,40,0.9153630016072665,16.58907130605244,1,
functional_bridge_earliest_sensitivity,bridge_sensitivity,KLoSA,3,gmm_diag,3,41,0.9903833959280435,20.11761823082578,1,
functional_bridge_earliest_sensitivity,bridge_sensitivity,KLoSA,3,gmm_diag,3,42,0.20781413645778388,21.661357510414113,1,
functional_bridge_earliest_sensitivity,bridge_sensitivity,KLoSA,3,gmm_diag,3,43,0.19486241847901503,22.911051212938006,1,
functional_bridge_earliest_sensitivity,bridge_sensitivity,KLoSA,3,gmm_diag,3,44,0.23556663571721875,23.13158539573634,1,
functional_bridge_earliest_sensitivity,bridge_sensitivity,KLoSA,3,gmm_diag,3,45,0.2524945989621824,25.92501837784857,1,
functional_bridge_earliest_sensitivity,bridge_sensitivity,KLoSA,3,gmm_diag,3,46,0.22960633429687013,21.587846116148,1,
functional_bridge_earliest_sensitivity,bridge_sensitivity,KLoSA,3,gmm_diag,3,47,0.9917840196305264,20.38716000980152,1,
functional_bridge_earliest_sensitivity,bridge_sensitivity,KLoSA,3,gmm_diag,3,48,0.20650054867881415,22.175937270276894,1,
functional_bridge_earliest_sensitivity,bridge_sensitivity,KLoSA,3,gmm_diag,3,49,0.22915534147395167,24.69982847341338,1,
functional_bridge_earliest_sensitivity,bridge_sensitivity,KLoSA,3,gmm_diag,3,50,0.23364338347382962,22.862043616760598,1,
functional_bridge_earliest_sensitivity,bridge_sensitivity,KLoSA,3,gmm_diag,3,51,0.2233332021377815,22.8865474148493,1,
functional_bridge_earliest_sensitivity,bridge_sensitivity,KLoSA,3,gmm_diag,3,52,0.223027473683125,23.621661357510416,1,
functional_bridge_earliest_sensitivity,bridge_sensitivity,KLoSA,3,gmm_diag,3,53,0.22109770872367202,25.38593481989708,1,
functional_bridge_earliest_sensitivity,bridge_sensitivity,KLoSA,3,gmm_diag,3,54,0.21276903472780173,20.632197990688557,1,
functional_bridge_earliest_sensitivity,bridge_sensitivity,KLoSA,3,gmm_diag,3,55,0.19527331248063873,21.90639549130115,1,
functional_bridge_earliest_sensitivity,bridge_sensitivity,KLoSA,3,gmm_diag,3,56,0.2133410540682194,21.587846116148,1,
functional_bridge_earliest_sensitivity,bridge_sensitivity,KLoSA,3,gmm_diag,3,57,0.9933820127128072,20.264641019358002,1,
functional_bridge_earliest_sensitivity,bridge_sensitivity,KLoSA,3,gmm_diag,3,58,0.19861489129406462,22.764028424405783,1,
functional_bridge_earliest_sensitivity,bridge_sensitivity,KLoSA,3,gmm_diag,3,59,0.2047289433420627,22.518990443518746,1,
functional_bridge_earliest_sensitivity,bridge_sensitivity,KLoSA,3,gmm_diag,3,60,0.22886571865178368,23.91570693457486,1,
functional_bridge_earliest_sensitivity,bridge_sensitivity,KLoSA,3,gmm_diag,3,61,0.9861643875097468,20.01960303847096,1,
functional_bridge_earliest_sensitivity,bridge_sensitivity,KLoSA,3,gmm_diag,3,62,0.9608942117108931,18.769909335947073,1,
functional_bridge_earliest_sensitivity,bridge_sensitivity,KLoSA,3,gmm_diag,3,63,0.22733409986593198,21.88189169321245,1,
functional_bridge_earliest_sensitivity,bridge_sensitivity,KLoSA,3,gmm_diag,3,64,0.23132140484505814,22.81303602058319,1,
functional_bridge_earliest_sensitivity,bridge_sensitivity,KLoSA,3,gmm_diag,3,65,0.9893257875944951,20.06861063464837,1,
functional_bridge_earliest_sensitivity,bridge_sensitivity,KLoSA,3,gmm_diag,3,66,0.9914431883174898,20.166625827003184,1,
functional_bridge_earliest_sensitivity,bridge_sensitivity,KLoSA,3,gmm_diag,3,67,0.956642705516596,18.50036755697133,1,
functional_bridge_earliest_sensitivity,bridge_sensitivity,KLoSA,3,gmm_diag,3,68,0.9878917346795176,20.01960303847096,1,
functional_bridge_earliest_sensitivity,bridge_sensitivity,KLoSA,3,gmm_diag,3,69,0.20713868446156672,20.950747365841703,1,
functional_bridge_earliest_sensitivity,bridge_sensitivity,KLoSA,3,gmm_diag,3,70,0.9849239797059064,19.921587846116147,1,
functional_bridge_earliest_sensitivity,bridge_sensitivity,KLoSA,3,gmm_diag,3,71,0.9574264680855135,18.549375153148738,1,
functional_bridge_earliest_sensitivity,bridge_sensitivity,KLoSA,3,gmm_diag,3,72,0.9622502657927345,22.27395246263171,1,
functional_bridge_earliest_sensitivity,bridge_sensitivity,KLoSA,3,gmm_diag,3,73,0.9766582804007368,19.823572653761335,1,
functional_bridge_earliest_sensitivity,bridge_sensitivity,KLoSA,3,gmm_diag,3,74,0.9618979261837285,18.769909335947073,1,
functional_bridge_earliest_sensitivity,bridge_sensitivity,KLoSA,3,gmm_diag,3,75,0.9708889354809848,21.857387895123743,1,
functional_bridge_earliest_sensitivity,bridge_sensitivity,KLoSA,3,gmm_diag,3,76,0.20419729746787904,21.24479294290615,1,
functional_bridge_earliest_sensitivity,bridge_sensitivity,KLoSA,3,gmm_diag,3,77,0.9421595833144629,17.78975741239892,1,
functional_bridge_earliest_sensitivity,bridge_sensitivity,KLoSA,3,gmm_diag,3,78,0.9618979261837285,18.769909335947073,1,
functional_bridge_earliest_sensitivity,bridge_sensitivity,KLoSA,3,gmm_diag,3,79,0.9671177932686732,19.01494731683411,1,
functional_bridge_earliest_sensitivity,bridge_sensitivity,KLoSA,3,gmm_diag,3,80,0.19759211605752192,21.146777750551333,1,
functional_bridge_earliest_sensitivity,bridge_sensitivity,KLoSA,3,gmm_diag,3,81,0.9601072438955778,18.671894143592258,1,
functional_bridge_earliest_sensitivity,bridge_sensitivity,KLoSA,3,gmm_diag,3,82,0.9666134430016831,18.990443518745405,1,
functional_bridge_earliest_sensitivity,bridge_sensitivity,KLoSA,3,gmm_diag,3,83,0.22940780458454862,22.004410683655966,1,
functional_bridge_earliest_sensitivity,bridge_sensitivity,KLoSA,3,gmm_diag,3,84,0.21878660202831324,21.440823327615778,1,
functional_bridge_earliest_sensitivity,bridge_sensitivity,KLoSA,3,gmm_diag,3,85,0.19703213649540613,19.137466307277627,1,
functional_bridge_earliest_sensitivity,bridge_sensitivity,KLoSA,3,gmm_diag,3,86,0.2079595769727019,22.911051212938006,1,
functional_bridge_earliest_sensitivity,bridge_sensitivity,KLoSA,3,gmm_diag,3,87,0.985639612412621,19.99509924038226,1,
functional_bridge_earliest_sensitivity,bridge_sensitivity,KLoSA,3,gmm_diag,3,88,0.2374804969644276,23.180592991913745,1,
functional_bridge_earliest_sensitivity,bridge_sensitivity,KLoSA,3,gmm_diag,3,89,0.9939124292864898,20.681205586865964,1,
functional_bridge_earliest_sensitivity,bridge_sensitivity,KLoSA,3,gmm_diag,3,90,0.2019896436079755,21.31830433717226,1,
functional_bridge_earliest_sensitivity,bridge_sensitivity,KLoSA,3,gmm_diag,3,91,0.21334921446748079,21.783876500857634,1,
functional_bridge_earliest_sensitivity,bridge_sensitivity,KLoSA,3,gmm_diag,3,92,0.2306335697249271,23.13158539573634,1,
functional_bridge_earliest_sensitivity,bridge_sensitivity,KLoSA,3,gmm_diag,3,93,0.20942509750060975,21.440823327615778,1,
functional_bridge_earliest_sensitivity,bridge_sensitivity,KLoSA,3,gmm_diag,3,94,0.9667204122493318,19.01494731683411,1,
functional_bridge_earliest_sensitivity,bridge_sensitivity,KLoSA,3,gmm_diag,3,95,0.9795198736714045,19.627542269051705,1,
functional_bridge_earliest_sensitivity,bridge_sensitivity,KLoSA,3,gmm_diag,3,96,0.2132789961478989,21.88189169321245,1,
functional_bridge_earliest_sensitivity,bridge_sensitivity,KLoSA,3,gmm_diag,3,97,0.9667204122493318,19.01494731683411,1,
functional_bridge_earliest_sensitivity,bridge_sensitivity,KLoSA,3,gmm_diag,3,98,0.979001292247135,19.603038470963,1,
functional_bridge_earliest_sensitivity,bridge_sensitivity,KLoSA,3,gmm_diag,3,99,0.20543223011912148,20.99975496201911,1,
functional_bridge_earliest_sensitivity,bridge_sensitivity,KLoSA,3,gmm_diag,3,100,0.22649820355874986,24.675324675324674,1,
functional_bridge_earliest_sensitivity,bridge_sensitivity,KLoSA,3,kmeans,3,1,0.9966313542192984,22.518990443518746,1,
functional_bridge_earliest_sensitivity,bridge_sensitivity,KLoSA,3,kmeans,3,2,0.49699135555591517,19.33349669198726,1,
functional_bridge_earliest_sensitivity,bridge_sensitivity,KLoSA,3,kmeans,3,3,0.45422742094658647,17.740749816221516,1,
functional_bridge_earliest_sensitivity,bridge_sensitivity,KLoSA,3,kmeans,3,4,0.4443773480206251,19.08845871110022,1,
functional_bridge_earliest_sensitivity,bridge_sensitivity,KLoSA,3,kmeans,3,5,0.48682045810366953,17.78975741239892,1,
functional_bridge_earliest_sensitivity,bridge_sensitivity,KLoSA,3,kmeans,3,6,0.9865028106286433,22.666013232050968,1,
functional_bridge_earliest_sensitivity,bridge_sensitivity,KLoSA,3,kmeans,3,7,0.982902546828402,21.88189169321245,1,
functional_bridge_earliest_sensitivity,bridge_sensitivity,KLoSA,3,kmeans,3,8,0.9795602963600837,21.783876500857634,1,
functional_bridge_earliest_sensitivity,bridge_sensitivity,KLoSA,3,kmeans,3,9,0.4962410606034816,18.206321979906885,1,
functional_bridge_earliest_sensitivity,bridge_sensitivity,KLoSA,3,kmeans,3,10,0.9842880071506257,22.960058809115413,1,
functional_bridge_earliest_sensitivity,bridge_sensitivity,KLoSA,3,kmeans,3,11,0.993610119371658,22.543494241607448,1,
functional_bridge_earliest_sensitivity,bridge_sensitivity,KLoSA,3,kmeans,3,12,0.6743012716757533,19.946091644204852,1,
functional_bridge_earliest_sensitivity,bridge_sensitivity,KLoSA,3,kmeans,3,13,0.5315142967688795,19.259985297721148,1,
functional_bridge_earliest_sensitivity,bridge_sensitivity,KLoSA,3,kmeans,3,14,0.4423257906705034,19.01494731683411,1,
functional_bridge_earliest_sensitivity,bridge_sensitivity,KLoSA,3,kmeans,3,15,0.4893834131334428,17.495711835334475,1,
functional_bridge_earliest_sensitivity,bridge_sensitivity,KLoSA,3,kmeans,3,16,0.45814986748489067,19.701053663317815,1,
functional_bridge_earliest_sensitivity,bridge_sensitivity,KLoSA,3,kmeans,3,17,0.9858010455274645,22.445479049252633,1,
functional_bridge_earliest_sensitivity,bridge_sensitivity,KLoSA,3,kmeans,3,18,0.4589851596711542,18.23082577799559,1,
functional_bridge_earliest_sensitivity,bridge_sensitivity,KLoSA,3,kmeans,3,19,0.4663289776311706,16.883116883116884,1,
functional_bridge_earliest_sensitivity,bridge_sensitivity,KLoSA,3,kmeans,3,20,0.46455199787498497,18.89242832639059,1,
functional_bridge_earliest_sensitivity,bridge_sensitivity,KLoSA,3,kmeans,3,21,0.5103516938052965,19.063954913011514,1,
functional_bridge_earliest_sensitivity,bridge_sensitivity,KLoSA,3,kmeans,3,22,0.48500896016568373,17.71624601813281,1,
functional_bridge_earliest_sensitivity,bridge_sensitivity,KLoSA,3,kmeans,3,23,0.9881065245918187,22.666013232050968,1,
functional_bridge_earliest_sensitivity,bridge_sensitivity,KLoSA,3,kmeans,3,24,0.48086280785819824,18.671894143592258,1,
functional_bridge_earliest_sensitivity,bridge_sensitivity,KLoSA,3,kmeans,3,25,0.9827681664125315,22.518990443518746,1,
functional_bridge_earliest_sensitivity,bridge_sensitivity,KLoSA,3,kmeans,3,26,0.4613052220938025,18.916932124479295,1,
functional_bridge_earliest_sensitivity,bridge_sensitivity,KLoSA,3,kmeans,3,27,0.9874963732948792,22.2249448664543,1,
functional_bridge_earliest_sensitivity,bridge_sensitivity,KLoSA,3,kmeans,3,28,0.9831774033354692,22.543494241607448,1,
functional_bridge_earliest_sensitivity,bridge_sensitivity,KLoSA,3,kmeans,3,29,0.9852411384288473,22.175937270276894,1,
functional_bridge_earliest_sensitivity,bridge_sensitivity,KLoSA,3,kmeans,3,30,0.9860485957912897,21.90639549130115,1,
functional_bridge_earliest_sensitivity,bridge_sensitivity,KLoSA,3,kmeans,3,31,0.9841351245826983,21.930899289389856,1,
functional_bridge_earliest_sensitivity,bridge_sensitivity,KLoSA,3,kmeans,3,32,0.9847503613889805,22.004410683655966,1,
functional_bridge_earliest_sensitivity,bridge_sensitivity,KLoSA,3,kmeans,3,33,0.4945055761772688,17.642734623866698,1,
functional_bridge_earliest_sensitivity,bridge_sensitivity,KLoSA,3,kmeans,3,34,0.5730000059469371,18.524871355060036,1,
functional_bridge_earliest_sensitivity,bridge_sensitivity,KLoSA,3,kmeans,3,35,0.9852059176139174,22.61700563587356,1,
functional_bridge_earliest_sensitivity,bridge_sensitivity,KLoSA,3,kmeans,3,36,0.994695217362931,22.494486645430044,1,
functional_bridge_earliest_sensitivity,bridge_sensitivity,KLoSA,3,kmeans,3,37,0.41222934544342116,19.039451114922812,1,
functional_bridge_earliest_sensitivity,bridge_sensitivity,KLoSA,3,kmeans,3,38,0.9889635358951642,22.46998284734134,1,
functional_bridge_earliest_sensitivity,bridge_sensitivity,KLoSA,3,kmeans,3,39,0.4661686045579074,17.128154864003918,1,
functional_bridge_earliest_sensitivity,bridge_sensitivity,KLoSA,3,kmeans,3,40,0.4833047724946667,17.079147267826514,1,
functional_bridge_earliest_sensitivity,bridge_sensitivity,KLoSA,3,kmeans,3,41,0.993732368915879,22.29845626072041,1,
functional_bridge_earliest_sensitivity,bridge_sensitivity,KLoSA,3,kmeans,3,42,0.457558845171918,17.10365106591522,1,
functional_bridge_earliest_sensitivity,bridge_sensitivity,KLoSA,3,kmeans,3,43,0.5281240989028732,19.627542269051705,1,
functional_bridge_earliest_sensitivity,bridge_sensitivity,KLoSA,3,kmeans,3,44,0.9779275309571528,23.229600588091152,1,
functional_bridge_earliest_sensitivity,bridge_sensitivity,KLoSA,3,kmeans,3,45,0.9932964987229141,22.2249448664543,1,
functional_bridge_earliest_sensitivity,bridge_sensitivity,KLoSA,3,kmeans,3,46,0.40505711813218737,15.192354814996326,1,
functional_bridge_earliest_sensitivity,bridge_sensitivity,KLoSA,3,kmeans,3,47,0.9696749879847529,23.523646165155597,1,
functional_bridge_earliest_sensitivity,bridge_sensitivity,KLoSA,3,kmeans,3,48,0.9947440556265168,22.592501837784855,1,
functional_bridge_earliest_sensitivity,bridge_sensitivity,KLoSA,3,kmeans,3,49,0.47513211051474563,17.83876500857633,1,
functional_bridge_earliest_sensitivity,bridge_sensitivity,KLoSA,3,kmeans,3,50,0.48248695047049883,18.132810585640772,1,
functional_bridge_earliest_sensitivity,bridge_sensitivity,KLoSA,3,kmeans,3,51,0.48722996276513003,17.593727027689294,1,
functional_bridge_earliest_sensitivity,bridge_sensitivity,KLoSA,3,kmeans,3,52,0.5043833865681806,20.264641019358002,1,
functional_bridge_earliest_sensitivity,bridge_sensitivity,KLoSA,3,kmeans,3,53,0.9863709962151355,22.175937270276894,1,
functional_bridge_earliest_sensitivity,bridge_sensitivity,KLoSA,3,kmeans,3,54,0.9909960678235163,22.445479049252633,1,
functional_bridge_earliest_sensitivity,bridge_sensitivity,KLoSA,3,kmeans,3,55,0.4633632704171141,16.883116883116884,1,
functional_bridge_earliest_sensitivity,bridge_sensitivity,KLoSA,3,kmeans,3,56,0.9679351064604784,23.425630972800786,1,
functional_bridge_earliest_sensitivity,bridge_sensitivity,KLoSA,3,kmeans,3,57,0.5166127585389215,20.289144817446704,1,
functional_bridge_earliest_sensitivity,bridge_sensitivity,KLoSA,3,kmeans,3,58,0.9928182037469466,22.371967654986523,1,
functional_bridge_earliest_sensitivity,bridge_sensitivity,KLoSA,3,kmeans,3,59,0.44966259466095027,16.85861308502818,1,
functional_bridge_earliest_sensitivity,bridge_sensitivity,KLoSA,3,kmeans,3,60,0.9941518788804371,22.249448664543003,1,
functional_bridge_earliest_sensitivity,bridge_sensitivity,KLoSA,3,kmeans,3,61,0.9786235001149047,22.10242587601078,1,
functional_bridge_earliest_sensitivity,bridge_sensitivity,KLoSA,3,kmeans,3,62,0.975218767545987,21.90639549130115,1,
functional_bridge_earliest_sensitivity,bridge_sensitivity,KLoSA,3,kmeans,3,63,0.4965658976524667,16.834109286939476,1,
functional_bridge_earliest_sensitivity,bridge_sensitivity,KLoSA,3,kmeans,3,64,0.42861022987285474,19.161970105366333,1,
functional_bridge_earliest_sensitivity,bridge_sensitivity,KLoSA,3,kmeans,3,65,0.7924994868832311,19.921587846116147,1,
functional_bridge_earliest_sensitivity,bridge_sensitivity,KLoSA,3,kmeans,3,66,0.9898726503837872,22.592501837784855,1,
functional_bridge_earliest_sensitivity,bridge_sensitivity,KLoSA,3,kmeans,3,67,0.48111064715250196,17.446704239157068,1,
functional_bridge_earliest_sensitivity,bridge_sensitivity,KLoSA,3,kmeans,3,68,0.45253251346211987,18.69639794168096,1,
functional_bridge_earliest_sensitivity,bridge_sensitivity,KLoSA,3,kmeans,3,69,0.4462394687454258,19.063954913011514,1,
functional_bridge_earliest_sensitivity,bridge_sensitivity,KLoSA,3,kmeans,3,70,0.46348653608019713,17.863268806665033,1,
functional_bridge_earliest_sensitivity,bridge_sensitivity,KLoSA,3,kmeans,3,71,0.9742458231005738,22.494486645430044,1,
functional_bridge_earliest_sensitivity,bridge_sensitivity,KLoSA,3,kmeans,3,72,0.9904200582809394,22.764028424405783,1,
functional_bridge_earliest_sensitivity,bridge_sensitivity,KLoSA,3,kmeans,3,73,0.45430850282799895,17.10365106591522,1,
functional_bridge_earliest_sensitivity,bridge_sensitivity,KLoSA,3,kmeans,3,74,0.4910701023062711,17.054643469737808,1,
functional_bridge_earliest_sensitivity,bridge_sensitivity,KLoSA,3,kmeans,3,75,0.46897200643271003,17.422200441068366,1,
functional_bridge_earliest_sensitivity,bridge_sensitivity,KLoSA,3,kmeans,3,76,0.475909890258564,17.52021563342318,1,
functional_bridge_earliest_sensitivity,bridge_sensitivity,KLoSA,3,kmeans,3,77,0.4562188498622964,17.88777260475374,1,
functional_bridge_earliest_sensitivity,bridge_sensitivity,KLoSA,3,kmeans,3,78,0.5080798855294428,19.480519480519483,1,
functional_bridge_earliest_sensitivity,bridge_sensitivity,KLoSA,3,kmeans,3,79,0.47142495598899775,18.03479539328596,1,
functional_bridge_earliest_sensitivity,bridge_sensitivity,KLoSA,3,kmeans,3,80,0.9809117131031521,22.739524626317078,1,
functional_bridge_earliest_sensitivity,bridge_sensitivity,KLoSA,3,kmeans,3,81,0.47787308626667235,17.348689046802253,1,
functional_bridge_earliest_sensitivity,bridge_sensitivity,KLoSA,3,kmeans,3,82,0.45324520814063834,17.91227640284244,1,
functional_bridge_earliest_sensitivity,bridge_sensitivity,KLoSA,3,kmeans,3,83,0.45342329199437764,17.618230825777996,1,
functional_bridge_earliest_sensitivity,bridge_sensitivity,KLoSA,3,kmeans,3,84,0.9844180446118109,22.592501837784855,1,
functional_bridge_earliest_sensitivity,bridge_sensitivity,KLoSA,3,kmeans,3,85,0.44884650558959066,18.426856162705217,1,
functional_bridge_earliest_sensitivity,bridge_sensitivity,KLoSA,3,kmeans,3,86,0.47021224837437237,16.295025728987994,1,
functional_bridge_earliest_sensitivity,bridge_sensitivity,KLoSA,3,kmeans,3,87,0.9903803100820223,22.322960058809116,1,
functional_bridge_earliest_sensitivity,bridge_sensitivity,KLoSA,3,kmeans,3,88,0.9846163216106396,22.592501837784855,1,
functional_bridge_earliest_sensitivity,bridge_sensitivity,KLoSA,3,kmeans,3,89,0.49800230363342984,19.578534672874294,1,
functional_bridge_earliest_sensitivity,bridge_sensitivity,KLoSA,3,kmeans,3,90,0.9811197715276594,22.715020828228376,1,
functional_bridge_earliest_sensitivity,bridge_sensitivity,KLoSA,3,kmeans,3,91,0.9771938228583857,22.911051212938006,1,
functional_bridge_earliest_sensitivity,bridge_sensitivity,KLoSA,3,kmeans,3,92,0.9954320116170989,22.518990443518746,1,
functional_bridge_earliest_sensitivity,bridge_sensitivity,KLoSA,3,kmeans,3,93,0.45996825814802067,17.71624601813281,1,
functional_bridge_earliest_sensitivity,bridge_sensitivity,KLoSA,3,kmeans,3,94,0.45253119981385775,18.03479539328596,1,
functional_bridge_earliest_sensitivity,bridge_sensitivity,KLoSA,3,kmeans,3,95,0.5557745715991588,18.867924528301888,1,
functional_bridge_earliest_sensitivity,bridge_sensitivity,KLoSA,3,kmeans,3,96,0.4095005475883672,14.849301641754472,1,
functional_bridge_earliest_sensitivity,bridge_sensitivity,KLoSA,3,kmeans,3,97,0.9827524121063053,21.90639549130115,1,
functional_bridge_earliest_sensitivity,bridge_sensitivity,KLoSA,3,kmeans,3,98,0.47126449861136127,16.638078902229847,1,
functional_bridge_earliest_sensitivity,bridge_sensitivity,KLoSA,3,kmeans,3,99,0.46041060761401087,18.475863758882628,1,
functional_bridge_earliest_sensitivity,bridge_sensitivity,KLoSA,3,kmeans,3,100,0.983720034629165,22.27395246263171,1,
functional_bridge_earliest_sensitivity,bridge_sensitivity,KLoSA,3,severity_quantile_k,3,1,1.0,33.3251654006371,1,
functional_bridge_earliest_sensitivity,bridge_sensitivity,KLoSA,3,severity_quantile_k,3,2,1.0,33.3251654006371,1,
functional_bridge_earliest_sensitivity,bridge_sensitivity,KLoSA,3,severity_quantile_k,3,3,1.0,33.3251654006371,1,
functional_bridge_earliest_sensitivity,bridge_sensitivity,KLoSA,3,severity_quantile_k,3,4,1.0,33.3251654006371,1,
functional_bridge_earliest_sensitivity,bridge_sensitivity,KLoSA,3,severity_quantile_k,3,5,1.0,33.3251654006371,1,
functional_bridge_earliest_sensitivity,bridge_sensitivity,KLoSA,3,severity_quantile_k,3,6,1.0,33.3251654006371,1,
functional_bridge_earliest_sensitivity,bridge_sensitivity,KLoSA,3,severity_quantile_k,3,7,1.0,33.3251654006371,1,
functional_bridge_earliest_sensitivity,bridge_sensitivity,KLoSA,3,severity_quantile_k,3,8,1.0,33.3251654006371,1,
functional_bridge_earliest_sensitivity,bridge_sensitivity,KLoSA,3,severity_quantile_k,3,9,1.0,33.3251654006371,1,
functional_bridge_earliest_sensitivity,bridge_sensitivity,KLoSA,3,severity_quantile_k,3,10,1.0,33.3251654006371,1,
functional_bridge_earliest_sensitivity,bridge_sensitivity,KLoSA,3,severity_quantile_k,3,11,1.0,33.3251654006371,1,
functional_bridge_earliest_sensitivity,bridge_sensitivity,KLoSA,3,severity_quantile_k,3,12,1.0,33.3251654006371,1,
functional_bridge_earliest_sensitivity,bridge_sensitivity,KLoSA,3,severity_quantile_k,3,13,1.0,33.3251654006371,1,
functional_bridge_earliest_sensitivity,bridge_sensitivity,KLoSA,3,severity_quantile_k,3,14,1.0,33.3251654006371,1,
functional_bridge_earliest_sensitivity,bridge_sensitivity,KLoSA,3,severity_quantile_k,3,15,1.0,33.3251654006371,1,
functional_bridge_earliest_sensitivity,bridge_sensitivity,KLoSA,3,severity_quantile_k,3,16,1.0,33.3251654006371,1,
functional_bridge_earliest_sensitivity,bridge_sensitivity,KLoSA,3,severity_quantile_k,3,17,1.0,33.3251654006371,1,
functional_bridge_earliest_sensitivity,bridge_sensitivity,KLoSA,3,severity_quantile_k,3,18,1.0,33.3251654006371,1,
functional_bridge_earliest_sensitivity,bridge_sensitivity,KLoSA,3,severity_quantile_k,3,19,1.0,33.3251654006371,1,
functional_bridge_earliest_sensitivity,bridge_sensitivity,KLoSA,3,severity_quantile_k,3,20,1.0,33.3251654006371,1,
functional_bridge_earliest_sensitivity,bridge_sensitivity,KLoSA,3,severity_quantile_k,3,21,1.0,33.3251654006371,1,
functional_bridge_earliest_sensitivity,bridge_sensitivity,KLoSA,3,severity_quantile_k,3,22,1.0,33.3251654006371,1,
functional_bridge_earliest_sensitivity,bridge_sensitivity,KLoSA,3,severity_quantile_k,3,23,1.0,33.3251654006371,1,
functional_bridge_earliest_sensitivity,bridge_sensitivity,KLoSA,3,severity_quantile_k,3,24,1.0,33.3251654006371,1,
functional_bridge_earliest_sensitivity,bridge_sensitivity,KLoSA,3,severity_quantile_k,3,25,1.0,33.3251654006371,1,
functional_bridge_earliest_sensitivity,bridge_sensitivity,KLoSA,3,severity_quantile_k,3,26,1.0,33.3251654006371,1,
functional_bridge_earliest_sensitivity,bridge_sensitivity,KLoSA,3,severity_quantile_k,3,27,1.0,33.3251654006371,1,
functional_bridge_earliest_sensitivity,bridge_sensitivity,KLoSA,3,severity_quantile_k,3,28,1.0,33.3251654006371,1,
functional_bridge_earliest_sensitivity,bridge_sensitivity,KLoSA,3,severity_quantile_k,3,29,1.0,33.3251654006371,1,
functional_bridge_earliest_sensitivity,bridge_sensitivity,KLoSA,3,severity_quantile_k,3,30,1.0,33.3251654006371,1,
functional_bridge_earliest_sensitivity,bridge_sensitivity,KLoSA,3,severity_quantile_k,3,31,1.0,33.3251654006371,1,
functional_bridge_earliest_sensitivity,bridge_sensitivity,KLoSA,3,severity_quantile_k,3,32,1.0,33.3251654006371,1,
functional_bridge_earliest_sensitivity,bridge_sensitivity,KLoSA,3,severity_quantile_k,3,33,1.0,33.3251654006371,1,
functional_bridge_earliest_sensitivity,bridge_sensitivity,KLoSA,3,severity_quantile_k,3,34,1.0,33.3251654006371,1,
functional_bridge_earliest_sensitivity,bridge_sensitivity,KLoSA,3,severity_quantile_k,3,35,1.0,33.3251654006371,1,
functional_bridge_earliest_sensitivity,bridge_sensitivity,KLoSA,3,severity_quantile_k,3,36,1.0,33.3251654006371,1,
functional_bridge_earliest_sensitivity,bridge_sensitivity,KLoSA,3,severity_quantile_k,3,37,1.0,33.3251654006371,1,
functional_bridge_earliest_sensitivity,bridge_sensitivity,KLoSA,3,severity_quantile_k,3,38,1.0,33.3251654006371,1,
functional_bridge_earliest_sensitivity,bridge_sensitivity,KLoSA,3,severity_quantile_k,3,39,1.0,33.3251654006371,1,
functional_bridge_earliest_sensitivity,bridge_sensitivity,KLoSA,3,severity_quantile_k,3,40,1.0,33.3251654006371,1,
functional_bridge_earliest_sensitivity,bridge_sensitivity,KLoSA,3,severity_quantile_k,3,41,1.0,33.3251654006371,1,
functional_bridge_earliest_sensitivity,bridge_sensitivity,KLoSA,3,severity_quantile_k,3,42,1.0,33.3251654006371,1,
functional_bridge_earliest_sensitivity,bridge_sensitivity,KLoSA,3,severity_quantile_k,3,43,1.0,33.3251654006371,1,
functional_bridge_earliest_sensitivity,bridge_sensitivity,KLoSA,3,severity_quantile_k,3,44,1.0,33.3251654006371,1,
functional_bridge_earliest_sensitivity,bridge_sensitivity,KLoSA,3,severity_quantile_k,3,45,1.0,33.3251654006371,1,
functional_bridge_earliest_sensitivity,bridge_sensitivity,KLoSA,3,severity_quantile_k,3,46,1.0,33.3251654006371,1,
functional_bridge_earliest_sensitivity,bridge_sensitivity,KLoSA,3,severity_quantile_k,3,47,1.0,33.3251654006371,1,
functional_bridge_earliest_sensitivity,bridge_sensitivity,KLoSA,3,severity_quantile_k,3,48,1.0,33.3251654006371,1,
functional_bridge_earliest_sensitivity,bridge_sensitivity,KLoSA,3,severity_quantile_k,3,49,1.0,33.3251654006371,1,
functional_bridge_earliest_sensitivity,bridge_sensitivity,KLoSA,3,severity_quantile_k,3,50,1.0,33.3251654006371,1,
functional_bridge_earliest_sensitivity,bridge_sensitivity,KLoSA,3,severity_quantile_k,3,51,1.0,33.3251654006371,1,
functional_bridge_earliest_sensitivity,bridge_sensitivity,KLoSA,3,severity_quantile_k,3,52,1.0,33.3251654006371,1,
functional_bridge_earliest_sensitivity,bridge_sensitivity,KLoSA,3,severity_quantile_k,3,53,1.0,33.3251654006371,1,
functional_bridge_earliest_sensitivity,bridge_sensitivity,KLoSA,3,severity_quantile_k,3,54,1.0,33.3251654006371,1,
functional_bridge_earliest_sensitivity,bridge_sensitivity,KLoSA,3,severity_quantile_k,3,55,1.0,33.3251654006371,1,
functional_bridge_earliest_sensitivity,bridge_sensitivity,KLoSA,3,severity_quantile_k,3,56,1.0,33.3251654006371,1,
functional_bridge_earliest_sensitivity,bridge_sensitivity,KLoSA,3,severity_quantile_k,3,57,1.0,33.3251654006371,1,
functional_bridge_earliest_sensitivity,bridge_sensitivity,KLoSA,3,severity_quantile_k,3,58,1.0,33.3251654006371,1,
functional_bridge_earliest_sensitivity,bridge_sensitivity,KLoSA,3,severity_quantile_k,3,59,1.0,33.3251654006371,1,
functional_bridge_earliest_sensitivity,bridge_sensitivity,KLoSA,3,severity_quantile_k,3,60,1.0,33.3251654006371,1,
functional_bridge_earliest_sensitivity,bridge_sensitivity,KLoSA,3,severity_quantile_k,3,61,1.0,33.3251654006371,1,
functional_bridge_earliest_sensitivity,bridge_sensitivity,KLoSA,3,severity_quantile_k,3,62,1.0,33.3251654006371,1,
functional_bridge_earliest_sensitivity,bridge_sensitivity,KLoSA,3,severity_quantile_k,3,63,1.0,33.3251654006371,1,
functional_bridge_earliest_sensitivity,bridge_sensitivity,KLoSA,3,severity_quantile_k,3,64,1.0,33.3251654006371,1,
functional_bridge_earliest_sensitivity,bridge_sensitivity,KLoSA,3,severity_quantile_k,3,65,1.0,33.3251654006371,1,
functional_bridge_earliest_sensitivity,bridge_sensitivity,KLoSA,3,severity_quantile_k,3,66,1.0,33.3251654006371,1,
functional_bridge_earliest_sensitivity,bridge_sensitivity,KLoSA,3,severity_quantile_k,3,67,1.0,33.3251654006371,1,
functional_bridge_earliest_sensitivity,bridge_sensitivity,KLoSA,3,severity_quantile_k,3,68,1.0,33.3251654006371,1,
functional_bridge_earliest_sensitivity,bridge_sensitivity,KLoSA,3,severity_quantile_k,3,69,1.0,33.3251654006371,1,
functional_bridge_earliest_sensitivity,bridge_sensitivity,KLoSA,3,severity_quantile_k,3,70,1.0,33.3251654006371,1,
functional_bridge_earliest_sensitivity,bridge_sensitivity,KLoSA,3,severity_quantile_k,3,71,1.0,33.3251654006371,1,
functional_bridge_earliest_sensitivity,bridge_sensitivity,KLoSA,3,severity_quantile_k,3,72,1.0,33.3251654006371,1,
functional_bridge_earliest_sensitivity,bridge_sensitivity,KLoSA,3,severity_quantile_k,3,73,1.0,33.3251654006371,1,
functional_bridge_earliest_sensitivity,bridge_sensitivity,KLoSA,3,severity_quantile_k,3,74,1.0,33.3251654006371,1,
functional_bridge_earliest_sensitivity,bridge_sensitivity,KLoSA,3,severity_quantile_k,3,75,1.0,33.3251654006371,1,
functional_bridge_earliest_sensitivity,bridge_sensitivity,KLoSA,3,severity_quantile_k,3,76,1.0,33.3251654006371,1,
functional_bridge_earliest_sensitivity,bridge_sensitivity,KLoSA,3,severity_quantile_k,3,77,1.0,33.3251654006371,1,
functional_bridge_earliest_sensitivity,bridge_sensitivity,KLoSA,3,severity_quantile_k,3,78,1.0,33.3251654006371,1,
functional_bridge_earliest_sensitivity,bridge_sensitivity,KLoSA,3,severity_quantile_k,3,79,1.0,33.3251654006371,1,
functional_bridge_earliest_sensitivity,bridge_sensitivity,KLoSA,3,severity_quantile_k,3,80,1.0,33.3251654006371,1,
functional_bridge_earliest_sensitivity,bridge_sensitivity,KLoSA,3,severity_quantile_k,3,81,1.0,33.3251654006371,1,
functional_bridge_earliest_sensitivity,bridge_sensitivity,KLoSA,3,severity_quantile_k,3,82,1.0,33.3251654006371,1,
functional_bridge_earliest_sensitivity,bridge_sensitivity,KLoSA,3,severity_quantile_k,3,83,1.0,33.3251654006371,1,
functional_bridge_earliest_sensitivity,bridge_sensitivity,KLoSA,3,severity_quantile_k,3,84,1.0,33.3251654006371,1,
functional_bridge_earliest_sensitivity,bridge_sensitivity,KLoSA,3,severity_quantile_k,3,85,1.0,33.3251654006371,1,
functional_bridge_earliest_sensitivity,bridge_sensitivity,KLoSA,3,severity_quantile_k,3,86,1.0,33.3251654006371,1,
functional_bridge_earliest_sensitivity,bridge_sensitivity,KLoSA,3,severity_quantile_k,3,87,1.0,33.3251654006371,1,
functional_bridge_earliest_sensitivity,bridge_sensitivity,KLoSA,3,severity_quantile_k,3,88,1.0,33.3251654006371,1,
functional_bridge_earliest_sensitivity,bridge_sensitivity,KLoSA,3,severity_quantile_k,3,89,1.0,33.3251654006371,1,
functional_bridge_earliest_sensitivity,bridge_sensitivity,KLoSA,3,severity_quantile_k,3,90,1.0,33.3251654006371,1,
functional_bridge_earliest_sensitivity,bridge_sensitivity,KLoSA,3,severity_quantile_k,3,91,1.0,33.3251654006371,1,
functional_bridge_earliest_sensitivity,bridge_sensitivity,KLoSA,3,severity_quantile_k,3,92,1.0,33.3251654006371,1,
functional_bridge_earliest_sensitivity,bridge_sensitivity,KLoSA,3,severity_quantile_k,3,93,1.0,33.3251654006371,1,
functional_bridge_earliest_sensitivity,bridge_sensitivity,KLoSA,3,severity_quantile_k,3,94,1.0,33.3251654006371,1,
functional_bridge_earliest_sensitivity,bridge_sensitivity,KLoSA,3,severity_quantile_k,3,95,1.0,33.3251654006371,1,
functional_bridge_earliest_sensitivity,bridge_sensitivity,KLoSA,3,severity_quantile_k,3,96,1.0,33.3251654006371,1,
functional_bridge_earliest_sensitivity,bridge_sensitivity,KLoSA,3,severity_quantile_k,3,97,1.0,33.3251654006371,1,
functional_bridge_earliest_sensitivity,bridge_sensitivity,KLoSA,3,severity_quantile_k,3,98,1.0,33.3251654006371,1,
functional_bridge_earliest_sensitivity,bridge_sensitivity,KLoSA,3,severity_quantile_k,3,99,1.0,33.3251654006371,1,
functional_bridge_earliest_sensitivity,bridge_sensitivity,KLoSA,3,severity_quantile_k,3,100,1.0,33.3251654006371,1,
strict_earliest_primary,strict_primary,LASI,all_rows_no_wave,gmm_diag,3,1,0.9931759568916881,21.423103561404147,1,
strict_earliest_primary,strict_primary,LASI,all_rows_no_wave,gmm_diag,3,2,0.9854649291855333,21.423103561404147,1,
strict_earliest_primary,strict_primary,LASI,all_rows_no_wave,gmm_diag,3,3,0.9938801848479416,21.423103561404147,1,
strict_earliest_primary,strict_primary,LASI,all_rows_no_wave,gmm_diag,3,4,0.9863966092381775,21.423103561404147,1,
strict_earliest_primary,strict_primary,LASI,all_rows_no_wave,gmm_diag,3,5,0.9954036417021794,21.423103561404147,1,
strict_earliest_primary,strict_primary,LASI,all_rows_no_wave,gmm_diag,3,6,0.9981126827335205,21.423103561404147,1,
strict_earliest_primary,strict_primary,LASI,all_rows_no_wave,gmm_diag,3,7,0.9851990155795796,21.423103561404147,1,
strict_earliest_primary,strict_primary,LASI,all_rows_no_wave,gmm_diag,3,8,0.9837202867927667,21.423103561404147,1,
strict_earliest_primary,strict_primary,LASI,all_rows_no_wave,gmm_diag,3,9,0.9918871370154457,21.423103561404147,1,
strict_earliest_primary,strict_primary,LASI,all_rows_no_wave,gmm_diag,3,10,0.9803556649847398,21.368424889731347,1,
strict_earliest_primary,strict_primary,LASI,all_rows_no_wave,gmm_diag,3,11,0.9742350005034235,21.175226916487443,1,
strict_earliest_primary,strict_primary,LASI,all_rows_no_wave,gmm_diag,3,12,0.9854649291855333,21.423103561404147,1,
strict_earliest_primary,strict_primary,LASI,all_rows_no_wave,gmm_diag,3,13,0.858391078510677,21.423103561404147,1,
strict_earliest_primary,strict_primary,LASI,all_rows_no_wave,gmm_diag,3,14,0.9274162085879089,20.46804942951919,1,
strict_earliest_primary,strict_primary,LASI,all_rows_no_wave,gmm_diag,3,15,0.992472935492169,21.423103561404147,1,
strict_earliest_primary,strict_primary,LASI,all_rows_no_wave,gmm_diag,3,16,0.9704426287626191,21.054933838807276,1,
strict_earliest_primary,strict_primary,LASI,all_rows_no_wave,gmm_diag,3,17,0.930583387573032,20.46804942951919,1,
strict_earliest_primary,strict_primary,LASI,all_rows_no_wave,gmm_diag,3,18,0.9983486199011016,21.423103561404147,1,
strict_earliest_primary,strict_primary,LASI,all_rows_no_wave,gmm_diag,3,19,1.0,21.423103561404147,1,
strict_earliest_primary,strict_primary,LASI,all_rows_no_wave,gmm_diag,3,20,0.9797766711057617,21.350198665840413,1,
strict_earliest_primary,strict_primary,LASI,all_rows_no_wave,gmm_diag,3,21,0.9761942212175728,21.237196077716618,1,
strict_earliest_primary,strict_primary,LASI,all_rows_no_wave,gmm_diag,3,22,0.9920035506109027,21.423103561404147,1,
strict_earliest_primary,strict_primary,LASI,all_rows_no_wave,gmm_diag,3,23,0.19508493254411202,17.5263368935224,1,
strict_earliest_primary,strict_primary,LASI,all_rows_no_wave,gmm_diag,3,24,0.9328499832233579,20.46804942951919,1,
strict_earliest_primary,strict_primary,LASI,all_rows_no_wave,gmm_diag,3,25,0.9777354490234659,21.423103561404147,1,
strict_earliest_primary,strict_primary,LASI,all_rows_no_wave,gmm_diag,3,26,0.19779002787293057,16.720737797543105,1,
strict_earliest_primary,strict_primary,LASI,all_rows_no_wave,gmm_diag,3,27,0.16028483072434316,18.036671162468558,1,
strict_earliest_primary,strict_primary,LASI,all_rows_no_wave,gmm_diag,3,28,0.9822106460712542,21.423103561404147,1,
strict_earliest_primary,strict_primary,LASI,all_rows_no_wave,gmm_diag,3,29,0.9963470717245337,21.423103561404147,1,
strict_earliest_primary,strict_primary,LASI,all_rows_no_wave,gmm_diag,3,30,0.9994099697493568,21.423103561404147,1,
strict_earliest_primary,strict_primary,LASI,all_rows_no_wave,gmm_diag,3,31,0.9934043280244481,21.423103561404147,1,
strict_earliest_primary,strict_primary,LASI,all_rows_no_wave,gmm_diag,3,32,0.9854649291855333,21.423103561404147,1,
strict_earliest_primary,strict_primary,LASI,all_rows_no_wave,gmm_diag,3,33,0.9321696266125613,20.46804942951919,1,
strict_earliest_primary,strict_primary,LASI,all_rows_no_wave,gmm_diag,3,34,0.9743656721821208,21.423103561404147,1,
strict_earliest_primary,strict_primary,LASI,all_rows_no_wave,gmm_diag,3,35,0.999410022206586,21.423103561404147,1,
strict_earliest_primary,strict_primary,LASI,all_rows_no_wave,gmm_diag,3,36,0.19587496825661418,17.26023402471476,1,
strict_earliest_primary,strict_primary,LASI,all_rows_no_wave,gmm_diag,3,37,0.9730894702115017,21.423103561404147,1,
strict_earliest_primary,strict_primary,LASI,all_rows_no_wave,gmm_diag,3,38,1.0,21.423103561404147,1,
strict_earliest_primary,strict_primary,LASI,all_rows_no_wave,gmm_diag,3,39,0.9982305736025202,21.423103561404147,1,
strict_earliest_primary,strict_primary,LASI,all_rows_no_wave,gmm_diag,3,40,0.9911728457675536,21.423103561404147,1,
strict_earliest_primary,strict_primary,LASI,all_rows_no_wave,gmm_diag,3,41,0.986280103430653,21.423103561404147,1,
strict_earliest_primary,strict_primary,LASI,all_rows_no_wave,gmm_diag,3,42,0.9798924436792098,21.353843910618597,1,
strict_earliest_primary,strict_primary,LASI,all_rows_no_wave,gmm_diag,3,43,0.9314895938450168,20.46804942951919,1,
strict_earliest_primary,strict_primary,LASI,all_rows_no_wave,gmm_diag,3,44,0.9860463693321644,21.423103561404147,1,
strict_earliest_primary,strict_primary,LASI,all_rows_no_wave,gmm_diag,3,45,0.9943448613052743,21.423103561404147,1,
strict_earliest_primary,strict_primary,LASI,all_rows_no_wave,gmm_diag,3,46,0.987795699480887,21.423103561404147,1,
strict_earliest_primary,strict_primary,LASI,all_rows_no_wave,gmm_diag,3,47,0.999410022206586,21.423103561404147,1,
strict_earliest_primary,strict_primary,LASI,all_rows_no_wave,gmm_diag,3,48,0.9277552108126714,20.46804942951919,1,
strict_earliest_primary,strict_primary,LASI,all_rows_no_wave,gmm_diag,3,49,0.2528606647014022,13.658732183866146,1,
strict_earliest_primary,strict_primary,LASI,all_rows_no_wave,gmm_diag,3,50,0.9959929443494335,21.423103561404147,1,
strict_earliest_primary,strict_primary,LASI,all_rows_no_wave,gmm_diag,3,51,0.1611336936352356,17.438851018845916,1,
strict_earliest_primary,strict_primary,LASI,all_rows_no_wave,gmm_diag,3,52,0.9929418095255502,21.423103561404147,1,
strict_earliest_primary,strict_primary,LASI,all_rows_no_wave,gmm_diag,3,53,0.9673504095756043,20.956512229796232,1,
strict_earliest_primary,strict_primary,LASI,all_rows_no_wave,gmm_diag,3,54,0.9863966092381775,21.423103561404147,1,
strict_earliest_primary,strict_primary,LASI,all_rows_no_wave,gmm_diag,3,55,0.9853485280694323,21.423103561404147,1,
strict_earliest_primary,strict_primary,LASI,all_rows_no_wave,gmm_diag,3,56,0.975848201023725,21.22626034338206,1,
strict_earliest_primary,strict_primary,LASI,all_rows_no_wave,gmm_diag,3,57,0.9778517836738592,21.423103561404147,1,
strict_earliest_primary,strict_primary,LASI,all_rows_no_wave,gmm_diag,3,58,0.19689372229970314,17.16910290526009,1,
strict_earliest_primary,strict_primary,LASI,all_rows_no_wave,gmm_diag,3,59,0.16234998281618473,18.065833120694055,1,
strict_earliest_primary,strict_primary,LASI,all_rows_no_wave,gmm_diag,3,60,0.9838356189334215,21.423103561404147,1,
strict_earliest_primary,strict_primary,LASI,all_rows_no_wave,gmm_diag,3,61,0.9755268057923246,21.423103561404147,1,
strict_earliest_primary,strict_primary,LASI,all_rows_no_wave,gmm_diag,3,62,0.984965222092821,21.423103561404147,1,
strict_earliest_primary,strict_primary,LASI,all_rows_no_wave,gmm_diag,3,63,0.982094611523457,21.423103561404147,1,
strict_earliest_primary,strict_primary,LASI,all_rows_no_wave,gmm_diag,3,64,0.8717390596921974,21.423103561404147,1,
strict_earliest_primary,strict_primary,LASI,all_rows_no_wave,gmm_diag,3,65,0.9851990155795796,21.423103561404147,1,
strict_earliest_primary,strict_primary,LASI,all_rows_no_wave,gmm_diag,3,66,0.9812827363921449,21.39758684795684,1,
strict_earliest_primary,strict_primary,LASI,all_rows_no_wave,gmm_diag,3,67,0.19418081690357414,17.486239200962345,1,
strict_earliest_primary,strict_primary,LASI,all_rows_no_wave,gmm_diag,3,68,0.9879123753714526,21.423103561404147,1,
strict_earliest_primary,strict_primary,LASI,all_rows_no_wave,gmm_diag,3,69,0.9856977706798296,21.423103561404147,1,
strict_earliest_primary,strict_primary,LASI,all_rows_no_wave,gmm_diag,3,70,0.9822106460712542,21.423103561404147,1,
strict_earliest_primary,strict_primary,LASI,all_rows_no_wave,gmm_diag,3,71,0.9914187335098199,21.423103561404147,1,
strict_earliest_primary,strict_primary,LASI,all_rows_no_wave,gmm_diag,3,72,0.19348510204091818,17.72318011154449,1,
strict_earliest_primary,strict_primary,LASI,all_rows_no_wave,gmm_diag,3,73,0.9930517749076827,21.423103561404147,1,
strict_earliest_primary,strict_primary,LASI,all_rows_no_wave,gmm_diag,3,74,0.9801240281302034,21.361134400174972,1,
strict_earliest_primary,strict_primary,LASI,all_rows_no_wave,gmm_diag,3,75,0.999174019638739,21.423103561404147,1,
strict_earliest_primary,strict_primary,LASI,all_rows_no_wave,gmm_diag,3,76,0.975848201023725,21.22626034338206,1,
strict_earliest_primary,strict_primary,LASI,all_rows_no_wave,gmm_diag,3,77,0.9759915123635863,21.423103561404147,1,
strict_earliest_primary,strict_primary,LASI,all_rows_no_wave,gmm_diag,3,78,0.9341959439046561,20.500856632522872,1,
strict_earliest_primary,strict_primary,LASI,all_rows_no_wave,gmm_diag,3,79,0.25142764432558157,12.339153574162506,1,
strict_earliest_primary,strict_primary,LASI,all_rows_no_wave,gmm_diag,3,80,0.9934043280244481,21.423103561404147,1,
strict_earliest_primary,strict_primary,LASI,all_rows_no_wave,gmm_diag,3,81,0.9976414170070592,21.423103561404147,1,
strict_earliest_primary,strict_primary,LASI,all_rows_no_wave,gmm_diag,3,82,0.986862763316256,21.423103561404147,1,
strict_earliest_primary,strict_primary,LASI,all_rows_no_wave,gmm_diag,3,83,0.9995279580899576,21.423103561404147,1,
strict_earliest_primary,strict_primary,LASI,all_rows_no_wave,gmm_diag,3,84,0.8757195815878672,21.423103561404147,1,
strict_earliest_primary,strict_primary,LASI,all_rows_no_wave,gmm_diag,3,85,0.19723153441125985,16.44005394962272,1,
strict_earliest_primary,strict_primary,LASI,all_rows_no_wave,gmm_diag,3,86,0.9811668066201935,21.393941603178654,1,
strict_earliest_primary,strict_primary,LASI,all_rows_no_wave,gmm_diag,3,87,0.19541619133576724,17.38052710239493,1,
strict_earliest_primary,strict_primary,LASI,all_rows_no_wave,gmm_diag,3,88,0.9918871370154457,21.423103561404147,1,
strict_earliest_primary,strict_primary,LASI,all_rows_no_wave,gmm_diag,3,89,0.9928167840200095,21.423103561404147,1,
strict_earliest_primary,strict_primary,LASI,all_rows_no_wave,gmm_diag,3,90,0.9935281961002348,21.423103561404147,1,
strict_earliest_primary,strict_primary,LASI,all_rows_no_wave,gmm_diag,3,91,0.9731993004191302,21.142419713483758,1,
strict_earliest_primary,strict_primary,LASI,all_rows_no_wave,gmm_diag,3,92,0.16321944129119006,16.1119819195859,1,
strict_earliest_primary,strict_primary,LASI,all_rows_no_wave,gmm_diag,3,93,0.9875389215313848,21.423103561404147,1,
strict_earliest_primary,strict_primary,LASI,all_rows_no_wave,gmm_diag,3,94,0.9930517749076827,21.423103561404147,1,
strict_earliest_primary,strict_primary,LASI,all_rows_no_wave,gmm_diag,3,95,0.9837202867927667,21.423103561404147,1,
strict_earliest_primary,strict_primary,LASI,all_rows_no_wave,gmm_diag,3,96,0.9971703768354591,21.423103561404147,1,
strict_earliest_primary,strict_primary,LASI,all_rows_no_wave,gmm_diag,3,97,0.9310364186734565,20.46804942951919,1,
strict_earliest_primary,strict_primary,LASI,all_rows_no_wave,gmm_diag,3,98,0.19610755411096853,17.62111325775526,1,
strict_earliest_primary,strict_primary,LASI,all_rows_no_wave,gmm_diag,3,99,0.1946160053133757,17.46801297707141,1,
strict_earliest_primary,strict_primary,LASI,all_rows_no_wave,gmm_diag,3,100,0.9926993019359095,21.423103561404147,1,
strict_earliest_primary,strict_primary,LASI,all_rows_no_wave,kmeans,3,1,0.9273852909024486,20.11081544125688,1,
strict_earliest_primary,strict_primary,LASI,all_rows_no_wave,kmeans,3,2,0.9957154062816421,17.76692304888273,1,
strict_earliest_primary,strict_primary,LASI,all_rows_no_wave,kmeans,3,3,0.9466851370627324,15.56884044763606,1,
strict_earliest_primary,strict_primary,LASI,all_rows_no_wave,kmeans,3,4,0.9520422315466699,15.864105274669193,1,
strict_earliest_primary,strict_primary,LASI,all_rows_no_wave,kmeans,3,5,0.7927902283840365,15.842233806000072,1,
strict_earliest_primary,strict_primary,LASI,all_rows_no_wave,kmeans,3,6,0.9896569761124681,17.570079830860642,1,
strict_earliest_primary,strict_primary,LASI,all_rows_no_wave,kmeans,3,7,0.741798977882184,14.927277366675174,1,
strict_earliest_primary,strict_primary,LASI,all_rows_no_wave,kmeans,3,8,0.9705647937922524,16.52024933474283,1,
strict_earliest_primary,strict_primary,LASI,all_rows_no_wave,kmeans,3,9,0.7996024306658999,20.446177960850072,1,
strict_earliest_primary,strict_primary,LASI,all_rows_no_wave,kmeans,3,10,0.9743201801794038,18.38296941639631,1,
strict_earliest_primary,strict_primary,LASI,all_rows_no_wave,kmeans,3,11,0.957655642490155,16.199467794262386,1,
strict_earliest_primary,strict_primary,LASI,all_rows_no_wave,kmeans,3,12,0.9853246563048725,17.034228848467176,1,
strict_earliest_primary,strict_primary,LASI,all_rows_no_wave,kmeans,3,13,0.9748719933172081,16.706156818430358,1,
strict_earliest_primary,strict_primary,LASI,all_rows_no_wave,kmeans,3,14,0.9526801436914111,19.050049210804506,1,
strict_earliest_primary,strict_primary,LASI,all_rows_no_wave,kmeans,3,15,0.9584684305332238,18.92975613312434,1,
strict_earliest_primary,strict_primary,LASI,all_rows_no_wave,kmeans,3,16,0.9936750015633378,17.76692304888273,1,
strict_earliest_primary,strict_primary,LASI,all_rows_no_wave,kmeans,3,17,0.9609633876501432,16.512958845186454,1,
strict_earliest_primary,strict_primary,LASI,all_rows_no_wave,kmeans,3,18,0.775019670909312,15.218896948930121,1,
strict_earliest_primary,strict_primary,LASI,all_rows_no_wave,kmeans,3,19,0.9480029793999581,19.297925855721214,1,
strict_earliest_primary,strict_primary,LASI,all_rows_no_wave,kmeans,3,20,0.9617014161668878,18.87143221667335,1,
strict_earliest_primary,strict_primary,LASI,all_rows_no_wave,kmeans,3,21,0.9787770127962652,18.229869135712462,1,
strict_earliest_primary,strict_primary,LASI,all_rows_no_wave,kmeans,3,22,0.9465787089631384,19.279699631830276,1,
strict_earliest_primary,strict_primary,LASI,all_rows_no_wave,kmeans,3,23,0.9484825245098508,18.947982357015274,1,
strict_earliest_primary,strict_primary,LASI,all_rows_no_wave,kmeans,3,24,0.9751211368159755,18.368388437283564,1,
strict_earliest_primary,strict_primary,LASI,all_rows_no_wave,kmeans,3,25,0.4261598112613947,13.35253162249845,1,
strict_earliest_primary,strict_primary,LASI,all_rows_no_wave,kmeans,3,26,0.3252576407970281,12.820325884883168,1,
strict_earliest_primary,strict_primary,LASI,all_rows_no_wave,kmeans,3,27,0.939648943973056,19.469252360295993,1,
strict_earliest_primary,strict_primary,LASI,all_rows_no_wave,kmeans,3,28,0.952722896208152,19.268763897495717,1,
strict_earliest_primary,strict_primary,LASI,all_rows_no_wave,kmeans,3,29,0.9943702284324216,17.497174935296904,1,
strict_earliest_primary,strict_primary,LASI,all_rows_no_wave,kmeans,3,30,0.9905055238455576,17.64298472642438,1,
strict_earliest_primary,strict_primary,LASI,all_rows_no_wave,kmeans,3,31,0.976503878550925,18.29183829694164,1,
strict_earliest_primary,strict_primary,LASI,all_rows_no_wave,kmeans,3,32,0.9705699673941526,16.487442131739147,1,
strict_earliest_primary,strict_primary,LASI,all_rows_no_wave,kmeans,3,33,0.9530966425754327,19.064630189917253,1,
strict_earliest_primary,strict_primary,LASI,all_rows_no_wave,kmeans,3,34,0.9742866123455478,16.63325192286662,1,
strict_earliest_primary,strict_primary,LASI,all_rows_no_wave,kmeans,3,35,0.9355868441961589,14.98924652790435,1,
strict_earliest_primary,strict_primary,LASI,all_rows_no_wave,kmeans,3,36,0.9676418379195285,18.51419822841104,1,
strict_earliest_primary,strict_primary,LASI,all_rows_no_wave,kmeans,3,37,0.9632785511492133,16.279663179382496,1,
strict_earliest_primary,strict_primary,LASI,all_rows_no_wave,kmeans,3,38,0.943056170499883,19.549447745416103,1,
strict_earliest_primary,strict_primary,LASI,all_rows_no_wave,kmeans,3,39,0.9857494145037126,17.31855794116575,1,
strict_earliest_primary,strict_primary,LASI,all_rows_no_wave,kmeans,3,40,0.9757457342523455,18.437648088069114,1,
strict_earliest_primary,strict_primary,LASI,all_rows_no_wave,kmeans,3,41,0.9951523824353291,17.712244377209927,1,
strict_earliest_primary,strict_primary,LASI,all_rows_no_wave,kmeans,3,42,0.9354081237946547,19.862938796340174,1,
strict_earliest_primary,strict_primary,LASI,all_rows_no_wave,kmeans,3,43,0.9611067116692231,16.170305836036892,1,
strict_earliest_primary,strict_primary,LASI,all_rows_no_wave,kmeans,3,44,0.9749967897095225,16.81915940655415,1,
strict_earliest_primary,strict_primary,LASI,all_rows_no_wave,kmeans,3,45,0.9895508333233738,17.333138920278497,1,
strict_earliest_primary,strict_primary,LASI,all_rows_no_wave,kmeans,3,46,0.9604082934933692,16.239565486822443,1,
strict_earliest_primary,strict_primary,LASI,all_rows_no_wave,kmeans,3,47,0.9787859882983029,18.26632158349433,1,
strict_earliest_primary,strict_primary,LASI,all_rows_no_wave,kmeans,3,48,0.9021715157010417,20.894543068567053,1,
strict_earliest_primary,strict_primary,LASI,all_rows_no_wave,kmeans,3,49,0.9843569273625705,17.09984325447454,1,
strict_earliest_primary,strict_primary,LASI,all_rows_no_wave,kmeans,3,50,0.9392045734281602,15.328254292275725,1,
strict_earliest_primary,strict_primary,LASI,all_rows_no_wave,kmeans,3,51,0.948836985448445,19.228666204935664,1,
strict_earliest_primary,strict_primary,LASI,all_rows_no_wave,kmeans,3,52,0.8301935643065699,16.41453723617541,1,
strict_earliest_primary,strict_primary,LASI,all_rows_no_wave,kmeans,3,53,0.9522389301409608,19.075565924251812,1,
strict_earliest_primary,strict_primary,LASI,all_rows_no_wave,kmeans,3,54,0.935070085649696,19.70619327087814,1,
strict_earliest_primary,strict_primary,LASI,all_rows_no_wave,kmeans,3,55,0.24182116755185779,12.907811759559653,1,
strict_earliest_primary,strict_primary,LASI,all_rows_no_wave,kmeans,3,56,0.9923191771232335,17.384172347173113,1,
strict_earliest_primary,strict_primary,LASI,all_rows_no_wave,kmeans,3,57,0.9758311145431974,16.66970437064849,1,
strict_earliest_primary,strict_primary,LASI,all_rows_no_wave,kmeans,3,58,0.9511105460113946,19.119308861590056,1,
strict_earliest_primary,strict_primary,LASI,all_rows_no_wave,kmeans,3,59,0.9491791228242724,19.232311449713848,1,
strict_earliest_primary,strict_primary,LASI,all_rows_no_wave,kmeans,3,60,0.9455961450666311,19.47289760507418,1,
strict_earliest_primary,strict_primary,LASI,all_rows_no_wave,kmeans,3,61,0.937177727136464,19.73900047388182,1,
strict_earliest_primary,strict_primary,LASI,all_rows_no_wave,kmeans,3,62,0.3710730366729664,13.057266795465317,1,
strict_earliest_primary,strict_primary,LASI,all_rows_no_wave,kmeans,3,63,0.9588703039647851,16.020850800131228,1,
strict_earliest_primary,strict_primary,LASI,all_rows_no_wave,kmeans,3,64,0.9593994609886065,16.075529471804032,1,
strict_earliest_primary,strict_primary,LASI,all_rows_no_wave,kmeans,3,65,0.9895758362349036,17.847118434002844,1,
strict_earliest_primary,strict_primary,LASI,all_rows_no_wave,kmeans,3,66,0.9830221037011615,18.113221302810484,1,
strict_earliest_primary,strict_primary,LASI,all_rows_no_wave,kmeans,3,67,0.9319230177182236,19.69525753654358,1,
strict_earliest_primary,strict_primary,LASI,all_rows_no_wave,kmeans,3,68,0.9569822217848657,15.958881638902053,1,
strict_earliest_primary,strict_primary,LASI,all_rows_no_wave,kmeans,3,69,0.9818391032516218,17.08890752013998,1,
strict_earliest_primary,strict_primary,LASI,all_rows_no_wave,kmeans,3,70,0.9770264488411701,16.78270695877228,1,
strict_earliest_primary,strict_primary,LASI,all_rows_no_wave,kmeans,3,71,0.9865173367531161,17.82889221011191,1,
strict_earliest_primary,strict_primary,LASI,all_rows_no_wave,kmeans,3,72,0.9546947755833812,19.006306273466265,1,
strict_earliest_primary,strict_primary,LASI,all_rows_no_wave,kmeans,3,73,0.9735709352923176,17.09619800969635,1,
strict_earliest_primary,strict_primary,LASI,all_rows_no_wave,kmeans,3,74,0.9862210740080575,17.599241789086136,1,
strict_earliest_primary,strict_primary,LASI,all_rows_no_wave,kmeans,3,75,0.9168610974232945,20.28578719060985,1,
strict_earliest_primary,strict_primary,LASI,all_rows_no_wave,kmeans,3,76,0.9591899614959547,16.141143877811395,1,
strict_earliest_primary,strict_primary,LASI,all_rows_no_wave,kmeans,3,77,0.8603529929343959,22.52396748441658,1,
strict_earliest_primary,strict_primary,LASI,all_rows_no_wave,kmeans,3,78,0.9818599473554717,16.997776400685304,1,
strict_earliest_primary,strict_primary,LASI,all_rows_no_wave,kmeans,3,79,0.9769325654397444,16.724383042321293,1,
strict_earliest_primary,strict_primary,LASI,all_rows_no_wave,kmeans,3,80,0.9558846511423008,15.962526883680239,1,
strict_earliest_primary,strict_primary,LASI,all_rows_no_wave,kmeans,3,81,0.24578498040502292,12.951554696897896,1,
strict_earliest_primary,strict_primary,LASI,all_rows_no_wave,kmeans,3,82,0.9563466103698115,19.002661028688074,1,
strict_earliest_primary,strict_primary,LASI,all_rows_no_wave,kmeans,3,83,0.9445520984258136,19.458316625961434,1,
strict_earliest_primary,strict_primary,LASI,all_rows_no_wave,kmeans,3,84,0.9360936362995108,15.725585973098093,1,
strict_earliest_primary,strict_primary,LASI,all_rows_no_wave,kmeans,3,85,0.9653699765515464,16.290598913717055,1,
strict_earliest_primary,strict_primary,LASI,all_rows_no_wave,kmeans,3,86,0.9729746426146931,18.4959720045201,1,
strict_earliest_primary,strict_primary,LASI,all_rows_no_wave,kmeans,3,87,0.9670009462562347,16.381730033171728,1,
strict_earliest_primary,strict_primary,LASI,all_rows_no_wave,kmeans,3,88,0.9868706491747927,17.081617030583605,1,
strict_earliest_primary,strict_primary,LASI,all_rows_no_wave,kmeans,3,89,0.9244113186695375,20.256625232384355,1,
strict_earliest_primary,strict_primary,LASI,all_rows_no_wave,kmeans,3,90,0.9828094206524766,17.26023402471476,1,
strict_earliest_primary,strict_primary,LASI,all_rows_no_wave,kmeans,3,91,0.8221324531504828,15.816717092552764,1,
strict_earliest_primary,strict_primary,LASI,all_rows_no_wave,kmeans,3,92,0.9703423339989959,16.502023110851894,1,
strict_earliest_primary,strict_primary,LASI,all_rows_no_wave,kmeans,3,93,0.7691017341730421,15.616228629752488,1,
strict_earliest_primary,strict_primary,LASI,all_rows_no_wave,kmeans,3,94,0.9508219160574201,19.14118033025918,1,
strict_earliest_primary,strict_primary,LASI,all_rows_no_wave,kmeans,3,95,0.9859630983798049,17.97834724601757,1,
strict_earliest_primary,strict_primary,LASI,all_rows_no_wave,kmeans,3,96,0.9837423257576803,17.97834724601757,1,
strict_earliest_primary,strict_primary,LASI,all_rows_no_wave,kmeans,3,97,0.9415561930273194,19.582254948419788,1,
strict_earliest_primary,strict_primary,LASI,all_rows_no_wave,kmeans,3,98,0.9779398454345221,18.248095359603397,1,
strict_earliest_primary,strict_primary,LASI,all_rows_no_wave,kmeans,3,99,0.9804622005330498,16.975904932016185,1,
strict_earliest_primary,strict_primary,LASI,all_rows_no_wave,kmeans,3,100,0.9516709942661058,19.25418291838297,1,
strict_earliest_primary,strict_primary,LASI,all_rows_no_wave,severity_quantile_k,3,1,1.0,33.3321182517406,1,
strict_earliest_primary,strict_primary,LASI,all_rows_no_wave,severity_quantile_k,3,2,1.0,33.3321182517406,1,
strict_earliest_primary,strict_primary,LASI,all_rows_no_wave,severity_quantile_k,3,3,1.0,33.3321182517406,1,
strict_earliest_primary,strict_primary,LASI,all_rows_no_wave,severity_quantile_k,3,4,1.0,33.3321182517406,1,
strict_earliest_primary,strict_primary,LASI,all_rows_no_wave,severity_quantile_k,3,5,1.0,33.3321182517406,1,
strict_earliest_primary,strict_primary,LASI,all_rows_no_wave,severity_quantile_k,3,6,1.0,33.3321182517406,1,
strict_earliest_primary,strict_primary,LASI,all_rows_no_wave,severity_quantile_k,3,7,1.0,33.3321182517406,1,
strict_earliest_primary,strict_primary,LASI,all_rows_no_wave,severity_quantile_k,3,8,1.0,33.3321182517406,1,
strict_earliest_primary,strict_primary,LASI,all_rows_no_wave,severity_quantile_k,3,9,1.0,33.3321182517406,1,
strict_earliest_primary,strict_primary,LASI,all_rows_no_wave,severity_quantile_k,3,10,1.0,33.3321182517406,1,
strict_earliest_primary,strict_primary,LASI,all_rows_no_wave,severity_quantile_k,3,11,1.0,33.3321182517406,1,
strict_earliest_primary,strict_primary,LASI,all_rows_no_wave,severity_quantile_k,3,12,1.0,33.3321182517406,1,
strict_earliest_primary,strict_primary,LASI,all_rows_no_wave,severity_quantile_k,3,13,1.0,33.3321182517406,1,
strict_earliest_primary,strict_primary,LASI,all_rows_no_wave,severity_quantile_k,3,14,1.0,33.3321182517406,1,
strict_earliest_primary,strict_primary,LASI,all_rows_no_wave,severity_quantile_k,3,15,1.0,33.3321182517406,1,
strict_earliest_primary,strict_primary,LASI,all_rows_no_wave,severity_quantile_k,3,16,1.0,33.3321182517406,1,
strict_earliest_primary,strict_primary,LASI,all_rows_no_wave,severity_quantile_k,3,17,1.0,33.3321182517406,1,
strict_earliest_primary,strict_primary,LASI,all_rows_no_wave,severity_quantile_k,3,18,1.0,33.3321182517406,1,
strict_earliest_primary,strict_primary,LASI,all_rows_no_wave,severity_quantile_k,3,19,1.0,33.3321182517406,1,
strict_earliest_primary,strict_primary,LASI,all_rows_no_wave,severity_quantile_k,3,20,1.0,33.3321182517406,1,
strict_earliest_primary,strict_primary,LASI,all_rows_no_wave,severity_quantile_k,3,21,1.0,33.3321182517406,1,
strict_earliest_primary,strict_primary,LASI,all_rows_no_wave,severity_quantile_k,3,22,1.0,33.3321182517406,1,
strict_earliest_primary,strict_primary,LASI,all_rows_no_wave,severity_quantile_k,3,23,1.0,33.3321182517406,1,
strict_earliest_primary,strict_primary,LASI,all_rows_no_wave,severity_quantile_k,3,24,1.0,33.3321182517406,1,
strict_earliest_primary,strict_primary,LASI,all_rows_no_wave,severity_quantile_k,3,25,1.0,33.3321182517406,1,
strict_earliest_primary,strict_primary,LASI,all_rows_no_wave,severity_quantile_k,3,26,1.0,33.3321182517406,1,
strict_earliest_primary,strict_primary,LASI,all_rows_no_wave,severity_quantile_k,3,27,1.0,33.3321182517406,1,
strict_earliest_primary,strict_primary,LASI,all_rows_no_wave,severity_quantile_k,3,28,1.0,33.3321182517406,1,
strict_earliest_primary,strict_primary,LASI,all_rows_no_wave,severity_quantile_k,3,29,1.0,33.3321182517406,1,
strict_earliest_primary,strict_primary,LASI,all_rows_no_wave,severity_quantile_k,3,30,1.0,33.3321182517406,1,
strict_earliest_primary,strict_primary,LASI,all_rows_no_wave,severity_quantile_k,3,31,1.0,33.3321182517406,1,
strict_earliest_primary,strict_primary,LASI,all_rows_no_wave,severity_quantile_k,3,32,1.0,33.3321182517406,1,
strict_earliest_primary,strict_primary,LASI,all_rows_no_wave,severity_quantile_k,3,33,1.0,33.3321182517406,1,
strict_earliest_primary,strict_primary,LASI,all_rows_no_wave,severity_quantile_k,3,34,1.0,33.3321182517406,1,
strict_earliest_primary,strict_primary,LASI,all_rows_no_wave,severity_quantile_k,3,35,1.0,33.3321182517406,1,
strict_earliest_primary,strict_primary,LASI,all_rows_no_wave,severity_quantile_k,3,36,1.0,33.3321182517406,1,
strict_earliest_primary,strict_primary,LASI,all_rows_no_wave,severity_quantile_k,3,37,1.0,33.3321182517406,1,
strict_earliest_primary,strict_primary,LASI,all_rows_no_wave,severity_quantile_k,3,38,1.0,33.3321182517406,1,
strict_earliest_primary,strict_primary,LASI,all_rows_no_wave,severity_quantile_k,3,39,1.0,33.3321182517406,1,
strict_earliest_primary,strict_primary,LASI,all_rows_no_wave,severity_quantile_k,3,40,1.0,33.3321182517406,1,
strict_earliest_primary,strict_primary,LASI,all_rows_no_wave,severity_quantile_k,3,41,1.0,33.3321182517406,1,
strict_earliest_primary,strict_primary,LASI,all_rows_no_wave,severity_quantile_k,3,42,1.0,33.3321182517406,1,
strict_earliest_primary,strict_primary,LASI,all_rows_no_wave,severity_quantile_k,3,43,1.0,33.3321182517406,1,
strict_earliest_primary,strict_primary,LASI,all_rows_no_wave,severity_quantile_k,3,44,1.0,33.3321182517406,1,
strict_earliest_primary,strict_primary,LASI,all_rows_no_wave,severity_quantile_k,3,45,1.0,33.3321182517406,1,
strict_earliest_primary,strict_primary,LASI,all_rows_no_wave,severity_quantile_k,3,46,1.0,33.3321182517406,1,
strict_earliest_primary,strict_primary,LASI,all_rows_no_wave,severity_quantile_k,3,47,1.0,33.3321182517406,1,
strict_earliest_primary,strict_primary,LASI,all_rows_no_wave,severity_quantile_k,3,48,1.0,33.3321182517406,1,
strict_earliest_primary,strict_primary,LASI,all_rows_no_wave,severity_quantile_k,3,49,1.0,33.3321182517406,1,
strict_earliest_primary,strict_primary,LASI,all_rows_no_wave,severity_quantile_k,3,50,1.0,33.3321182517406,1,
strict_earliest_primary,strict_primary,LASI,all_rows_no_wave,severity_quantile_k,3,51,1.0,33.3321182517406,1,
strict_earliest_primary,strict_primary,LASI,all_rows_no_wave,severity_quantile_k,3,52,1.0,33.3321182517406,1,
strict_earliest_primary,strict_primary,LASI,all_rows_no_wave,severity_quantile_k,3,53,1.0,33.3321182517406,1,
strict_earliest_primary,strict_primary,LASI,all_rows_no_wave,severity_quantile_k,3,54,1.0,33.3321182517406,1,
strict_earliest_primary,strict_primary,LASI,all_rows_no_wave,severity_quantile_k,3,55,1.0,33.3321182517406,1,
strict_earliest_primary,strict_primary,LASI,all_rows_no_wave,severity_quantile_k,3,56,1.0,33.3321182517406,1,
strict_earliest_primary,strict_primary,LASI,all_rows_no_wave,severity_quantile_k,3,57,1.0,33.3321182517406,1,
strict_earliest_primary,strict_primary,LASI,all_rows_no_wave,severity_quantile_k,3,58,1.0,33.3321182517406,1,
strict_earliest_primary,strict_primary,LASI,all_rows_no_wave,severity_quantile_k,3,59,1.0,33.3321182517406,1,
strict_earliest_primary,strict_primary,LASI,all_rows_no_wave,severity_quantile_k,3,60,1.0,33.3321182517406,1,
strict_earliest_primary,strict_primary,LASI,all_rows_no_wave,severity_quantile_k,3,61,1.0,33.3321182517406,1,
strict_earliest_primary,strict_primary,LASI,all_rows_no_wave,severity_quantile_k,3,62,1.0,33.3321182517406,1,
strict_earliest_primary,strict_primary,LASI,all_rows_no_wave,severity_quantile_k,3,63,1.0,33.3321182517406,1,
strict_earliest_primary,strict_primary,LASI,all_rows_no_wave,severity_quantile_k,3,64,1.0,33.3321182517406,1,
strict_earliest_primary,strict_primary,LASI,all_rows_no_wave,severity_quantile_k,3,65,1.0,33.3321182517406,1,
strict_earliest_primary,strict_primary,LASI,all_rows_no_wave,severity_quantile_k,3,66,1.0,33.3321182517406,1,
strict_earliest_primary,strict_primary,LASI,all_rows_no_wave,severity_quantile_k,3,67,1.0,33.3321182517406,1,
strict_earliest_primary,strict_primary,LASI,all_rows_no_wave,severity_quantile_k,3,68,1.0,33.3321182517406,1,
strict_earliest_primary,strict_primary,LASI,all_rows_no_wave,severity_quantile_k,3,69,1.0,33.3321182517406,1,
strict_earliest_primary,strict_primary,LASI,all_rows_no_wave,severity_quantile_k,3,70,1.0,33.3321182517406,1,
strict_earliest_primary,strict_primary,LASI,all_rows_no_wave,severity_quantile_k,3,71,1.0,33.3321182517406,1,
strict_earliest_primary,strict_primary,LASI,all_rows_no_wave,severity_quantile_k,3,72,1.0,33.3321182517406,1,
strict_earliest_primary,strict_primary,LASI,all_rows_no_wave,severity_quantile_k,3,73,1.0,33.3321182517406,1,
strict_earliest_primary,strict_primary,LASI,all_rows_no_wave,severity_quantile_k,3,74,1.0,33.3321182517406,1,
strict_earliest_primary,strict_primary,LASI,all_rows_no_wave,severity_quantile_k,3,75,1.0,33.3321182517406,1,
strict_earliest_primary,strict_primary,LASI,all_rows_no_wave,severity_quantile_k,3,76,1.0,33.3321182517406,1,
strict_earliest_primary,strict_primary,LASI,all_rows_no_wave,severity_quantile_k,3,77,1.0,33.3321182517406,1,
strict_earliest_primary,strict_primary,LASI,all_rows_no_wave,severity_quantile_k,3,78,1.0,33.3321182517406,1,
strict_earliest_primary,strict_primary,LASI,all_rows_no_wave,severity_quantile_k,3,79,1.0,33.3321182517406,1,
strict_earliest_primary,strict_primary,LASI,all_rows_no_wave,severity_quantile_k,3,80,1.0,33.3321182517406,1,
strict_earliest_primary,strict_primary,LASI,all_rows_no_wave,severity_quantile_k,3,81,1.0,33.3321182517406,1,
strict_earliest_primary,strict_primary,LASI,all_rows_no_wave,severity_quantile_k,3,82,1.0,33.3321182517406,1,
strict_earliest_primary,strict_primary,LASI,all_rows_no_wave,severity_quantile_k,3,83,1.0,33.3321182517406,1,
strict_earliest_primary,strict_primary,LASI,all_rows_no_wave,severity_quantile_k,3,84,1.0,33.3321182517406,1,
strict_earliest_primary,strict_primary,LASI,all_rows_no_wave,severity_quantile_k,3,85,1.0,33.3321182517406,1,
strict_earliest_primary,strict_primary,LASI,all_rows_no_wave,severity_quantile_k,3,86,1.0,33.3321182517406,1,
strict_earliest_primary,strict_primary,LASI,all_rows_no_wave,severity_quantile_k,3,87,1.0,33.3321182517406,1,
strict_earliest_primary,strict_primary,LASI,all_rows_no_wave,severity_quantile_k,3,88,1.0,33.3321182517406,1,
strict_earliest_primary,strict_primary,LASI,all_rows_no_wave,severity_quantile_k,3,89,1.0,33.3321182517406,1,
strict_earliest_primary,strict_primary,LASI,all_rows_no_wave,severity_quantile_k,3,90,1.0,33.3321182517406,1,
strict_earliest_primary,strict_primary,LASI,all_rows_no_wave,severity_quantile_k,3,91,1.0,33.3321182517406,1,
strict_earliest_primary,strict_primary,LASI,all_rows_no_wave,severity_quantile_k,3,92,1.0,33.3321182517406,1,
strict_earliest_primary,strict_primary,LASI,all_rows_no_wave,severity_quantile_k,3,93,1.0,33.3321182517406,1,
strict_earliest_primary,strict_primary,LASI,all_rows_no_wave,severity_quantile_k,3,94,1.0,33.3321182517406,1,
strict_earliest_primary,strict_primary,LASI,all_rows_no_wave,severity_quantile_k,3,95,1.0,33.3321182517406,1,
strict_earliest_primary,strict_primary,LASI,all_rows_no_wave,severity_quantile_k,3,96,1.0,33.3321182517406,1,
strict_earliest_primary,strict_primary,LASI,all_rows_no_wave,severity_quantile_k,3,97,1.0,33.3321182517406,1,
strict_earliest_primary,strict_primary,LASI,all_rows_no_wave,severity_quantile_k,3,98,1.0,33.3321182517406,1,
strict_earliest_primary,strict_primary,LASI,all_rows_no_wave,severity_quantile_k,3,99,1.0,33.3321182517406,1,
strict_earliest_primary,strict_primary,LASI,all_rows_no_wave,severity_quantile_k,3,100,1.0,33.3321182517406,1,
strict_earliest_primary,strict_primary,MHAS,1,gmm_diag,5,1,1.0,7.218179117778107,1,
strict_earliest_primary,strict_primary,MHAS,1,gmm_diag,5,2,0.296078152883354,1.4258131590672807,1,
strict_earliest_primary,strict_primary,MHAS,1,gmm_diag,5,3,0.8486523985595827,4.188326154760136,1,
strict_earliest_primary,strict_primary,MHAS,1,gmm_diag,5,4,0.8528587115606697,3.4754195752264962,1,
strict_earliest_primary,strict_primary,MHAS,1,gmm_diag,5,5,0.44972598999252206,2.242685281449577,1,
strict_earliest_primary,strict_primary,MHAS,1,gmm_diag,5,6,0.2908564767149935,1.0693598693004605,1,
strict_earliest_primary,strict_primary,MHAS,1,gmm_diag,5,7,0.8519849671096685,3.6387939997029557,1,
strict_earliest_primary,strict_primary,MHAS,1,gmm_diag,5,8,0.9995285380713856,7.158770236150304,1,
strict_earliest_primary,strict_primary,MHAS,1,gmm_diag,5,9,0.855049858334352,1.8268231100549532,1,
strict_earliest_primary,strict_primary,MHAS,1,gmm_diag,5,10,0.8496041948001747,3.371454032377841,1,
strict_earliest_primary,strict_primary,MHAS,1,gmm_diag,5,11,0.9946124773786948,7.218179117778107,1,
strict_earliest_primary,strict_primary,MHAS,1,gmm_diag,5,12,1.0,7.218179117778107,1,
strict_earliest_primary,strict_primary,MHAS,1,gmm_diag,5,13,0.9918208700601273,8.31724342789247,1,
strict_earliest_primary,strict_primary,MHAS,1,gmm_diag,5,14,0.321996154919149,2.8664785385415117,1,
strict_earliest_primary,strict_primary,MHAS,1,gmm_diag,5,15,0.2938304510776102,0.7426110203475419,1,
strict_earliest_primary,strict_primary,MHAS,1,gmm_diag,5,16,1.0,7.218179117778107,1,
strict_earliest_primary,strict_primary,MHAS,1,gmm_diag,5,17,0.8343350124640977,3.7724639833655127,1,
strict_earliest_primary,strict_primary,MHAS,1,gmm_diag,5,18,0.8498219766716161,3.1189662854596762,1,
strict_earliest_primary,strict_primary,MHAS,1,gmm_diag,5,19,0.8362180323681871,3.8764295262141686,1,
strict_earliest_primary,strict_primary,MHAS,1,gmm_diag,5,20,0.4186294654421692,0.4158621713946235,1,
strict_earliest_primary,strict_primary,MHAS,1,gmm_diag,5,21,0.8319790990941771,3.9358384078419726,1,
strict_earliest_primary,strict_primary,MHAS,1,gmm_diag,5,22,0.3312321185596417,3.237784048715283,1,
strict_earliest_primary,strict_primary,MHAS,1,gmm_diag,5,23,0.2896692650860409,3.519976236447349,1,
strict_earliest_primary,strict_primary,MHAS,1,gmm_diag,5,24,0.8992905447589304,3.6536462201099065,1,
strict_earliest_primary,strict_primary,MHAS,1,gmm_diag,5,25,0.8366386748768329,3.7724639833655127,1,
strict_earliest_primary,strict_primary,MHAS,1,gmm_diag,5,26,0.25436236024591896,7.188474676964206,1,
strict_earliest_primary,strict_primary,MHAS,1,gmm_diag,5,27,0.8342161888708471,3.7427595425516116,1,
strict_earliest_primary,strict_primary,MHAS,1,gmm_diag,5,28,0.3438929072734683,1.678300905985445,1,
strict_earliest_primary,strict_primary,MHAS,1,gmm_diag,5,29,0.3061279676111338,0.7574632407544928,1,
strict_earliest_primary,strict_primary,MHAS,1,gmm_diag,5,30,0.4294749593857194,2.5248774691816425,1,
strict_earliest_primary,strict_primary,MHAS,1,gmm_diag,5,31,0.8361765906997373,3.7724639833655127,1,
strict_earliest_primary,strict_primary,MHAS,1,gmm_diag,5,32,0.8491703423123976,3.401158473191742,1,
strict_earliest_primary,strict_primary,MHAS,1,gmm_diag,5,33,1.0,7.218179117778107,1,
strict_earliest_primary,strict_primary,MHAS,1,gmm_diag,5,34,0.8493881244142624,3.19322738749443,1,
strict_earliest_primary,strict_primary,MHAS,1,gmm_diag,5,35,0.8357151815427767,3.7724639833655127,1,
strict_earliest_primary,strict_primary,MHAS,1,gmm_diag,5,36,0.8487355343038522,4.544779444526957,1,
strict_earliest_primary,strict_primary,MHAS,1,gmm_diag,5,37,0.8361765906997373,3.7724639833655127,1,
strict_earliest_primary,strict_primary,MHAS,1,gmm_diag,5,38,0.4496245933934644,0.49012327342937767,1,
strict_earliest_primary,strict_primary,MHAS,1,gmm_diag,5,39,0.8504066419369919,2.6436952324372496,1,
strict_earliest_primary,strict_primary,MHAS,1,gmm_diag,5,40,0.8487552060210766,4.455666122085251,1,
strict_earliest_primary,strict_primary,MHAS,1,gmm_diag,5,41,0.23508567859379034,4.633892766968662,1,
strict_earliest_primary,strict_primary,MHAS,1,gmm_diag,5,42,0.4502007567156443,1.9307886529036093,1,
strict_earliest_primary,strict_primary,MHAS,1,gmm_diag,5,43,0.8366386748768329,3.7724639833655127,1,
strict_earliest_primary,strict_primary,MHAS,1,gmm_diag,5,44,0.8338648379174982,3.6536462201099065,1,
strict_earliest_primary,strict_primary,MHAS,1,gmm_diag,5,45,0.2910860057085386,1.7228575672062973,1,
strict_earliest_primary,strict_primary,MHAS,1,gmm_diag,5,46,0.29855984572395355,2.1535719590078717,1,
strict_earliest_primary,strict_primary,MHAS,1,gmm_diag,5,47,0.2916073436122044,1.4109609386603297,1,
strict_earliest_primary,strict_primary,MHAS,1,gmm_diag,5,48,0.84861965753591,4.06950839150453,1,
strict_earliest_primary,strict_primary,MHAS,1,gmm_diag,5,49,0.8506311959103143,2.83677409772761,1,
strict_earliest_primary,strict_primary,MHAS,1,gmm_diag,5,50,0.992963786781833,8.15386900341601,1,
strict_earliest_primary,strict_primary,MHAS,1,gmm_diag,5,51,0.8528197366836863,3.222931828308332,1,
strict_earliest_primary,strict_primary,MHAS,1,gmm_diag,5,52,0.8342161888708471,3.7427595425516116,1,
strict_earliest_primary,strict_primary,MHAS,1,gmm_diag,5,53,0.849061506929621,4.455666122085251,1,
strict_earliest_primary,strict_primary,MHAS,1,gmm_diag,5,54,0.8366386748768329,3.7724639833655127,1,
strict_earliest_primary,strict_primary,MHAS,1,gmm_diag,5,55,0.8302912624828007,3.519976236447349,1,
strict_earliest_primary,strict_primary,MHAS,1,gmm_diag,5,56,0.8365199455139807,3.7427595425516116,1,
strict_earliest_primary,strict_primary,MHAS,1,gmm_diag,5,57,0.8487824921112311,4.3665527996435465,1,
strict_earliest_primary,strict_primary,MHAS,1,gmm_diag,5,58,0.8492008082070945,3.727907322144661,1,
strict_earliest_primary,strict_primary,MHAS,1,gmm_diag,5,59,0.8553974626290104,1.5297787019159363,1,
strict_earliest_primary,strict_primary,MHAS,1,gmm_diag,5,60,0.8468474273591355,3.594237338482103,1,
strict_earliest_primary,strict_primary,MHAS,1,gmm_diag,5,61,0.848795611993591,3.8318728649933167,1,
strict_earliest_primary,strict_primary,MHAS,1,gmm_diag,5,62,0.8366386748768329,3.7724639833655127,1,
strict_earliest_primary,strict_primary,MHAS,1,gmm_diag,5,63,0.8304605839635727,3.237784048715283,1,
strict_earliest_primary,strict_primary,MHAS,1,gmm_diag,5,64,0.8530479625178093,1.76741422842715,1,
strict_earliest_primary,strict_primary,MHAS,1,gmm_diag,5,65,0.2716681330647574,2.8664785385415117,1,
strict_earliest_primary,strict_primary,MHAS,1,gmm_diag,5,66,0.8526321584725216,3.2823407099361352,1,
strict_earliest_primary,strict_primary,MHAS,1,gmm_diag,5,67,0.8531936566226214,3.1486707262735782,1,
strict_earliest_primary,strict_primary,MHAS,1,gmm_diag,5,68,0.8526871529455383,3.5348284568543,1,
strict_earliest_primary,strict_primary,MHAS,1,gmm_diag,5,69,0.31446564754349615,1.1733254121491163,1,
strict_earliest_primary,strict_primary,MHAS,1,gmm_diag,5,70,0.8527161306233891,2.7476607752859055,1,
strict_earliest_primary,strict_primary,MHAS,1,gmm_diag,5,71,0.8424924051924115,3.297192930343086,1,
strict_earliest_primary,strict_primary,MHAS,1,gmm_diag,5,72,0.8504894686028185,3.35660181197089,1,
strict_earliest_primary,strict_primary,MHAS,1,gmm_diag,5,73,0.2755003374268846,0.6980543591266894,1,
strict_earliest_primary,strict_primary,MHAS,1,gmm_diag,5,74,0.8469538397878006,3.9209861874350214,1,
strict_earliest_primary,strict_primary,MHAS,1,gmm_diag,5,75,0.2889516758802611,2.3763552651121342,1,
strict_earliest_primary,strict_primary,MHAS,1,gmm_diag,5,76,0.8476862820140341,3.416010693598693,1,
strict_earliest_primary,strict_primary,MHAS,1,gmm_diag,5,77,0.8364075484625116,3.7724639833655127,1,
strict_earliest_primary,strict_primary,MHAS,1,gmm_diag,5,78,0.836348072579517,3.757611762958563,1,
strict_earliest_primary,strict_primary,MHAS,1,gmm_diag,5,79,0.288256874082579,2.510025248774692,1,
strict_earliest_primary,strict_primary,MHAS,1,gmm_diag,5,80,0.8464053837529025,3.7427595425516116,1,
strict_earliest_primary,strict_primary,MHAS,1,gmm_diag,5,81,0.28406326759970024,3.029852963017971,1,
strict_earliest_primary,strict_primary,MHAS,1,gmm_diag,5,82,0.9514125897821415,6.9508391504529925,1,
strict_earliest_primary,strict_primary,MHAS,1,gmm_diag,5,83,1.0,7.218179117778107,1,
strict_earliest_primary,strict_primary,MHAS,1,gmm_diag,5,84,0.8490331170182898,3.9209861874350214,1,
strict_earliest_primary,strict_primary,MHAS,1,gmm_diag,5,85,0.2874088920575741,3.594237338482103,1,
strict_earliest_primary,strict_primary,MHAS,1,gmm_diag,5,86,0.8496432342723462,2.688251893658102,1,
strict_earliest_primary,strict_primary,MHAS,1,gmm_diag,5,87,0.29158090503230594,2.2129808406356752,1,
strict_earliest_primary,strict_primary,MHAS,1,gmm_diag,5,88,0.9994112027829384,7.143918015743353,1,
strict_earliest_primary,strict_primary,MHAS,1,gmm_diag,5,89,0.4018864173430729,2.8664785385415117,1,
strict_earliest_primary,strict_primary,MHAS,1,gmm_diag,5,90,1.0,7.218179117778107,1,
strict_earliest_primary,strict_primary,MHAS,1,gmm_diag,5,91,0.8447941910866144,4.099212832318432,1,
strict_earliest_primary,strict_primary,MHAS,1,gmm_diag,5,92,0.8366386748768329,3.7724639833655127,1,
strict_earliest_primary,strict_primary,MHAS,1,gmm_diag,5,93,0.8531215124484203,3.4457151344125947,1,
strict_earliest_primary,strict_primary,MHAS,1,gmm_diag,5,94,0.33964560351186185,1.4555175998811822,1,
strict_earliest_primary,strict_primary,MHAS,1,gmm_diag,5,95,0.8298648586437025,3.698202881330759,1,
strict_earliest_primary,strict_primary,MHAS,1,gmm_diag,5,96,0.8352701540343987,3.416010693598693,1,
strict_earliest_primary,strict_primary,MHAS,1,gmm_diag,5,97,0.8366386748768329,3.7724639833655127,1,
strict_earliest_primary,strict_primary,MHAS,1,gmm_diag,5,98,0.3143405435347697,2.8219218773206594,1,
strict_earliest_primary,strict_primary,MHAS,1,gmm_diag,5,99,0.2951021065277263,2.599138571216397,1,
strict_earliest_primary,strict_primary,MHAS,1,gmm_diag,5,100,0.28841763140020577,2.1535719590078717,1,
strict_earliest_primary,strict_primary,MHAS,1,kmeans,5,1,0.9339059521906267,4.381405020050497,1,
strict_earliest_primary,strict_primary,MHAS,1,kmeans,5,2,0.6412227191822929,4.574483885340858,1,
strict_earliest_primary,strict_primary,MHAS,1,kmeans,5,3,0.9985682850092148,4.633892766968662,1,
strict_earliest_primary,strict_primary,MHAS,1,kmeans,5,4,0.9432330981710882,4.515075003713055,1,
strict_earliest_primary,strict_primary,MHAS,1,kmeans,5,5,0.9315054853274518,4.633892766968662,1,
strict_earliest_primary,strict_primary,MHAS,1,kmeans,5,6,0.9231187430616504,4.515075003713055,1,
strict_earliest_primary,strict_primary,MHAS,1,kmeans,5,7,0.4791140188460671,4.841823852665974,1,
strict_earliest_primary,strict_primary,MHAS,1,kmeans,5,8,0.9586067543677336,4.663597207782563,1,
strict_earliest_primary,strict_primary,MHAS,1,kmeans,5,9,0.9299385569572391,4.381405020050497,1,
strict_earliest_primary,strict_primary,MHAS,1,kmeans,5,10,0.46905664780848166,4.6190405465617115,1,
strict_earliest_primary,strict_primary,MHAS,1,kmeans,5,11,0.9519223085051877,4.485370562899154,1,
strict_earliest_primary,strict_primary,MHAS,1,kmeans,5,12,0.4977002737887261,5.034902717956335,1,
strict_earliest_primary,strict_primary,MHAS,1,kmeans,5,13,0.9241063287318388,4.648744987375612,1,
strict_earliest_primary,strict_primary,MHAS,1,kmeans,5,14,0.46030766479994156,4.143769493539285,1,
strict_earliest_primary,strict_primary,MHAS,1,kmeans,5,15,0.9754795121702827,4.307143918015743,1,
strict_earliest_primary,strict_primary,MHAS,1,kmeans,5,16,0.9801697657896655,4.737858309817318,1,
strict_earliest_primary,strict_primary,MHAS,1,kmeans,5,17,0.477762522265654,4.708153869003416,1,
strict_earliest_primary,strict_primary,MHAS,1,kmeans,5,18,0.9830943731315681,4.3665527996435465,1,
strict_earliest_primary,strict_primary,MHAS,1,kmeans,5,19,0.9339230125080207,4.678449428189515,1,
strict_earliest_primary,strict_primary,MHAS,1,kmeans,5,20,0.4787312996886584,4.351700579236597,1,
strict_earliest_primary,strict_primary,MHAS,1,kmeans,5,21,0.9215619655254861,4.723006089410367,1,
strict_earliest_primary,strict_primary,MHAS,1,kmeans,5,22,0.4530409158799919,4.440813901678301,1,
strict_earliest_primary,strict_primary,MHAS,1,kmeans,5,23,0.9702911819985631,4.60418832615476,1,
strict_earliest_primary,strict_primary,MHAS,1,kmeans,5,24,0.9227394358069655,4.529927224120006,1,
strict_earliest_primary,strict_primary,MHAS,1,kmeans,5,25,0.9491593977616324,4.589336105747809,1,
strict_earliest_primary,strict_primary,MHAS,1,kmeans,5,26,0.4868119329874228,4.678449428189515,1,
strict_earliest_primary,strict_primary,MHAS,1,kmeans,5,27,0.8737245893523925,4.500222783306104,1,
strict_earliest_primary,strict_primary,MHAS,1,kmeans,5,28,0.8870099035198941,4.663597207782563,1,
strict_earliest_primary,strict_primary,MHAS,1,kmeans,5,29,0.9828451102222472,4.128917273132333,1,
strict_earliest_primary,strict_primary,MHAS,1,kmeans,5,30,0.9227789222292007,4.708153869003416,1,
strict_earliest_primary,strict_primary,MHAS,1,kmeans,5,31,0.44685782411911523,4.544779444526957,1,
strict_earliest_primary,strict_primary,MHAS,1,kmeans,5,32,0.9312380456817234,4.307143918015743,1,
strict_earliest_primary,strict_primary,MHAS,1,kmeans,5,33,0.9076177245467446,4.485370562899154,1,
strict_earliest_primary,strict_primary,MHAS,1,kmeans,5,34,0.4560422019833689,4.574483885340858,1,
strict_earliest_primary,strict_primary,MHAS,1,kmeans,5,35,0.46393526017791714,4.916084954700728,1,
strict_earliest_primary,strict_primary,MHAS,1,kmeans,5,36,0.4852222302234465,4.812119411852072,1,
strict_earliest_primary,strict_primary,MHAS,1,kmeans,5,37,0.4504778855669226,5.064607158770236,1,
strict_earliest_primary,strict_primary,MHAS,1,kmeans,5,38,0.9290793398680868,4.60418832615476,1,
strict_earliest_primary,strict_primary,MHAS,1,kmeans,5,39,0.4723310407442554,4.5596316649339075,1,
strict_earliest_primary,strict_primary,MHAS,1,kmeans,5,40,0.9970223842001922,4.663597207782563,1,
strict_earliest_primary,strict_primary,MHAS,1,kmeans,5,41,0.4659979733254026,4.351700579236597,1,
strict_earliest_primary,strict_primary,MHAS,1,kmeans,5,42,0.4764379274163541,4.678449428189515,1,
strict_earliest_primary,strict_primary,MHAS,1,kmeans,5,43,0.9943383576505924,4.574483885340858,1,
strict_earliest_primary,strict_primary,MHAS,1,kmeans,5,44,0.9683924017224809,4.678449428189515,1,
strict_earliest_primary,strict_primary,MHAS,1,kmeans,5,45,0.4827494495336473,4.78241497103817,1,
strict_earliest_primary,strict_primary,MHAS,1,kmeans,5,46,0.4808567228109741,4.60418832615476,1,
strict_earliest_primary,strict_primary,MHAS,1,kmeans,5,47,0.9664777684834808,4.693301648596465,1,
strict_earliest_primary,strict_primary,MHAS,1,kmeans,5,48,0.9965114752307923,4.529927224120006,1,
strict_earliest_primary,strict_primary,MHAS,1,kmeans,5,49,0.4460291155970961,4.515075003713055,1,
strict_earliest_primary,strict_primary,MHAS,1,kmeans,5,50,0.49885811544465947,4.916084954700728,1,
strict_earliest_primary,strict_primary,MHAS,1,kmeans,5,51,0.9136499050545657,4.277439477201842,1,
strict_earliest_primary,strict_primary,MHAS,1,kmeans,5,52,0.9655028708595254,4.648744987375612,1,
strict_earliest_primary,strict_primary,MHAS,1,kmeans,5,53,0.9217634339142575,4.4259616812713505,1,
strict_earliest_primary,strict_primary,MHAS,1,kmeans,5,54,0.9761082722149718,4.633892766968662,1,
strict_earliest_primary,strict_primary,MHAS,1,kmeans,5,55,0.9926181267385242,4.648744987375612,1,
strict_earliest_primary,strict_primary,MHAS,1,kmeans,5,56,0.4780450946574973,4.930937175107679,1,
strict_earliest_primary,strict_primary,MHAS,1,kmeans,5,57,0.9374055763073295,4.723006089410367,1,
strict_earliest_primary,strict_primary,MHAS,1,kmeans,5,58,0.9319372301838865,4.544779444526957,1,
strict_earliest_primary,strict_primary,MHAS,1,kmeans,5,59,0.4800059375000463,4.693301648596465,1,
strict_earliest_primary,strict_primary,MHAS,1,kmeans,5,60,0.47013551372665857,4.4111094608644,1,
strict_earliest_primary,strict_primary,MHAS,1,kmeans,5,61,0.9970449676460674,4.4111094608644,1,
strict_earliest_primary,strict_primary,MHAS,1,kmeans,5,62,0.9161478075332395,4.633892766968662,1,
strict_earliest_primary,strict_primary,MHAS,1,kmeans,5,63,0.9018158719310392,4.485370562899154,1,
strict_earliest_primary,strict_primary,MHAS,1,kmeans,5,64,0.4905871157745162,4.529927224120006,1,
strict_earliest_primary,strict_primary,MHAS,1,kmeans,5,65,0.9129595267277371,4.381405020050497,1,
strict_earliest_primary,strict_primary,MHAS,1,kmeans,5,66,0.4864136652030244,4.797267191445121,1,
strict_earliest_primary,strict_primary,MHAS,1,kmeans,5,67,0.8870354494519862,4.485370562899154,1,
strict_earliest_primary,strict_primary,MHAS,1,kmeans,5,68,0.9476477595899694,4.633892766968662,1,
strict_earliest_primary,strict_primary,MHAS,1,kmeans,5,69,0.47911130478168,4.574483885340858,1,
strict_earliest_primary,strict_primary,MHAS,1,kmeans,5,70,0.9664505660137014,4.5596316649339075,1,
strict_earliest_primary,strict_primary,MHAS,1,kmeans,5,71,0.8940238214492401,4.515075003713055,1,
strict_earliest_primary,strict_primary,MHAS,1,kmeans,5,72,0.9221101335735885,4.396257240457448,1,
strict_earliest_primary,strict_primary,MHAS,1,kmeans,5,73,0.9975591191922722,4.6190405465617115,1,
strict_earliest_primary,strict_primary,MHAS,1,kmeans,5,74,0.44843000208471323,4.351700579236597,1,
strict_earliest_primary,strict_primary,MHAS,1,kmeans,5,75,0.9906734936388036,4.78241497103817,1,
strict_earliest_primary,strict_primary,MHAS,1,kmeans,5,76,0.4822237025777877,5.034902717956335,1,
strict_earliest_primary,strict_primary,MHAS,1,kmeans,5,77,0.9200714168202363,3.727907322144661,1,
strict_earliest_primary,strict_primary,MHAS,1,kmeans,5,78,0.9858585277550022,4.663597207782563,1,
strict_earliest_primary,strict_primary,MHAS,1,kmeans,5,79,0.9860403933250289,4.396257240457448,1,
strict_earliest_primary,strict_primary,MHAS,1,kmeans,5,80,0.9960540029925222,4.440813901678301,1,
strict_earliest_primary,strict_primary,MHAS,1,kmeans,5,81,0.9555565996570168,4.529927224120006,1,
strict_earliest_primary,strict_primary,MHAS,1,kmeans,5,82,0.4851050528214392,4.708153869003416,1,
strict_earliest_primary,strict_primary,MHAS,1,kmeans,5,83,0.9208125719090209,4.4111094608644,1,
strict_earliest_primary,strict_primary,MHAS,1,kmeans,5,84,0.8659367477051684,4.6190405465617115,1,
strict_earliest_primary,strict_primary,MHAS,1,kmeans,5,85,0.9467244349120607,4.723006089410367,1,
strict_earliest_primary,strict_primary,MHAS,1,kmeans,5,86,0.9581249875495138,4.544779444526957,1,
strict_earliest_primary,strict_primary,MHAS,1,kmeans,5,87,0.9977876608334575,4.633892766968662,1,
strict_earliest_primary,strict_primary,MHAS,1,kmeans,5,88,0.9924332201372232,4.737858309817318,1,
strict_earliest_primary,strict_primary,MHAS,1,kmeans,5,89,0.9986730729952249,4.648744987375612,1,
strict_earliest_primary,strict_primary,MHAS,1,kmeans,5,90,0.47380806837241096,4.6190405465617115,1,
strict_earliest_primary,strict_primary,MHAS,1,kmeans,5,91,0.4479582168177231,4.4111094608644,1,
strict_earliest_primary,strict_primary,MHAS,1,kmeans,5,92,0.9432450383669285,4.396257240457448,1,
strict_earliest_primary,strict_primary,MHAS,1,kmeans,5,93,0.47912649825203085,4.96064161592158,1,
strict_earliest_primary,strict_primary,MHAS,1,kmeans,5,94,0.9381312606368399,4.648744987375612,1,
strict_earliest_primary,strict_primary,MHAS,1,kmeans,5,95,0.48346550473820393,4.648744987375612,1,
strict_earliest_primary,strict_primary,MHAS,1,kmeans,5,96,0.9953463887038378,4.633892766968662,1,
strict_earliest_primary,strict_primary,MHAS,1,kmeans,5,97,0.9680513926250296,4.5596316649339075,1,
strict_earliest_primary,strict_primary,MHAS,1,kmeans,5,98,0.989002122917473,4.440813901678301,1,
strict_earliest_primary,strict_primary,MHAS,1,kmeans,5,99,0.4975632597718013,4.856676073072924,1,
strict_earliest_primary,strict_primary,MHAS,1,kmeans,5,100,0.9246503405082814,4.307143918015743,1,
strict_earliest_primary,strict_primary,MHAS,1,severity_quantile_k,5,1,1.0,19.99108866775583,1,
strict_earliest_primary,strict_primary,MHAS,1,severity_quantile_k,5,2,1.0,19.99108866775583,1,
strict_earliest_primary,strict_primary,MHAS,1,severity_quantile_k,5,3,1.0,19.99108866775583,1,
strict_earliest_primary,strict_primary,MHAS,1,severity_quantile_k,5,4,1.0,19.99108866775583,1,
strict_earliest_primary,strict_primary,MHAS,1,severity_quantile_k,5,5,1.0,19.99108866775583,1,
strict_earliest_primary,strict_primary,MHAS,1,severity_quantile_k,5,6,1.0,19.99108866775583,1,
strict_earliest_primary,strict_primary,MHAS,1,severity_quantile_k,5,7,1.0,19.99108866775583,1,
strict_earliest_primary,strict_primary,MHAS,1,severity_quantile_k,5,8,1.0,19.99108866775583,1,
strict_earliest_primary,strict_primary,MHAS,1,severity_quantile_k,5,9,1.0,19.99108866775583,1,
strict_earliest_primary,strict_primary,MHAS,1,severity_quantile_k,5,10,1.0,19.99108866775583,1,
strict_earliest_primary,strict_primary,MHAS,1,severity_quantile_k,5,11,1.0,19.99108866775583,1,
strict_earliest_primary,strict_primary,MHAS,1,severity_quantile_k,5,12,1.0,19.99108866775583,1,
strict_earliest_primary,strict_primary,MHAS,1,severity_quantile_k,5,13,1.0,19.99108866775583,1,
strict_earliest_primary,strict_primary,MHAS,1,severity_quantile_k,5,14,1.0,19.99108866775583,1,
strict_earliest_primary,strict_primary,MHAS,1,severity_quantile_k,5,15,1.0,19.99108866775583,1,
strict_earliest_primary,strict_primary,MHAS,1,severity_quantile_k,5,16,1.0,19.99108866775583,1,
strict_earliest_primary,strict_primary,MHAS,1,severity_quantile_k,5,17,1.0,19.99108866775583,1,
strict_earliest_primary,strict_primary,MHAS,1,severity_quantile_k,5,18,1.0,19.99108866775583,1,
strict_earliest_primary,strict_primary,MHAS,1,severity_quantile_k,5,19,1.0,19.99108866775583,1,
strict_earliest_primary,strict_primary,MHAS,1,severity_quantile_k,5,20,1.0,19.99108866775583,1,
strict_earliest_primary,strict_primary,MHAS,1,severity_quantile_k,5,21,1.0,19.99108866775583,1,
strict_earliest_primary,strict_primary,MHAS,1,severity_quantile_k,5,22,1.0,19.99108866775583,1,
strict_earliest_primary,strict_primary,MHAS,1,severity_quantile_k,5,23,1.0,19.99108866775583,1,
strict_earliest_primary,strict_primary,MHAS,1,severity_quantile_k,5,24,1.0,19.99108866775583,1,
strict_earliest_primary,strict_primary,MHAS,1,severity_quantile_k,5,25,1.0,19.99108866775583,1,
strict_earliest_primary,strict_primary,MHAS,1,severity_quantile_k,5,26,1.0,19.99108866775583,1,
strict_earliest_primary,strict_primary,MHAS,1,severity_quantile_k,5,27,1.0,19.99108866775583,1,
strict_earliest_primary,strict_primary,MHAS,1,severity_quantile_k,5,28,1.0,19.99108866775583,1,
strict_earliest_primary,strict_primary,MHAS,1,severity_quantile_k,5,29,1.0,19.99108866775583,1,
strict_earliest_primary,strict_primary,MHAS,1,severity_quantile_k,5,30,1.0,19.99108866775583,1,
strict_earliest_primary,strict_primary,MHAS,1,severity_quantile_k,5,31,1.0,19.99108866775583,1,
strict_earliest_primary,strict_primary,MHAS,1,severity_quantile_k,5,32,1.0,19.99108866775583,1,
strict_earliest_primary,strict_primary,MHAS,1,severity_quantile_k,5,33,1.0,19.99108866775583,1,
strict_earliest_primary,strict_primary,MHAS,1,severity_quantile_k,5,34,1.0,19.99108866775583,1,
strict_earliest_primary,strict_primary,MHAS,1,severity_quantile_k,5,35,1.0,19.99108866775583,1,
strict_earliest_primary,strict_primary,MHAS,1,severity_quantile_k,5,36,1.0,19.99108866775583,1,
strict_earliest_primary,strict_primary,MHAS,1,severity_quantile_k,5,37,1.0,19.99108866775583,1,
strict_earliest_primary,strict_primary,MHAS,1,severity_quantile_k,5,38,1.0,19.99108866775583,1,
strict_earliest_primary,strict_primary,MHAS,1,severity_quantile_k,5,39,1.0,19.99108866775583,1,
strict_earliest_primary,strict_primary,MHAS,1,severity_quantile_k,5,40,1.0,19.99108866775583,1,
strict_earliest_primary,strict_primary,MHAS,1,severity_quantile_k,5,41,1.0,19.99108866775583,1,
strict_earliest_primary,strict_primary,MHAS,1,severity_quantile_k,5,42,1.0,19.99108866775583,1,
strict_earliest_primary,strict_primary,MHAS,1,severity_quantile_k,5,43,1.0,19.99108866775583,1,
strict_earliest_primary,strict_primary,MHAS,1,severity_quantile_k,5,44,1.0,19.99108866775583,1,
strict_earliest_primary,strict_primary,MHAS,1,severity_quantile_k,5,45,1.0,19.99108866775583,1,
strict_earliest_primary,strict_primary,MHAS,1,severity_quantile_k,5,46,1.0,19.99108866775583,1,
strict_earliest_primary,strict_primary,MHAS,1,severity_quantile_k,5,47,1.0,19.99108866775583,1,
strict_earliest_primary,strict_primary,MHAS,1,severity_quantile_k,5,48,1.0,19.99108866775583,1,
strict_earliest_primary,strict_primary,MHAS,1,severity_quantile_k,5,49,1.0,19.99108866775583,1,
strict_earliest_primary,strict_primary,MHAS,1,severity_quantile_k,5,50,1.0,19.99108866775583,1,
strict_earliest_primary,strict_primary,MHAS,1,severity_quantile_k,5,51,1.0,19.99108866775583,1,
strict_earliest_primary,strict_primary,MHAS,1,severity_quantile_k,5,52,1.0,19.99108866775583,1,
strict_earliest_primary,strict_primary,MHAS,1,severity_quantile_k,5,53,1.0,19.99108866775583,1,
strict_earliest_primary,strict_primary,MHAS,1,severity_quantile_k,5,54,1.0,19.99108866775583,1,
strict_earliest_primary,strict_primary,MHAS,1,severity_quantile_k,5,55,1.0,19.99108866775583,1,
strict_earliest_primary,strict_primary,MHAS,1,severity_quantile_k,5,56,1.0,19.99108866775583,1,
strict_earliest_primary,strict_primary,MHAS,1,severity_quantile_k,5,57,1.0,19.99108866775583,1,
strict_earliest_primary,strict_primary,MHAS,1,severity_quantile_k,5,58,1.0,19.99108866775583,1,
strict_earliest_primary,strict_primary,MHAS,1,severity_quantile_k,5,59,1.0,19.99108866775583,1,
strict_earliest_primary,strict_primary,MHAS,1,severity_quantile_k,5,60,1.0,19.99108866775583,1,
strict_earliest_primary,strict_primary,MHAS,1,severity_quantile_k,5,61,1.0,19.99108866775583,1,
strict_earliest_primary,strict_primary,MHAS,1,severity_quantile_k,5,62,1.0,19.99108866775583,1,
strict_earliest_primary,strict_primary,MHAS,1,severity_quantile_k,5,63,1.0,19.99108866775583,1,
strict_earliest_primary,strict_primary,MHAS,1,severity_quantile_k,5,64,1.0,19.99108866775583,1,
strict_earliest_primary,strict_primary,MHAS,1,severity_quantile_k,5,65,1.0,19.99108866775583,1,
strict_earliest_primary,strict_primary,MHAS,1,severity_quantile_k,5,66,1.0,19.99108866775583,1,
strict_earliest_primary,strict_primary,MHAS,1,severity_quantile_k,5,67,1.0,19.99108866775583,1,
strict_earliest_primary,strict_primary,MHAS,1,severity_quantile_k,5,68,1.0,19.99108866775583,1,
strict_earliest_primary,strict_primary,MHAS,1,severity_quantile_k,5,69,1.0,19.99108866775583,1,
strict_earliest_primary,strict_primary,MHAS,1,severity_quantile_k,5,70,1.0,19.99108866775583,1,
strict_earliest_primary,strict_primary,MHAS,1,severity_quantile_k,5,71,1.0,19.99108866775583,1,
strict_earliest_primary,strict_primary,MHAS,1,severity_quantile_k,5,72,1.0,19.99108866775583,1,
strict_earliest_primary,strict_primary,MHAS,1,severity_quantile_k,5,73,1.0,19.99108866775583,1,
strict_earliest_primary,strict_primary,MHAS,1,severity_quantile_k,5,74,1.0,19.99108866775583,1,
strict_earliest_primary,strict_primary,MHAS,1,severity_quantile_k,5,75,1.0,19.99108866775583,1,
strict_earliest_primary,strict_primary,MHAS,1,severity_quantile_k,5,76,1.0,19.99108866775583,1,
strict_earliest_primary,strict_primary,MHAS,1,severity_quantile_k,5,77,1.0,19.99108866775583,1,
strict_earliest_primary,strict_primary,MHAS,1,severity_quantile_k,5,78,1.0,19.99108866775583,1,
strict_earliest_primary,strict_primary,MHAS,1,severity_quantile_k,5,79,1.0,19.99108866775583,1,
strict_earliest_primary,strict_primary,MHAS,1,severity_quantile_k,5,80,1.0,19.99108866775583,1,
strict_earliest_primary,strict_primary,MHAS,1,severity_quantile_k,5,81,1.0,19.99108866775583,1,
strict_earliest_primary,strict_primary,MHAS,1,severity_quantile_k,5,82,1.0,19.99108866775583,1,
strict_earliest_primary,strict_primary,MHAS,1,severity_quantile_k,5,83,1.0,19.99108866775583,1,
strict_earliest_primary,strict_primary,MHAS,1,severity_quantile_k,5,84,1.0,19.99108866775583,1,
strict_earliest_primary,strict_primary,MHAS,1,severity_quantile_k,5,85,1.0,19.99108866775583,1,
strict_earliest_primary,strict_primary,MHAS,1,severity_quantile_k,5,86,1.0,19.99108866775583,1,
strict_earliest_primary,strict_primary,MHAS,1,severity_quantile_k,5,87,1.0,19.99108866775583,1,
strict_earliest_primary,strict_primary,MHAS,1,severity_quantile_k,5,88,1.0,19.99108866775583,1,
strict_earliest_primary,strict_primary,MHAS,1,severity_quantile_k,5,89,1.0,19.99108866775583,1,
strict_earliest_primary,strict_primary,MHAS,1,severity_quantile_k,5,90,1.0,19.99108866775583,1,
strict_earliest_primary,strict_primary,MHAS,1,severity_quantile_k,5,91,1.0,19.99108866775583,1,
strict_earliest_primary,strict_primary,MHAS,1,severity_quantile_k,5,92,1.0,19.99108866775583,1,
strict_earliest_primary,strict_primary,MHAS,1,severity_quantile_k,5,93,1.0,19.99108866775583,1,
strict_earliest_primary,strict_primary,MHAS,1,severity_quantile_k,5,94,1.0,19.99108866775583,1,
strict_earliest_primary,strict_primary,MHAS,1,severity_quantile_k,5,95,1.0,19.99108866775583,1,
strict_earliest_primary,strict_primary,MHAS,1,severity_quantile_k,5,96,1.0,19.99108866775583,1,
strict_earliest_primary,strict_primary,MHAS,1,severity_quantile_k,5,97,1.0,19.99108866775583,1,
strict_earliest_primary,strict_primary,MHAS,1,severity_quantile_k,5,98,1.0,19.99108866775583,1,
strict_earliest_primary,strict_primary,MHAS,1,severity_quantile_k,5,99,1.0,19.99108866775583,1,
strict_earliest_primary,strict_primary,MHAS,1,severity_quantile_k,5,100,1.0,19.99108866775583,1,
strict_earliest_primary,strict_primary,SHARE,1,gmm_diag,4,1,0.3692217143126685,7.1115069015965915,1,
strict_earliest_primary,strict_primary,SHARE,1,gmm_diag,4,2,0.9636609852570385,3.6130017174479994,1,
strict_earliest_primary,strict_primary,SHARE,1,gmm_diag,4,3,0.9969164280275292,6.901596590547674,1,
strict_earliest_primary,strict_primary,SHARE,1,gmm_diag,4,4,0.9635429039252255,4.376311939444056,1,
strict_earliest_primary,strict_primary,SHARE,1,gmm_diag,4,5,0.9633364399901505,4.24909356911138,1,
strict_earliest_primary,strict_primary,SHARE,1,gmm_diag,4,6,0.9649059653304869,4.2236498950448444,1,
strict_earliest_primary,strict_primary,SHARE,1,gmm_diag,4,7,0.9997123766602874,7.29597353857897,1,
strict_earliest_primary,strict_primary,SHARE,1,gmm_diag,4,8,0.9622768078411859,3.9501303988295913,1,
strict_earliest_primary,strict_primary,SHARE,1,gmm_diag,4,9,0.998598098550268,7.21328159786273,1,
strict_earliest_primary,strict_primary,SHARE,1,gmm_diag,4,10,0.9992440841581621,7.2896126200623375,1,
strict_earliest_primary,strict_primary,SHARE,1,gmm_diag,4,11,0.9633026880295864,4.236371732078112,1,
strict_earliest_primary,strict_primary,SHARE,1,gmm_diag,4,12,0.9993858719600095,7.334139049678774,1,
strict_earliest_primary,strict_primary,SHARE,1,gmm_diag,4,13,0.9637060882507054,4.312702754277717,1,
strict_earliest_primary,strict_primary,SHARE,1,gmm_diag,4,14,0.9959324493215033,6.717129953565294,1,
strict_earliest_primary,strict_primary,SHARE,1,gmm_diag,4,15,0.3692492473625629,7.601297627377393,1,
strict_earliest_primary,strict_primary,SHARE,1,gmm_diag,4,16,0.9636950728629907,4.408116532027225,1,
strict_earliest_primary,strict_primary,SHARE,1,gmm_diag,4,17,0.9986784800411358,7.21328159786273,1,
strict_earliest_primary,strict_primary,SHARE,1,gmm_diag,4,18,0.9629005930220471,4.096431524712169,1,
strict_earliest_primary,strict_primary,SHARE,1,gmm_diag,4,19,0.9633900318567539,4.503530309776732,1,
strict_earliest_primary,strict_primary,SHARE,1,gmm_diag,4,20,0.9976114076860004,7.016093123847083,1,
strict_earliest_primary,strict_primary,SHARE,1,gmm_diag,4,21,0.9962980415771191,6.761656383181731,1,
strict_earliest_primary,strict_primary,SHARE,1,gmm_diag,4,22,0.9975603922769143,7.664906812543731,1,
strict_earliest_primary,strict_primary,SHARE,1,gmm_diag,4,23,0.9986842243137638,7.391387316328478,1,
strict_earliest_primary,strict_primary,SHARE,1,gmm_diag,4,24,0.998665920638361,7.3786654792952096,1,
strict_earliest_primary,strict_primary,SHARE,1,gmm_diag,4,25,0.9630541043544969,3.473061510082056,1,
strict_earliest_primary,strict_primary,SHARE,1,gmm_diag,4,26,0.9628289989831588,4.242732650594746,1,
strict_earliest_primary,strict_primary,SHARE,1,gmm_diag,4,27,0.963881740539117,3.7147764137141404,1,
strict_earliest_primary,strict_primary,SHARE,1,gmm_diag,4,28,0.9634433296880246,4.242732650594746,1,
strict_earliest_primary,strict_primary,SHARE,1,gmm_diag,4,29,0.996909084525504,6.850709242414604,1,
strict_earliest_primary,strict_primary,SHARE,1,gmm_diag,4,30,0.998880003149276,7.334139049678774,1,
strict_earliest_primary,strict_primary,SHARE,1,gmm_diag,4,31,0.964082080943826,4.306341835761083,1,
strict_earliest_primary,strict_primary,SHARE,1,gmm_diag,4,32,0.9642750127664533,4.2936199987278165,1,
strict_earliest_primary,strict_primary,SHARE,1,gmm_diag,4,33,0.9631844087853155,4.306341835761083,1,
strict_earliest_primary,strict_primary,SHARE,1,gmm_diag,4,34,0.9634958527953398,4.490808472743464,1,
strict_earliest_primary,strict_primary,SHARE,1,gmm_diag,4,35,0.9641893182779203,3.619362635964633,1,
strict_earliest_primary,strict_primary,SHARE,1,gmm_diag,4,36,0.9991031447339309,7.404109153361746,1,
strict_earliest_primary,strict_primary,SHARE,1,gmm_diag,4,37,0.9991677035229387,7.21328159786273,1,
strict_earliest_primary,strict_primary,SHARE,1,gmm_diag,4,38,0.99805128091276,7.556771197760957,1,
strict_earliest_primary,strict_primary,SHARE,1,gmm_diag,4,39,0.9627013969290859,3.816551109980281,1,
strict_earliest_primary,strict_primary,SHARE,1,gmm_diag,4,40,0.9630104810382573,4.236371732078112,1,
strict_earliest_primary,strict_primary,SHARE,1,gmm_diag,4,41,0.9988202531827635,7.474079257044718,1,
strict_earliest_primary,strict_primary,SHARE,1,gmm_diag,4,42,0.9965324642630153,6.761656383181731,1,
strict_earliest_primary,strict_primary,SHARE,1,gmm_diag,4,43,0.9626081814635772,3.504866102665225,1,
strict_earliest_primary,strict_primary,SHARE,1,gmm_diag,4,44,0.9631461814485992,3.8419947840468165,1,
strict_earliest_primary,strict_primary,SHARE,1,gmm_diag,4,45,0.3690766522285244,7.1115069015965915,1,
strict_earliest_primary,strict_primary,SHARE,1,gmm_diag,4,46,0.9633956568796095,4.210928058011577,1,
strict_earliest_primary,strict_primary,SHARE,1,gmm_diag,4,47,0.99858471497811,7.2005597608294645,1,
strict_earliest_primary,strict_primary,SHARE,1,gmm_diag,4,48,0.9985259734139049,7.0860632275300555,1,
strict_earliest_primary,strict_primary,SHARE,1,gmm_diag,4,49,0.9978688530375883,7.00973220533045,1,
strict_earliest_primary,strict_primary,SHARE,1,gmm_diag,4,50,0.9946779117557387,7.003371286813816,1,
strict_earliest_primary,strict_primary,SHARE,1,gmm_diag,4,51,0.9983454634117161,7.2896126200623375,1,
strict_earliest_primary,strict_primary,SHARE,1,gmm_diag,4,52,0.9630534557841472,4.312702754277717,1,
strict_earliest_primary,strict_primary,SHARE,1,gmm_diag,4,53,0.9630540906945732,4.268176324661281,1,
strict_earliest_primary,strict_primary,SHARE,1,gmm_diag,4,54,0.9638588542468208,4.338146428344253,1,
strict_earliest_primary,strict_primary,SHARE,1,gmm_diag,4,55,0.9633761633800675,3.2949557916163092,1,
strict_earliest_primary,strict_primary,SHARE,1,gmm_diag,4,56,0.9976909467995293,7.601297627377393,1,
strict_earliest_primary,strict_primary,SHARE,1,gmm_diag,4,57,0.3668469352384079,6.780739138731633,1,
strict_earliest_primary,strict_primary,SHARE,1,gmm_diag,4,58,0.9985251255321771,7.2896126200623375,1,
strict_earliest_primary,strict_primary,SHARE,1,gmm_diag,4,59,0.9985563802965356,7.334139049678774,1,
strict_earliest_primary,strict_primary,SHARE,1,gmm_diag,4,60,0.9641321044874522,4.2936199987278165,1,
strict_earliest_primary,strict_primary,SHARE,1,gmm_diag,4,61,0.9972774777003661,7.6267413014439285,1,
strict_earliest_primary,strict_primary,SHARE,1,gmm_diag,4,62,0.9986824255352243,7.149672412696393,1,
strict_earliest_primary,strict_primary,SHARE,1,gmm_diag,4,63,0.9975289400752531,6.990649449780547,1,
strict_earliest_primary,strict_primary,SHARE,1,gmm_diag,4,64,0.9644779476142779,4.331785509827619,1,
strict_earliest_primary,strict_primary,SHARE,1,gmm_diag,4,65,0.9978684268204392,7.544049360727689,1,
strict_earliest_primary,strict_primary,SHARE,1,gmm_diag,4,66,0.9980448800978404,7.060619553463521,1,
strict_earliest_primary,strict_primary,SHARE,1,gmm_diag,4,67,0.9627776276057967,4.478086635710197,1,
strict_earliest_primary,strict_primary,SHARE,1,gmm_diag,4,68,0.9643565039821179,4.427199287577126,1,
strict_earliest_primary,strict_primary,SHARE,1,gmm_diag,4,69,0.9643951597502868,4.350868265377521,1,
strict_earliest_primary,strict_primary,SHARE,1,gmm_diag,4,70,0.3680139890784924,6.850709242414604,1,
strict_earliest_primary,strict_primary,SHARE,1,gmm_diag,4,71,0.9986595732725859,7.391387316328478,1,
strict_earliest_primary,strict_primary,SHARE,1,gmm_diag,4,72,0.9991645870302887,7.21328159786273,1,
strict_earliest_primary,strict_primary,SHARE,1,gmm_diag,4,73,0.9638148690202689,4.516252146809999,1,
strict_earliest_primary,strict_primary,SHARE,1,gmm_diag,4,74,0.3681216926111009,6.888874753514407,1,
strict_earliest_primary,strict_primary,SHARE,1,gmm_diag,4,75,0.36929728915278726,7.00973220533045,1,
strict_earliest_primary,strict_primary,SHARE,1,gmm_diag,4,76,0.9630387937115762,3.7147764137141404,1,
strict_earliest_primary,strict_primary,SHARE,1,gmm_diag,4,77,0.9638450559963274,3.9755740728961264,1,
strict_earliest_primary,strict_primary,SHARE,1,gmm_diag,4,78,0.9926861648542739,7.168755168246295,1,
strict_earliest_primary,strict_primary,SHARE,1,gmm_diag,4,79,0.9980017801285491,7.454996501494817,1,
strict_earliest_primary,strict_primary,SHARE,1,gmm_diag,4,80,0.9636564153364099,4.160040709878507,1,
strict_earliest_primary,strict_primary,SHARE,1,gmm_diag,4,81,0.9972069044156131,7.690350486610266,1,
strict_earliest_primary,strict_primary,SHARE,1,gmm_diag,4,82,0.963574486450808,4.274537243177915,1,
strict_earliest_primary,strict_primary,SHARE,1,gmm_diag,4,83,0.9639170237856558,4.43356020609376,1,
strict_earliest_primary,strict_primary,SHARE,1,gmm_diag,4,84,0.9623078966309522,3.619362635964633,1,
strict_earliest_primary,strict_primary,SHARE,1,gmm_diag,4,85,0.9982869889093293,7.505883849627887,1,
strict_earliest_primary,strict_primary,SHARE,1,gmm_diag,4,86,0.9641555885780828,4.0900706061955345,1,
strict_earliest_primary,strict_primary,SHARE,1,gmm_diag,4,87,0.9634556833919073,4.948794605941098,1,
strict_earliest_primary,strict_primary,SHARE,1,gmm_diag,4,88,0.9979020103969146,7.130589657146492,1,
strict_earliest_primary,strict_primary,SHARE,1,gmm_diag,4,89,0.996020187725875,7.652184975510464,1,
strict_earliest_primary,strict_primary,SHARE,1,gmm_diag,4,90,0.9993445128069376,7.3786654792952096,1,
strict_earliest_primary,strict_primary,SHARE,1,gmm_diag,4,91,0.9984525121521316,7.206920679346098,1,
strict_earliest_primary,strict_primary,SHARE,1,gmm_diag,4,92,0.9970767613405784,6.9715666942306465,1,
strict_earliest_primary,strict_primary,SHARE,1,gmm_diag,4,93,0.9992983608666407,7.385026397811845,1,
strict_earliest_primary,strict_primary,SHARE,1,gmm_diag,4,94,0.9965600945619052,6.831626486864703,1,
strict_earliest_primary,strict_primary,SHARE,1,gmm_diag,4,95,0.9634586540890419,4.153679791361873,1,
strict_earliest_primary,strict_primary,SHARE,1,gmm_diag,4,96,0.3744487036295132,7.302334457095605,1,
strict_earliest_primary,strict_primary,SHARE,1,gmm_diag,4,97,0.9640328168031114,4.306341835761083,1,
strict_earliest_primary,strict_primary,SHARE,1,gmm_diag,4,98,0.9816465627667431,6.539024235099548,1,
strict_earliest_primary,strict_primary,SHARE,1,gmm_diag,4,99,0.999164586129135,7.2005597608294645,1,
strict_earliest_primary,strict_primary,SHARE,1,gmm_diag,4,100,0.9628948409507335,3.784746517397112,1,
strict_earliest_primary,strict_primary,SHARE,1,kmeans,4,1,0.9286297257684594,4.770688887475352,1,
strict_earliest_primary,strict_primary,SHARE,1,kmeans,4,2,0.9509446483106364,4.738884294892182,1,
strict_earliest_primary,strict_primary,SHARE,1,kmeans,4,3,0.9570198413494694,5.025125628140704,1,
strict_earliest_primary,strict_primary,SHARE,1,kmeans,4,4,0.9803726479364475,4.993321035557535,1,
strict_earliest_primary,strict_primary,SHARE,1,kmeans,4,5,0.9839474844388143,5.06965205775714,1,
strict_earliest_primary,strict_primary,SHARE,1,kmeans,4,6,0.9531746164908989,4.75160613192545,1,
strict_earliest_primary,strict_primary,SHARE,1,kmeans,4,7,0.9677082445509777,5.082373894790408,1,
strict_earliest_primary,strict_primary,SHARE,1,kmeans,4,8,0.9879829415935613,4.910629094841295,1,
strict_earliest_primary,strict_primary,SHARE,1,kmeans,4,9,0.9269507369277918,4.821576235608422,1,
strict_earliest_primary,strict_primary,SHARE,1,kmeans,4,10,0.964199162502307,4.859741746708225,1,
strict_earliest_primary,strict_primary,SHARE,1,kmeans,4,11,0.9868569059825182,5.006042872590802,1,
strict_earliest_primary,strict_primary,SHARE,1,kmeans,4,12,0.9911826793377333,4.910629094841295,1,
strict_earliest_primary,strict_primary,SHARE,1,kmeans,4,13,0.9739259950456437,5.241396857706253,1,
strict_earliest_primary,strict_primary,SHARE,1,kmeans,4,14,0.9531716745123323,4.827937154125056,1,
strict_earliest_primary,strict_primary,SHARE,1,kmeans,4,15,0.9305339245892248,4.993321035557535,1,
strict_earliest_primary,strict_primary,SHARE,1,kmeans,4,16,0.9901945080975465,5.082373894790408,1,
strict_earliest_primary,strict_primary,SHARE,1,kmeans,4,17,0.9871720188895753,5.107817568856943,1,
strict_earliest_primary,strict_primary,SHARE,1,kmeans,4,18,0.8901433634531346,4.821576235608422,1,
strict_earliest_primary,strict_primary,SHARE,1,kmeans,4,19,0.9446407141825925,4.929711850391196,1,
strict_earliest_primary,strict_primary,SHARE,1,kmeans,4,20,0.9886331353617749,5.101456650340309,1,
strict_earliest_primary,strict_primary,SHARE,1,kmeans,4,21,0.9908277596721992,5.031486546657337,1,
strict_earliest_primary,strict_primary,SHARE,1,kmeans,4,22,0.9536468721154786,5.006042872590802,1,
strict_earliest_primary,strict_primary,SHARE,1,kmeans,4,23,0.9688976056139194,5.025125628140704,1,
strict_earliest_primary,strict_primary,SHARE,1,kmeans,4,24,0.9580248852848754,5.088734813307042,1,
strict_earliest_primary,strict_primary,SHARE,1,kmeans,4,25,0.9754866216638228,5.050569302207239,1,
strict_earliest_primary,strict_primary,SHARE,1,kmeans,4,26,0.9681061160538069,5.082373894790408,1,
strict_earliest_primary,strict_primary,SHARE,1,kmeans,4,27,0.9440860001497282,4.478086635710197,1,
strict_earliest_primary,strict_primary,SHARE,1,kmeans,4,28,0.9519366193551537,4.910629094841295,1,
strict_earliest_primary,strict_primary,SHARE,1,kmeans,4,29,0.9801859875755001,5.025125628140704,1,
strict_earliest_primary,strict_primary,SHARE,1,kmeans,4,30,0.994993023620235,4.980599198524267,1,
strict_earliest_primary,strict_primary,SHARE,1,kmeans,4,31,0.9955626239306719,5.006042872590802,1,
strict_earliest_primary,strict_primary,SHARE,1,kmeans,4,32,0.9208961961333645,4.528973983843267,1,
strict_earliest_primary,strict_primary,SHARE,1,kmeans,4,33,0.9584865864453056,4.662553272692577,1,
strict_earliest_primary,strict_primary,SHARE,1,kmeans,4,34,0.9574774832840036,4.910629094841295,1,
strict_earliest_primary,strict_primary,SHARE,1,kmeans,4,35,0.9450496122196008,4.66891419120921,1,
strict_earliest_primary,strict_primary,SHARE,1,kmeans,4,36,0.9854038627764854,4.859741746708225,1,
strict_earliest_primary,strict_primary,SHARE,1,kmeans,4,37,0.9858157083472633,5.324088798422492,1,
strict_earliest_primary,strict_primary,SHARE,1,kmeans,4,38,0.9486726908522645,4.726162457858915,1,
strict_earliest_primary,strict_primary,SHARE,1,kmeans,4,39,0.9493676313836701,4.707079702309013,1,
strict_earliest_primary,strict_primary,SHARE,1,kmeans,4,40,0.992363561683063,4.897907257808027,1,
strict_earliest_primary,strict_primary,SHARE,1,kmeans,4,41,0.9918349867082745,4.942433687424464,1,
strict_earliest_primary,strict_primary,SHARE,1,kmeans,4,42,0.968127167875183,4.8788245022581265,1,
strict_earliest_primary,strict_primary,SHARE,1,kmeans,4,43,0.9551949691779305,5.145983079956746,1,
strict_earliest_primary,strict_primary,SHARE,1,kmeans,4,44,0.9767667587832155,5.330449716939126,1,
strict_earliest_primary,strict_primary,SHARE,1,kmeans,4,45,0.9623955164836538,4.859741746708225,1,
strict_earliest_primary,strict_primary,SHARE,1,kmeans,4,46,0.9917876626977842,4.9233509318745625,1,
strict_earliest_primary,strict_primary,SHARE,1,kmeans,4,47,0.9599283382668818,4.815215317091788,1,
strict_earliest_primary,strict_primary,SHARE,1,kmeans,4,48,0.9314662365833959,4.859741746708225,1,
strict_earliest_primary,strict_primary,SHARE,1,kmeans,4,49,0.9847281273812745,5.190509509573182,1,
strict_earliest_primary,strict_primary,SHARE,1,kmeans,4,50,0.9409623762366666,4.777049805991986,1,
strict_earliest_primary,strict_primary,SHARE,1,kmeans,4,51,0.9759527192879637,5.01876470962407,1,
strict_earliest_primary,strict_primary,SHARE,1,kmeans,4,52,0.9806486260174284,5.025125628140704,1,
strict_earliest_primary,strict_primary,SHARE,1,kmeans,4,53,0.9710767044046613,5.063291139240507,1,
strict_earliest_primary,strict_primary,SHARE,1,kmeans,4,54,0.9975952241231592,5.01876470962407,1,
strict_earliest_primary,strict_primary,SHARE,1,kmeans,4,55,0.9804990097552726,4.757967050442083,1,
strict_earliest_primary,strict_primary,SHARE,1,kmeans,4,56,0.9512648009521618,5.15234399847338,1,
strict_earliest_primary,strict_primary,SHARE,1,kmeans,4,57,0.9527558007161319,4.999681954074169,1,
strict_earliest_primary,strict_primary,SHARE,1,kmeans,4,58,0.9703277737981314,4.974238280007634,1,
strict_earliest_primary,strict_primary,SHARE,1,kmeans,4,59,0.9279712902075953,4.821576235608422,1,
strict_earliest_primary,strict_primary,SHARE,1,kmeans,4,60,0.9617407346994113,4.783410724508618,1,
strict_earliest_primary,strict_primary,SHARE,1,kmeans,4,61,0.9491723855201135,4.9678773614909995,1,
strict_earliest_primary,strict_primary,SHARE,1,kmeans,4,62,0.9914092624810742,5.006042872590802,1,
strict_earliest_primary,strict_primary,SHARE,1,kmeans,4,63,0.9934239774667691,4.904268176324661,1,
strict_earliest_primary,strict_primary,SHARE,1,kmeans,4,64,0.9659112701125963,4.866102665224858,1,
strict_earliest_primary,strict_primary,SHARE,1,kmeans,4,65,0.9525988017293486,4.866102665224858,1,
strict_earliest_primary,strict_primary,SHARE,1,kmeans,4,66,0.9535390290938218,5.20323134660645,1,
strict_earliest_primary,strict_primary,SHARE,1,kmeans,4,67,0.9927924881134733,5.095095731823675,1,
strict_earliest_primary,strict_primary,SHARE,1,kmeans,4,68,0.9880721559900074,4.961516442974365,1,
strict_earliest_primary,strict_primary,SHARE,1,kmeans,4,69,0.9786279858445858,4.980599198524267,1,
strict_earliest_primary,strict_primary,SHARE,1,kmeans,4,70,0.9815231915971758,5.25411869473952,1,
strict_earliest_primary,strict_primary,SHARE,1,kmeans,4,71,0.9821205395933249,5.107817568856943,1,
strict_earliest_primary,strict_primary,SHARE,1,kmeans,4,72,0.9750499165413004,4.808854398575154,1,
strict_earliest_primary,strict_primary,SHARE,1,kmeans,4,73,0.9895052085457052,5.006042872590802,1,
strict_earliest_primary,strict_primary,SHARE,1,kmeans,4,74,0.9715686215995675,5.158704916990013,1,
strict_earliest_primary,strict_primary,SHARE,1,kmeans,4,75,0.993000006577375,4.8788245022581265,1,
strict_earliest_primary,strict_primary,SHARE,1,kmeans,4,76,0.9937358944059127,4.777049805991986,1,
strict_earliest_primary,strict_primary,SHARE,1,kmeans,4,77,0.9696894812170845,5.12053940589021,1,
strict_earliest_primary,strict_primary,SHARE,1,kmeans,4,78,0.9973456017520379,5.06965205775714,1,
strict_earliest_primary,strict_primary,SHARE,1,kmeans,4,79,0.9539376224281754,4.853380828191591,1,
strict_earliest_primary,strict_primary,SHARE,1,kmeans,4,80,0.9688804800029561,5.139622161440112,1,
strict_earliest_primary,strict_primary,SHARE,1,kmeans,4,81,0.987054595044957,4.9869601170409,1,
strict_earliest_primary,strict_primary,SHARE,1,kmeans,4,82,0.9939088986203158,5.114178487373577,1,
strict_earliest_primary,strict_primary,SHARE,1,kmeans,4,83,0.9173311430076083,4.70071878379238,1,
strict_earliest_primary,strict_primary,SHARE,1,kmeans,4,84,0.9239158073798611,4.9233509318745625,1,
strict_earliest_primary,strict_primary,SHARE,1,kmeans,4,85,0.9496785659645487,5.222314102156352,1,
strict_earliest_primary,strict_primary,SHARE,1,kmeans,4,86,0.9819742893479583,5.15234399847338,1,
strict_earliest_primary,strict_primary,SHARE,1,kmeans,4,87,0.9554716719678178,4.897907257808027,1,
strict_earliest_primary,strict_primary,SHARE,1,kmeans,4,88,0.9957314433955405,5.037847465173971,1,
strict_earliest_primary,strict_primary,SHARE,1,kmeans,4,89,0.9840699636206756,5.133261242923478,1,
strict_earliest_primary,strict_primary,SHARE,1,kmeans,4,90,0.9250995747538875,4.509891228293365,1,
strict_earliest_primary,strict_primary,SHARE,1,kmeans,4,91,0.9770306356132902,5.260479613256154,1,
strict_earliest_primary,strict_primary,SHARE,1,kmeans,4,92,0.9774634309821558,5.158704916990013,1,
strict_earliest_primary,strict_primary,SHARE,1,kmeans,4,93,0.9604680806239116,5.025125628140704,1,
strict_earliest_primary,strict_primary,SHARE,1,kmeans,4,94,0.9346236590567496,4.9233509318745625,1,
strict_earliest_primary,strict_primary,SHARE,1,kmeans,4,95,0.954719196716856,4.910629094841295,1,
strict_earliest_primary,strict_primary,SHARE,1,kmeans,4,96,0.9559791452629568,4.808854398575154,1,
strict_earliest_primary,strict_primary,SHARE,1,kmeans,4,97,0.9930745685052544,4.866102665224858,1,
strict_earliest_primary,strict_primary,SHARE,1,kmeans,4,98,0.9786973459025674,4.993321035557535,1,
strict_earliest_primary,strict_primary,SHARE,1,kmeans,4,99,0.985436529985841,5.266840531772788,1,
strict_earliest_primary,strict_primary,SHARE,1,kmeans,4,100,0.9926244084842847,5.266840531772788,1,
strict_earliest_primary,strict_primary,SHARE,1,severity_quantile_k,4,1,0.9994911481000808,24.99840977037084,1,
strict_earliest_primary,strict_primary,SHARE,1,severity_quantile_k,4,2,0.9994911481000808,24.99840977037084,1,
strict_earliest_primary,strict_primary,SHARE,1,severity_quantile_k,4,3,0.9994911481000808,24.99840977037084,1,
strict_earliest_primary,strict_primary,SHARE,1,severity_quantile_k,4,4,0.9994911481000808,24.99840977037084,1,
strict_earliest_primary,strict_primary,SHARE,1,severity_quantile_k,4,5,0.9994911481000808,24.99840977037084,1,
strict_earliest_primary,strict_primary,SHARE,1,severity_quantile_k,4,6,0.9994911481000808,24.99840977037084,1,
strict_earliest_primary,strict_primary,SHARE,1,severity_quantile_k,4,7,0.9994911481000808,24.99840977037084,1,
strict_earliest_primary,strict_primary,SHARE,1,severity_quantile_k,4,8,0.9994911481000808,24.99840977037084,1,
strict_earliest_primary,strict_primary,SHARE,1,severity_quantile_k,4,9,0.9994911481000808,24.99840977037084,1,
strict_earliest_primary,strict_primary,SHARE,1,severity_quantile_k,4,10,0.9994911481000808,24.99840977037084,1,
strict_earliest_primary,strict_primary,SHARE,1,severity_quantile_k,4,11,0.9994911481000808,24.99840977037084,1,
strict_earliest_primary,strict_primary,SHARE,1,severity_quantile_k,4,12,0.9994911481000808,24.99840977037084,1,
strict_earliest_primary,strict_primary,SHARE,1,severity_quantile_k,4,13,0.9994911481000808,24.99840977037084,1,
strict_earliest_primary,strict_primary,SHARE,1,severity_quantile_k,4,14,0.9994911481000808,24.99840977037084,1,
strict_earliest_primary,strict_primary,SHARE,1,severity_quantile_k,4,15,0.9994911481000808,24.99840977037084,1,
strict_earliest_primary,strict_primary,SHARE,1,severity_quantile_k,4,16,0.9994911481000808,24.99840977037084,1,
strict_earliest_primary,strict_primary,SHARE,1,severity_quantile_k,4,17,0.9994911481000808,24.99840977037084,1,
strict_earliest_primary,strict_primary,SHARE,1,severity_quantile_k,4,18,0.9994911481000808,24.99840977037084,1,
strict_earliest_primary,strict_primary,SHARE,1,severity_quantile_k,4,19,0.9994911481000808,24.99840977037084,1,
strict_earliest_primary,strict_primary,SHARE,1,severity_quantile_k,4,20,0.9994911481000808,24.99840977037084,1,
strict_earliest_primary,strict_primary,SHARE,1,severity_quantile_k,4,21,0.9994911481000808,24.99840977037084,1,
strict_earliest_primary,strict_primary,SHARE,1,severity_quantile_k,4,22,0.9994911481000808,24.99840977037084,1,
strict_earliest_primary,strict_primary,SHARE,1,severity_quantile_k,4,23,0.9994911481000808,24.99840977037084,1,
strict_earliest_primary,strict_primary,SHARE,1,severity_quantile_k,4,24,0.9994911481000808,24.99840977037084,1,
strict_earliest_primary,strict_primary,SHARE,1,severity_quantile_k,4,25,0.9994911481000808,24.99840977037084,1,
strict_earliest_primary,strict_primary,SHARE,1,severity_quantile_k,4,26,0.9994911481000808,24.99840977037084,1,
strict_earliest_primary,strict_primary,SHARE,1,severity_quantile_k,4,27,0.9994911481000808,24.99840977037084,1,
strict_earliest_primary,strict_primary,SHARE,1,severity_quantile_k,4,28,0.9994911481000808,24.99840977037084,1,
strict_earliest_primary,strict_primary,SHARE,1,severity_quantile_k,4,29,0.9994911481000808,24.99840977037084,1,
strict_earliest_primary,strict_primary,SHARE,1,severity_quantile_k,4,30,0.9994911481000808,24.99840977037084,1,
strict_earliest_primary,strict_primary,SHARE,1,severity_quantile_k,4,31,0.9994911481000808,24.99840977037084,1,
strict_earliest_primary,strict_primary,SHARE,1,severity_quantile_k,4,32,0.9994911481000808,24.99840977037084,1,
strict_earliest_primary,strict_primary,SHARE,1,severity_quantile_k,4,33,0.9994911481000808,24.99840977037084,1,
strict_earliest_primary,strict_primary,SHARE,1,severity_quantile_k,4,34,0.9994911481000808,24.99840977037084,1,
strict_earliest_primary,strict_primary,SHARE,1,severity_quantile_k,4,35,0.9994911481000808,24.99840977037084,1,
strict_earliest_primary,strict_primary,SHARE,1,severity_quantile_k,4,36,0.9994911481000808,24.99840977037084,1,
strict_earliest_primary,strict_primary,SHARE,1,severity_quantile_k,4,37,0.9994911481000808,24.99840977037084,1,
strict_earliest_primary,strict_primary,SHARE,1,severity_quantile_k,4,38,0.9994911481000808,24.99840977037084,1,
strict_earliest_primary,strict_primary,SHARE,1,severity_quantile_k,4,39,0.9994911481000808,24.99840977037084,1,
strict_earliest_primary,strict_primary,SHARE,1,severity_quantile_k,4,40,0.9994911481000808,24.99840977037084,1,
strict_earliest_primary,strict_primary,SHARE,1,severity_quantile_k,4,41,0.9994911481000808,24.99840977037084,1,
strict_earliest_primary,strict_primary,SHARE,1,severity_quantile_k,4,42,0.9994911481000808,24.99840977037084,1,
strict_earliest_primary,strict_primary,SHARE,1,severity_quantile_k,4,43,0.9994911481000808,24.99840977037084,1,
strict_earliest_primary,strict_primary,SHARE,1,severity_quantile_k,4,44,0.9994911481000808,24.99840977037084,1,
strict_earliest_primary,strict_primary,SHARE,1,severity_quantile_k,4,45,0.9994911481000808,24.99840977037084,1,
strict_earliest_primary,strict_primary,SHARE,1,severity_quantile_k,4,46,0.9994911481000808,24.99840977037084,1,
strict_earliest_primary,strict_primary,SHARE,1,severity_quantile_k,4,47,0.9994911481000808,24.99840977037084,1,
strict_earliest_primary,strict_primary,SHARE,1,severity_quantile_k,4,48,0.9994911481000808,24.99840977037084,1,
strict_earliest_primary,strict_primary,SHARE,1,severity_quantile_k,4,49,0.9994911481000808,24.99840977037084,1,
strict_earliest_primary,strict_primary,SHARE,1,severity_quantile_k,4,50,0.9994911481000808,24.99840977037084,1,
strict_earliest_primary,strict_primary,SHARE,1,severity_quantile_k,4,51,0.9994911481000808,24.99840977037084,1,
strict_earliest_primary,strict_primary,SHARE,1,severity_quantile_k,4,52,0.9994911481000808,24.99840977037084,1,
strict_earliest_primary,strict_primary,SHARE,1,severity_quantile_k,4,53,0.9994911481000808,24.99840977037084,1,
strict_earliest_primary,strict_primary,SHARE,1,severity_quantile_k,4,54,0.9994911481000808,24.99840977037084,1,
strict_earliest_primary,strict_primary,SHARE,1,severity_quantile_k,4,55,0.9994911481000808,24.99840977037084,1,
strict_earliest_primary,strict_primary,SHARE,1,severity_quantile_k,4,56,0.9994911481000808,24.99840977037084,1,
strict_earliest_primary,strict_primary,SHARE,1,severity_quantile_k,4,57,0.9994911481000808,24.99840977037084,1,
strict_earliest_primary,strict_primary,SHARE,1,severity_quantile_k,4,58,0.9994911481000808,24.99840977037084,1,
strict_earliest_primary,strict_primary,SHARE,1,severity_quantile_k,4,59,0.9994911481000808,24.99840977037084,1,
strict_earliest_primary,strict_primary,SHARE,1,severity_quantile_k,4,60,0.9994911481000808,24.99840977037084,1,
strict_earliest_primary,strict_primary,SHARE,1,severity_quantile_k,4,61,0.9994911481000808,24.99840977037084,1,
strict_earliest_primary,strict_primary,SHARE,1,severity_quantile_k,4,62,0.9994911481000808,24.99840977037084,1,
strict_earliest_primary,strict_primary,SHARE,1,severity_quantile_k,4,63,0.9994911481000808,24.99840977037084,1,
strict_earliest_primary,strict_primary,SHARE,1,severity_quantile_k,4,64,0.9994911481000808,24.99840977037084,1,
strict_earliest_primary,strict_primary,SHARE,1,severity_quantile_k,4,65,0.9994911481000808,24.99840977037084,1,
strict_earliest_primary,strict_primary,SHARE,1,severity_quantile_k,4,66,0.9994911481000808,24.99840977037084,1,
strict_earliest_primary,strict_primary,SHARE,1,severity_quantile_k,4,67,0.9994911481000808,24.99840977037084,1,
strict_earliest_primary,strict_primary,SHARE,1,severity_quantile_k,4,68,0.9994911481000808,24.99840977037084,1,
strict_earliest_primary,strict_primary,SHARE,1,severity_quantile_k,4,69,0.9994911481000808,24.99840977037084,1,
strict_earliest_primary,strict_primary,SHARE,1,severity_quantile_k,4,70,0.9994911481000808,24.99840977037084,1,
strict_earliest_primary,strict_primary,SHARE,1,severity_quantile_k,4,71,0.9994911481000808,24.99840977037084,1,
strict_earliest_primary,strict_primary,SHARE,1,severity_quantile_k,4,72,0.9994911481000808,24.99840977037084,1,
strict_earliest_primary,strict_primary,SHARE,1,severity_quantile_k,4,73,0.9994911481000808,24.99840977037084,1,
strict_earliest_primary,strict_primary,SHARE,1,severity_quantile_k,4,74,0.9994911481000808,24.99840977037084,1,
strict_earliest_primary,strict_primary,SHARE,1,severity_quantile_k,4,75,0.9994911481000808,24.99840977037084,1,
strict_earliest_primary,strict_primary,SHARE,1,severity_quantile_k,4,76,0.9994911481000808,24.99840977037084,1,
strict_earliest_primary,strict_primary,SHARE,1,severity_quantile_k,4,77,0.9994911481000808,24.99840977037084,1,
strict_earliest_primary,strict_primary,SHARE,1,severity_quantile_k,4,78,0.9994911481000808,24.99840977037084,1,
strict_earliest_primary,strict_primary,SHARE,1,severity_quantile_k,4,79,0.9994911481000808,24.99840977037084,1,
strict_earliest_primary,strict_primary,SHARE,1,severity_quantile_k,4,80,0.9994911481000808,24.99840977037084,1,
strict_earliest_primary,strict_primary,SHARE,1,severity_quantile_k,4,81,0.9994911481000808,24.99840977037084,1,
strict_earliest_primary,strict_primary,SHARE,1,severity_quantile_k,4,82,0.9994911481000808,24.99840977037084,1,
strict_earliest_primary,strict_primary,SHARE,1,severity_quantile_k,4,83,0.9994911481000808,24.99840977037084,1,
strict_earliest_primary,strict_primary,SHARE,1,severity_quantile_k,4,84,0.9994911481000808,24.99840977037084,1,
strict_earliest_primary,strict_primary,SHARE,1,severity_quantile_k,4,85,0.9994911481000808,24.99840977037084,1,
strict_earliest_primary,strict_primary,SHARE,1,severity_quantile_k,4,86,0.9994911481000808,24.99840977037084,1,
strict_earliest_primary,strict_primary,SHARE,1,severity_quantile_k,4,87,0.9994911481000808,24.99840977037084,1,
strict_earliest_primary,strict_primary,SHARE,1,severity_quantile_k,4,88,0.9994911481000808,24.99840977037084,1,
strict_earliest_primary,strict_primary,SHARE,1,severity_quantile_k,4,89,0.9994911481000808,24.99840977037084,1,
strict_earliest_primary,strict_primary,SHARE,1,severity_quantile_k,4,90,0.9994911481000808,24.99840977037084,1,
strict_earliest_primary,strict_primary,SHARE,1,severity_quantile_k,4,91,0.9994911481000808,24.99840977037084,1,
strict_earliest_primary,strict_primary,SHARE,1,severity_quantile_k,4,92,0.9994911481000808,24.99840977037084,1,
strict_earliest_primary,strict_primary,SHARE,1,severity_quantile_k,4,93,0.9994911481000808,24.99840977037084,1,
strict_earliest_primary,strict_primary,SHARE,1,severity_quantile_k,4,94,0.9994911481000808,24.99840977037084,1,
strict_earliest_primary,strict_primary,SHARE,1,severity_quantile_k,4,95,0.9994911481000808,24.99840977037084,1,
strict_earliest_primary,strict_primary,SHARE,1,severity_quantile_k,4,96,0.9994911481000808,24.99840977037084,1,
strict_earliest_primary,strict_primary,SHARE,1,severity_quantile_k,4,97,0.9994911481000808,24.99840977037084,1,
strict_earliest_primary,strict_primary,SHARE,1,severity_quantile_k,4,98,0.9994911481000808,24.99840977037084,1,
strict_earliest_primary,strict_primary,SHARE,1,severity_quantile_k,4,99,0.9994911481000808,24.99840977037084,1,
strict_earliest_primary,strict_primary,SHARE,1,severity_quantile_k,4,100,0.9994911481000808,24.99840977037084,1,
